solid OpenSCAD_Model
  facet normal -0 0 1
    outer loop
      vertex 44.1573 9.22215 -1.946
      vertex 44.143 9.12661 -1.946
      vertex 44.2607 9.38542 -1.946
    endloop
  endfacet
  facet normal 0 0 1
    outer loop
      vertex 44.1573 9.22215 -1.946
      vertex 44.1396 9.11981 -1.946
      vertex 44.143 9.12661 -1.946
    endloop
  endfacet
  facet normal 0 0 1
    outer loop
      vertex 44.016 9.0215 -1.946
      vertex 44.1396 9.11981 -1.946
      vertex 44.1573 9.22215 -1.946
    endloop
  endfacet
  facet normal -0 0 1
    outer loop
      vertex 44.016 9.0215 -1.946
      vertex 43.9565 8.74838 -1.946
      vertex 44.1396 9.11981 -1.946
    endloop
  endfacet
  facet normal -0 0 1
    outer loop
      vertex 43.865 8.82803 -1.946
      vertex 43.9565 8.74838 -1.946
      vertex 44.016 9.0215 -1.946
    endloop
  endfacet
  facet normal 0 0 1
    outer loop
      vertex 43.9565 8.74838 -1.946
      vertex 43.865 8.82803 -1.946
      vertex 43.8836 8.60052 -1.946
    endloop
  endfacet
  facet normal -0 0 1
    outer loop
      vertex 43.7047 8.64221 -1.946
      vertex 43.8836 8.60052 -1.946
      vertex 43.865 8.82803 -1.946
    endloop
  endfacet
  facet normal 0 0 1
    outer loop
      vertex 43.8836 8.60052 -1.946
      vertex 43.7047 8.64221 -1.946
      vertex 43.8728 8.58442 -1.946
    endloop
  endfacet
  facet normal 0 0 1
    outer loop
      vertex 43.5355 8.46447 -1.946
      vertex 43.8728 8.58442 -1.946
      vertex 43.7047 8.64221 -1.946
    endloop
  endfacet
  facet normal 0 0 1
    outer loop
      vertex 43.8728 8.58442 -1.946
      vertex 43.5355 8.46447 -1.946
      vertex 43.5577 8.1128 -1.946
    endloop
  endfacet
  facet normal -0 0 1
    outer loop
      vertex 43.3578 8.29525 -1.946
      vertex 43.5577 8.1128 -1.946
      vertex 43.5355 8.46447 -1.946
    endloop
  endfacet
  facet normal 0 0 1
    outer loop
      vertex 43.5577 8.1128 -1.946
      vertex 43.3578 8.29525 -1.946
      vertex 43.5451 8.09505 -1.946
    endloop
  endfacet
  facet normal -0 0 1
    outer loop
      vertex 43.1719 8.13495 -1.946
      vertex 43.5451 8.09505 -1.946
      vertex 43.3578 8.29525 -1.946
    endloop
  endfacet
  facet normal 0 0 1
    outer loop
      vertex 43.5451 8.09505 -1.946
      vertex 43.1719 8.13495 -1.946
      vertex 43.2982 7.74546 -1.946
    endloop
  endfacet
  facet normal -0 0 1
    outer loop
      vertex 42.9785 7.98396 -1.946
      vertex 43.2982 7.74546 -1.946
      vertex 43.1719 8.13495 -1.946
    endloop
  endfacet
  facet normal 0 0 1
    outer loop
      vertex 43.2982 7.74546 -1.946
      vertex 42.9785 7.98396 -1.946
      vertex 43.2776 7.72204 -1.946
    endloop
  endfacet
  facet normal -0 0 1
    outer loop
      vertex 42.7778 7.84265 -1.946
      vertex 43.2776 7.72204 -1.946
      vertex 42.9785 7.98396 -1.946
    endloop
  endfacet
  facet normal 0 0 1
    outer loop
      vertex 43.2776 7.72204 -1.946
      vertex 42.7778 7.84265 -1.946
      vertex 42.9397 7.33661 -1.946
    endloop
  endfacet
  facet normal -0 0 1
    outer loop
      vertex 42.5705 7.71136 -1.946
      vertex 42.9397 7.33661 -1.946
      vertex 42.7778 7.84265 -1.946
    endloop
  endfacet
  facet normal 0 0 1
    outer loop
      vertex 42.9397 7.33661 -1.946
      vertex 42.5705 7.71136 -1.946
      vertex 42.9151 7.31508 -1.946
    endloop
  endfacet
  facet normal -0 0 1
    outer loop
      vertex 42.357 7.59039 -1.946
      vertex 42.9151 7.31508 -1.946
      vertex 42.5705 7.71136 -1.946
    endloop
  endfacet
  facet normal 0 0 1
    outer loop
      vertex 42.9151 7.31508 -1.946
      vertex 42.357 7.59039 -1.946
      vertex 42.5308 6.97805 -1.946
    endloop
  endfacet
  facet normal -0 0 1
    outer loop
      vertex 42.1377 7.48005 -1.946
      vertex 42.5308 6.97805 -1.946
      vertex 42.357 7.59039 -1.946
    endloop
  endfacet
  facet normal 0 0 1
    outer loop
      vertex 42.5308 6.97805 -1.946
      vertex 42.1377 7.48005 -1.946
      vertex 42.5197 6.96878 -1.946
    endloop
  endfacet
  facet normal 0 0 1
    outer loop
      vertex 42.5197 6.96878 -1.946
      vertex 42.1377 7.48005 -1.946
      vertex 42.4945 6.94758 -1.946
    endloop
  endfacet
  facet normal 0 0 1
    outer loop
      vertex 42.4945 6.94758 -1.946
      vertex 42.1377 7.48005 -1.946
      vertex 42.2923 6.77823 -1.946
    endloop
  endfacet
  facet normal -0 0 1
    outer loop
      vertex 41.9134 7.3806 -1.946
      vertex 42.2923 6.77823 -1.946
      vertex 42.1377 7.48005 -1.946
    endloop
  endfacet
  facet normal 0 0 1
    outer loop
      vertex 42.2923 6.77823 -1.946
      vertex 41.9134 7.3806 -1.946
      vertex 42.2885 6.77505 -1.946
    endloop
  endfacet
  facet normal -0 0 1
    outer loop
      vertex 41.6844 7.29228 -1.946
      vertex 42.2885 6.77505 -1.946
      vertex 41.9134 7.3806 -1.946
    endloop
  endfacet
  facet normal 0 0 1
    outer loop
      vertex 42.2885 6.77505 -1.946
      vertex 41.6844 7.29228 -1.946
      vertex 41.8796 6.50186 -1.946
    endloop
  endfacet
  facet normal -0 0 1
    outer loop
      vertex 41.4514 7.2153 -1.946
      vertex 41.8796 6.50186 -1.946
      vertex 41.6844 7.29228 -1.946
    endloop
  endfacet
  facet normal 0 0 1
    outer loop
      vertex 41.8796 6.50186 -1.946
      vertex 41.4514 7.2153 -1.946
      vertex 41.8504 6.48745 -1.946
    endloop
  endfacet
  facet normal 0 0 1
    outer loop
      vertex 41.4514 7.2153 -1.946
      vertex 41.4386 6.28437 -1.946
      vertex 41.8504 6.48745 -1.946
    endloop
  endfacet
  facet normal -0 0 1
    outer loop
      vertex 41.2149 7.14984 -1.946
      vertex 41.4386 6.28437 -1.946
      vertex 41.4514 7.2153 -1.946
    endloop
  endfacet
  facet normal 0 0 1
    outer loop
      vertex 41.4386 6.28437 -1.946
      vertex 41.2149 7.14984 -1.946
      vertex 41.407 6.27365 -1.946
    endloop
  endfacet
  facet normal -0 0 1
    outer loop
      vertex 40.9754 7.09607 -1.946
      vertex 41.407 6.27365 -1.946
      vertex 41.2149 7.14984 -1.946
    endloop
  endfacet
  facet normal 0 0 1
    outer loop
      vertex 40.9754 7.09607 -1.946
      vertex 40.973 6.12631 -1.946
      vertex 41.407 6.27365 -1.946
    endloop
  endfacet
  facet normal -0 0 1
    outer loop
      vertex 40.7336 7.05412 -1.946
      vertex 40.973 6.12631 -1.946
      vertex 40.9754 7.09607 -1.946
    endloop
  endfacet
  facet normal 0 0 1
    outer loop
      vertex 40.973 6.12631 -1.946
      vertex 40.7336 7.05412 -1.946
      vertex 40.9398 6.1197 -1.946
    endloop
  endfacet
  facet normal -0 0 1
    outer loop
      vertex 40.4901 7.02408 -1.946
      vertex 40.9398 6.1197 -1.946
      vertex 40.7336 7.05412 -1.946
    endloop
  endfacet
  facet normal 0 0 1
    outer loop
      vertex 40.9398 6.1197 -1.946
      vertex 40.4901 7.02408 -1.946
      vertex 40.4907 6.03038 -1.946
    endloop
  endfacet
  facet normal 0 0 1
    outer loop
      vertex 40.4901 7.02408 -1.946
      vertex 40.4567 6.02815 -1.946
      vertex 40.4907 6.03038 -1.946
    endloop
  endfacet
  facet normal -0 0 1
    outer loop
      vertex 40.2453 7.00602 -1.946
      vertex 40.4567 6.02815 -1.946
      vertex 40.4901 7.02408 -1.946
    endloop
  endfacet
  facet normal 0 0 1
    outer loop
      vertex 40 5.99822 -1.946
      vertex 40.2453 7.00602 -1.946
      vertex 40 7 -1.946
    endloop
  endfacet
  facet normal 0 0 1
    outer loop
      vertex 40.2453 7.00602 -1.946
      vertex 40 5.99822 -1.946
      vertex 40.4567 6.02815 -1.946
    endloop
  endfacet
  facet normal 0 0 1
    outer loop
      vertex 39.7546 7.00602 -1.946
      vertex 40 5.99822 -1.946
      vertex 40 7 -1.946
    endloop
  endfacet
  facet normal 0 0 1
    outer loop
      vertex 39.7546 7.00602 -1.946
      vertex 39.5432 6.02815 -1.946
      vertex 40 5.99822 -1.946
    endloop
  endfacet
  facet normal 0 0 1
    outer loop
      vertex 39.5099 7.02408 -1.946
      vertex 39.5432 6.02815 -1.946
      vertex 39.7546 7.00602 -1.946
    endloop
  endfacet
  facet normal 0 0 1
    outer loop
      vertex 39.5099 7.02408 -1.946
      vertex 39.5093 6.03038 -1.946
      vertex 39.5432 6.02815 -1.946
    endloop
  endfacet
  facet normal 0 0 1
    outer loop
      vertex 39.0602 6.1197 -1.946
      vertex 39.5099 7.02408 -1.946
      vertex 39.2663 7.05412 -1.946
    endloop
  endfacet
  facet normal 0 0 1
    outer loop
      vertex 39.5099 7.02408 -1.946
      vertex 39.0602 6.1197 -1.946
      vertex 39.5093 6.03038 -1.946
    endloop
  endfacet
  facet normal 0 0 1
    outer loop
      vertex 39.2663 7.05412 -1.946
      vertex 39.027 6.12631 -1.946
      vertex 39.0602 6.1197 -1.946
    endloop
  endfacet
  facet normal 0 0 1
    outer loop
      vertex 39.0245 7.09607 -1.946
      vertex 39.027 6.12631 -1.946
      vertex 39.2663 7.05412 -1.946
    endloop
  endfacet
  facet normal 0 0 1
    outer loop
      vertex 38.593 6.27365 -1.946
      vertex 39.0245 7.09607 -1.946
      vertex 38.7851 7.14984 -1.946
    endloop
  endfacet
  facet normal 0 0 1
    outer loop
      vertex 39.0245 7.09607 -1.946
      vertex 38.593 6.27365 -1.946
      vertex 39.027 6.12631 -1.946
    endloop
  endfacet
  facet normal 0 0 1
    outer loop
      vertex 38.7851 7.14984 -1.946
      vertex 38.5614 6.28437 -1.946
      vertex 38.593 6.27365 -1.946
    endloop
  endfacet
  facet normal 0 0 1
    outer loop
      vertex 38.5485 7.2153 -1.946
      vertex 38.5614 6.28437 -1.946
      vertex 38.7851 7.14984 -1.946
    endloop
  endfacet
  facet normal 0 0 1
    outer loop
      vertex 38.1204 6.50186 -1.946
      vertex 38.5485 7.2153 -1.946
      vertex 38.3155 7.29228 -1.946
    endloop
  endfacet
  facet normal 0 0 1
    outer loop
      vertex 38.5485 7.2153 -1.946
      vertex 38.1496 6.48745 -1.946
      vertex 38.5614 6.28437 -1.946
    endloop
  endfacet
  facet normal 0 0 1
    outer loop
      vertex 38.5485 7.2153 -1.946
      vertex 38.1204 6.50186 -1.946
      vertex 38.1496 6.48745 -1.946
    endloop
  endfacet
  facet normal 0 0 1
    outer loop
      vertex 37.7115 6.77505 -1.946
      vertex 38.3155 7.29228 -1.946
      vertex 38.0865 7.3806 -1.946
    endloop
  endfacet
  facet normal 0 0 1
    outer loop
      vertex 37.7115 6.77505 -1.946
      vertex 38.0865 7.3806 -1.946
      vertex 37.8622 7.48005 -1.946
    endloop
  endfacet
  facet normal 0 0 1
    outer loop
      vertex 38.3155 7.29228 -1.946
      vertex 37.7115 6.77505 -1.946
      vertex 38.1204 6.50186 -1.946
    endloop
  endfacet
  facet normal 0 0 1
    outer loop
      vertex 37.4692 6.97805 -1.946
      vertex 37.8622 7.48005 -1.946
      vertex 37.643 7.59039 -1.946
    endloop
  endfacet
  facet normal 0 0 1
    outer loop
      vertex 37.8622 7.48005 -1.946
      vertex 37.5094 6.94432 -1.946
      vertex 37.7115 6.77505 -1.946
    endloop
  endfacet
  facet normal 0 0 1
    outer loop
      vertex 37.8622 7.48005 -1.946
      vertex 37.5055 6.94758 -1.946
      vertex 37.5094 6.94432 -1.946
    endloop
  endfacet
  facet normal 0 0 1
    outer loop
      vertex 37.8622 7.48005 -1.946
      vertex 37.4802 6.96878 -1.946
      vertex 37.5055 6.94758 -1.946
    endloop
  endfacet
  facet normal 0 0 1
    outer loop
      vertex 37.8622 7.48005 -1.946
      vertex 37.4692 6.97805 -1.946
      vertex 37.4802 6.96878 -1.946
    endloop
  endfacet
  facet normal 0 0 1
    outer loop
      vertex 37.0848 7.31508 -1.946
      vertex 37.643 7.59039 -1.946
      vertex 37.4295 7.71136 -1.946
    endloop
  endfacet
  facet normal 0 0 1
    outer loop
      vertex 37.0408 7.35886 -1.946
      vertex 37.4295 7.71136 -1.946
      vertex 37.2221 7.84265 -1.946
    endloop
  endfacet
  facet normal 0 0 1
    outer loop
      vertex 37.643 7.59039 -1.946
      vertex 37.0848 7.31508 -1.946
      vertex 37.4692 6.97805 -1.946
    endloop
  endfacet
  facet normal 0 0 1
    outer loop
      vertex 37.4295 7.71136 -1.946
      vertex 37.0408 7.35886 -1.946
      vertex 37.0848 7.31508 -1.946
    endloop
  endfacet
  facet normal 0 0 1
    outer loop
      vertex 37.0848 7.31508 -1.946
      vertex 37.0408 7.35886 -1.946
      vertex 37.0603 7.33661 -1.946
    endloop
  endfacet
  facet normal 0 0 1
    outer loop
      vertex 36.7018 7.74546 -1.946
      vertex 37.2221 7.84265 -1.946
      vertex 37.0215 7.98396 -1.946
    endloop
  endfacet
  facet normal 0 0 1
    outer loop
      vertex 36.7018 7.74546 -1.946
      vertex 37.0215 7.98396 -1.946
      vertex 36.828 8.13495 -1.946
    endloop
  endfacet
  facet normal 0 0 1
    outer loop
      vertex 37.2221 7.84265 -1.946
      vertex 36.7018 7.74546 -1.946
      vertex 37.0408 7.35886 -1.946
    endloop
  endfacet
  facet normal 0 0 1
    outer loop
      vertex 36.4548 8.09505 -1.946
      vertex 36.828 8.13495 -1.946
      vertex 36.6422 8.29525 -1.946
    endloop
  endfacet
  facet normal 0 0 1
    outer loop
      vertex 36.4423 8.1128 -1.946
      vertex 36.6422 8.29525 -1.946
      vertex 36.4644 8.46447 -1.946
    endloop
  endfacet
  facet normal 0 0 1
    outer loop
      vertex 36.828 8.13495 -1.946
      vertex 36.4548 8.09505 -1.946
      vertex 36.7018 7.74546 -1.946
    endloop
  endfacet
  facet normal 0 0 1
    outer loop
      vertex 36.6422 8.29525 -1.946
      vertex 36.4423 8.1128 -1.946
      vertex 36.4548 8.09505 -1.946
    endloop
  endfacet
  facet normal -0 0 1
    outer loop
      vertex 36.1271 8.58442 -1.946
      vertex 36.4644 8.46447 -1.946
      vertex 36.2952 8.64221 -1.946
    endloop
  endfacet
  facet normal 0 0 1
    outer loop
      vertex 36.1164 8.60052 -1.946
      vertex 36.2952 8.64221 -1.946
      vertex 36.1349 8.82803 -1.946
    endloop
  endfacet
  facet normal 0 0 1
    outer loop
      vertex 36.4644 8.46447 -1.946
      vertex 36.1271 8.58442 -1.946
      vertex 36.4423 8.1128 -1.946
    endloop
  endfacet
  facet normal 0 0 1
    outer loop
      vertex 36.2952 8.64221 -1.946
      vertex 36.1164 8.60052 -1.946
      vertex 36.1271 8.58442 -1.946
    endloop
  endfacet
  facet normal 0 0 1
    outer loop
      vertex 36.1349 8.82803 -1.946
      vertex 36.0435 8.74838 -1.946
      vertex 36.1164 8.60052 -1.946
    endloop
  endfacet
  facet normal 0 0 1
    outer loop
      vertex 35.9839 9.0215 -1.946
      vertex 36.0435 8.74838 -1.946
      vertex 36.1349 8.82803 -1.946
    endloop
  endfacet
  facet normal 0 0 1
    outer loop
      vertex 35.9839 9.0215 -1.946
      vertex 35.8603 9.11981 -1.946
      vertex 36.0435 8.74838 -1.946
    endloop
  endfacet
  facet normal 0 0 1
    outer loop
      vertex 35.8426 9.22215 -1.946
      vertex 35.8603 9.11981 -1.946
      vertex 35.9839 9.0215 -1.946
    endloop
  endfacet
  facet normal 0 0 1
    outer loop
      vertex 35.8603 9.11981 -1.946
      vertex 35.8426 9.22215 -1.946
      vertex 35.857 9.12661 -1.946
    endloop
  endfacet
  facet normal 0 0 1
    outer loop
      vertex 35.857 9.12661 -1.946
      vertex 35.8426 9.22215 -1.946
      vertex 35.7392 9.38542 -1.946
    endloop
  endfacet
  facet normal -0.870168 0.492755 0
    outer loop
      vertex 35.5904 14.357 -1.5001
      vertex 35.7113 14.5705 -9.91821e-05
      vertex 35.7113 14.5705 -1.5001
    endloop
  endfacet
  facet normal -0.870168 0.492755 0
    outer loop
      vertex 35.7113 14.5705 -9.91821e-05
      vertex 35.5904 14.357 -1.5001
      vertex 35.5904 14.357 -9.91821e-05
    endloop
  endfacet
  facet normal 0.844917 0.534897 0
    outer loop
      vertex 44.2886 14.5705 -9.91821e-05
      vertex 44.1573 14.7779 -1.5001
      vertex 44.1573 14.7779 -9.91821e-05
    endloop
  endfacet
  facet normal 0.844917 0.534897 0
    outer loop
      vertex 44.1573 14.7779 -1.5001
      vertex 44.2886 14.5705 -9.91821e-05
      vertex 44.2886 14.5705 -1.5001
    endloop
  endfacet
  facet normal -0.757188 -0.653198 0
    outer loop
      vertex 36.2952 8.64221 -1.946
      vertex 36.1349 8.82803 -1.6907
      vertex 36.1349 8.82803 -1.946
    endloop
  endfacet
  facet normal -0.757188 -0.653198 0
    outer loop
      vertex 36.1349 8.82803 -1.6907
      vertex 36.2952 8.64221 -1.946
      vertex 36.2952 8.64221 -1.6367
    endloop
  endfacet
  facet normal -0.757188 -0.653198 0
    outer loop
      vertex 36.2952 8.64221 -1.5001
      vertex 36.1349 8.82803 -9.91821e-05
      vertex 36.1349 8.82803 -1.5001
    endloop
  endfacet
  facet normal -0.757188 -0.653198 0
    outer loop
      vertex 36.1349 8.82803 -9.91821e-05
      vertex 36.2952 8.64221 -1.5001
      vertex 36.2952 8.64221 -9.91821e-05
    endloop
  endfacet
  facet normal 0.788364 0.615209 0
    outer loop
      vertex 44.016 14.9785 -9.91821e-05
      vertex 43.865 15.172 -1.5001
      vertex 43.865 15.172 -9.91821e-05
    endloop
  endfacet
  facet normal 0.788364 0.615209 0
    outer loop
      vertex 43.865 15.172 -1.5001
      vertex 44.016 14.9785 -9.91821e-05
      vertex 44.016 14.9785 -1.5001
    endloop
  endfacet
  facet normal -0.816568 -0.57725 0
    outer loop
      vertex 35.857 9.20178 -1.8708
      vertex 35.8426 9.22215 -1.882
      vertex 35.8426 9.22215 -1.946
    endloop
  endfacet
  facet normal -0.817338 -0.576158 0.000443318
    outer loop
      vertex 35.8581 9.20022 -1.8702
      vertex 35.857 9.20178 -1.8708
      vertex 35.8426 9.22215 -1.946
    endloop
  endfacet
  facet normal -0.817611 -0.575771 0.000611007
    outer loop
      vertex 35.9839 9.0215 -1.946
      vertex 35.8581 9.20022 -1.8702
      vertex 35.8426 9.22215 -1.946
    endloop
  endfacet
  facet normal -0.817733 -0.575598 0
    outer loop
      vertex 35.9839 9.0215 -1.946
      vertex 35.9839 9.0215 -1.7936
      vertex 35.8581 9.20022 -1.8702
    endloop
  endfacet
  facet normal -0.817611 -0.575771 0
    outer loop
      vertex 35.9839 9.0215 -1.5001
      vertex 35.8426 9.22215 -9.91821e-05
      vertex 35.8426 9.22215 -1.5001
    endloop
  endfacet
  facet normal -0.817611 -0.575771 0
    outer loop
      vertex 35.8426 9.22215 -9.91821e-05
      vertex 35.9839 9.0215 -1.5001
      vertex 35.9839 9.0215 -9.91821e-05
    endloop
  endfacet
  facet normal -0.12239 -0.992482 0
    outer loop
      vertex 39.2663 7.05412 -1.946
      vertex 39.5099 7.02408 -9.91821e-05
      vertex 39.2663 7.05412 -9.91821e-05
    endloop
  endfacet
  facet normal -0.12239 -0.992482 -0
    outer loop
      vertex 39.5099 7.02408 -9.91821e-05
      vertex 39.2663 7.05412 -1.946
      vertex 39.5099 7.02408 -1.946
    endloop
  endfacet
  facet normal -0.985316 -0.170739 0
    outer loop
      vertex 35.096 11.0245 -1.5001
      vertex 35.0541 11.2663 -9.91821e-05
      vertex 35.0541 11.2663 -1.5001
    endloop
  endfacet
  facet normal -0.985316 -0.170739 0
    outer loop
      vertex 35.0541 11.2663 -9.91821e-05
      vertex 35.096 11.0245 -1.5001
      vertex 35.096 11.0245 -9.91821e-05
    endloop
  endfacet
  facet normal -0.999701 -0.0244525 0
    outer loop
      vertex 35.006 11.7547 -1.5001
      vertex 35 12 -9.91821e-05
      vertex 35 12 -1.5001
    endloop
  endfacet
  facet normal -0.999701 -0.0244525 0
    outer loop
      vertex 35 12 -9.91821e-05
      vertex 35.006 11.7547 -1.5001
      vertex 35.006 11.7547 -9.91821e-05
    endloop
  endfacet
  facet normal 0.985316 0.170739 0
    outer loop
      vertex 44.9458 12.7337 -9.91821e-05
      vertex 44.9039 12.9755 -1.5001
      vertex 44.9039 12.9755 -9.91821e-05
    endloop
  endfacet
  facet normal 0.985316 0.170739 0
    outer loop
      vertex 44.9039 12.9755 -1.5001
      vertex 44.9458 12.7337 -9.91821e-05
      vertex 44.9458 12.7337 -1.5001
    endloop
  endfacet
  facet normal -0.999701 0.0244525 0
    outer loop
      vertex 35 12 -1.5001
      vertex 35.006 12.2453 -9.91821e-05
      vertex 35.006 12.2453 -1.5001
    endloop
  endfacet
  facet normal -0.999701 0.0244525 0
    outer loop
      vertex 35.006 12.2453 -9.91821e-05
      vertex 35 12 -1.5001
      vertex 35 12 -9.91821e-05
    endloop
  endfacet
  facet normal -0.534897 0.844917 0
    outer loop
      vertex 37.4295 16.2886 -1.5001
      vertex 37.2221 16.1573 -9.91821e-05
      vertex 37.4295 16.2886 -9.91821e-05
    endloop
  endfacet
  facet normal -0.534897 0.844917 0
    outer loop
      vertex 37.2221 16.1573 -9.91821e-05
      vertex 37.4295 16.2886 -1.5001
      vertex 37.2221 16.1573 -1.5001
    endloop
  endfacet
  facet normal -0.653238 0.757153 0
    outer loop
      vertex 36.828 15.8651 -1.5001
      vertex 36.6422 15.7048 -9.91821e-05
      vertex 36.828 15.8651 -9.91821e-05
    endloop
  endfacet
  facet normal -0.653238 0.757153 0
    outer loop
      vertex 36.6422 15.7048 -9.91821e-05
      vertex 36.828 15.8651 -1.5001
      vertex 36.6422 15.7048 -1.5001
    endloop
  endfacet
  facet normal 0.689787 0.724012 -0
    outer loop
      vertex 43.5355 15.5355 -1.5001
      vertex 43.3578 15.7048 -9.91821e-05
      vertex 43.5355 15.5355 -9.91821e-05
    endloop
  endfacet
  facet normal 0.689787 0.724012 0
    outer loop
      vertex 43.3578 15.7048 -9.91821e-05
      vertex 43.5355 15.5355 -1.5001
      vertex 43.3578 15.7048 -1.5001
    endloop
  endfacet
  facet normal -0.992452 -0.122631 0
    outer loop
      vertex 35.0541 11.2663 -1.5001
      vertex 35.024 11.5099 -9.91821e-05
      vertex 35.024 11.5099 -1.5001
    endloop
  endfacet
  facet normal -0.992452 -0.122631 0
    outer loop
      vertex 35.024 11.5099 -9.91821e-05
      vertex 35.0541 11.2663 -1.5001
      vertex 35.0541 11.2663 -9.91821e-05
    endloop
  endfacet
  facet normal 0.575702 -0.817659 0
    outer loop
      vertex 42.7778 7.84265 -1.946
      vertex 42.9785 7.98396 -9.91821e-05
      vertex 42.7778 7.84265 -9.91821e-05
    endloop
  endfacet
  facet normal 0.575702 -0.817659 0
    outer loop
      vertex 42.9785 7.98396 -9.91821e-05
      vertex 42.7778 7.84265 -1.946
      vertex 42.9785 7.98396 -1.946
    endloop
  endfacet
  facet normal 0.870023 -0.493012 0
    outer loop
      vertex 44.2886 9.42949 -9.91821e-05
      vertex 44.4096 9.64302 -1.5001
      vertex 44.4096 9.64302 -9.91821e-05
    endloop
  endfacet
  facet normal 0.870023 -0.493012 0
    outer loop
      vertex 44.4096 9.64302 -1.5001
      vertex 44.2886 9.42949 -9.91821e-05
      vertex 44.2886 9.42949 -1.5001
    endloop
  endfacet
  facet normal 0.535081 0.844801 -0
    outer loop
      vertex 42.7778 16.1573 -1.5001
      vertex 42.5705 16.2886 -9.91821e-05
      vertex 42.7778 16.1573 -9.91821e-05
    endloop
  endfacet
  facet normal 0.535081 0.844801 0
    outer loop
      vertex 42.5705 16.2886 -9.91821e-05
      vertex 42.7778 16.1573 -1.5001
      vertex 42.5705 16.2886 -1.5001
    endloop
  endfacet
  facet normal -0.997308 0.0733314 0
    outer loop
      vertex 35.006 12.2453 -1.5001
      vertex 35.024 12.4901 -9.91821e-05
      vertex 35.024 12.4901 -1.5001
    endloop
  endfacet
  facet normal -0.997308 0.0733314 0
    outer loop
      vertex 35.024 12.4901 -9.91821e-05
      vertex 35.006 12.2453 -1.5001
      vertex 35.006 12.2453 -9.91821e-05
    endloop
  endfacet
  facet normal -0.788364 0.615209 0
    outer loop
      vertex 35.9839 14.9785 -1.5001
      vertex 36.1349 15.172 -9.91821e-05
      vertex 36.1349 15.172 -1.5001
    endloop
  endfacet
  facet normal -0.788364 0.615209 0
    outer loop
      vertex 36.1349 15.172 -9.91821e-05
      vertex 35.9839 14.9785 -1.5001
      vertex 35.9839 14.9785 -9.91821e-05
    endloop
  endfacet
  facet normal -0.817543 0.575867 0
    outer loop
      vertex 35.8426 14.7779 -1.5001
      vertex 35.9839 14.9785 -9.91821e-05
      vertex 35.9839 14.9785 -1.5001
    endloop
  endfacet
  facet normal -0.817543 0.575867 0
    outer loop
      vertex 35.9839 14.9785 -9.91821e-05
      vertex 35.8426 14.7779 -1.5001
      vertex 35.8426 14.7779 -9.91821e-05
    endloop
  endfacet
  facet normal -0.949617 -0.313414 0
    outer loop
      vertex 35.2922 10.3156 -1.5001
      vertex 35.2153 10.5486 -9.91821e-05
      vertex 35.2153 10.5486 -1.5001
    endloop
  endfacet
  facet normal -0.949617 -0.313414 0
    outer loop
      vertex 35.2153 10.5486 -9.91821e-05
      vertex 35.2922 10.3156 -1.5001
      vertex 35.2922 10.3156 -9.91821e-05
    endloop
  endfacet
  facet normal -0.932904 -0.360125 0
    outer loop
      vertex 35.3806 10.0866 -1.5001
      vertex 35.2922 10.3156 -9.91821e-05
      vertex 35.2922 10.3156 -1.5001
    endloop
  endfacet
  facet normal -0.932904 -0.360125 0
    outer loop
      vertex 35.2922 10.3156 -9.91821e-05
      vertex 35.3806 10.0866 -1.5001
      vertex 35.3806 10.0866 -9.91821e-05
    endloop
  endfacet
  facet normal -0.493064 0.869993 0
    outer loop
      vertex 37.643 16.4096 -1.5001
      vertex 37.4295 16.2886 -9.91821e-05
      vertex 37.643 16.4096 -9.91821e-05
    endloop
  endfacet
  facet normal -0.493064 0.869993 0
    outer loop
      vertex 37.4295 16.2886 -9.91821e-05
      vertex 37.643 16.4096 -1.5001
      vertex 37.4295 16.2886 -1.5001
    endloop
  endfacet
  facet normal 0.999691 -0.0248598 0
    outer loop
      vertex 44.9939 11.7547 -9.91821e-05
      vertex 45 12 -1.5001
      vertex 45 12 -9.91821e-05
    endloop
  endfacet
  facet normal 0.999691 -0.0248598 0
    outer loop
      vertex 45 12 -1.5001
      vertex 44.9939 11.7547 -9.91821e-05
      vertex 44.9939 11.7547 -1.5001
    endloop
  endfacet
  facet normal 0.999691 0.0248598 0
    outer loop
      vertex 45 12 -9.91821e-05
      vertex 44.9939 12.2453 -1.5001
      vertex 44.9939 12.2453 -9.91821e-05
    endloop
  endfacet
  facet normal 0.999691 0.0248598 0
    outer loop
      vertex 44.9939 12.2453 -1.5001
      vertex 45 12 -9.91821e-05
      vertex 45 12 -1.5001
    endloop
  endfacet
  facet normal 0.266757 -0.963764 0
    outer loop
      vertex 41.2149 7.14984 -1.946
      vertex 41.4514 7.2153 -9.91821e-05
      vertex 41.2149 7.14984 -9.91821e-05
    endloop
  endfacet
  facet normal 0.266757 -0.963764 0
    outer loop
      vertex 41.4514 7.2153 -9.91821e-05
      vertex 41.2149 7.14984 -1.946
      vertex 41.4514 7.2153 -1.946
    endloop
  endfacet
  facet normal -0.788137 -0.6155 0
    outer loop
      vertex 36.0418 8.94736 -1.7504
      vertex 35.9839 9.0215 -1.7936
      vertex 35.9839 9.0215 -1.946
    endloop
  endfacet
  facet normal -0.788318 -0.615268 0.000141091
    outer loop
      vertex 36.1349 8.82803 -1.946
      vertex 36.0418 8.94736 -1.7504
      vertex 35.9839 9.0215 -1.946
    endloop
  endfacet
  facet normal -0.788297 -0.615295 0.000167439
    outer loop
      vertex 36.1349 8.82803 -1.946
      vertex 36.1164 8.8518 -1.6947
      vertex 36.0418 8.94736 -1.7504
    endloop
  endfacet
  facet normal -0.785725 -0.618576 0.000667092
    outer loop
      vertex 36.1349 8.82803 -1.946
      vertex 36.1174 8.85053 -1.6945
      vertex 36.1164 8.8518 -1.6947
    endloop
  endfacet
  facet normal -0.789352 -0.613941 0
    outer loop
      vertex 36.1349 8.82803 -1.946
      vertex 36.1349 8.82803 -1.6907
      vertex 36.1174 8.85053 -1.6945
    endloop
  endfacet
  facet normal -0.788318 -0.615268 0
    outer loop
      vertex 36.1349 8.82803 -1.5001
      vertex 35.9839 9.0215 -9.91821e-05
      vertex 35.9839 9.0215 -1.5001
    endloop
  endfacet
  facet normal -0.788318 -0.615268 0
    outer loop
      vertex 35.9839 9.0215 -9.91821e-05
      vertex 36.1349 8.82803 -1.5001
      vertex 36.1349 8.82803 -9.91821e-05
    endloop
  endfacet
  facet normal -0.844917 0.534897 0
    outer loop
      vertex 35.7113 14.5705 -1.5001
      vertex 35.8426 14.7779 -9.91821e-05
      vertex 35.8426 14.7779 -1.5001
    endloop
  endfacet
  facet normal -0.844917 0.534897 0
    outer loop
      vertex 35.8426 14.7779 -9.91821e-05
      vertex 35.7113 14.5705 -1.5001
      vertex 35.7113 14.5705 -9.91821e-05
    endloop
  endfacet
  facet normal -0.932904 0.360125 0
    outer loop
      vertex 35.2922 13.6844 -1.5001
      vertex 35.3806 13.9134 -9.91821e-05
      vertex 35.3806 13.9134 -1.5001
    endloop
  endfacet
  facet normal -0.932904 0.360125 0
    outer loop
      vertex 35.3806 13.9134 -9.91821e-05
      vertex 35.2922 13.6844 -1.5001
      vertex 35.2922 13.6844 -9.91821e-05
    endloop
  endfacet
  facet normal 0.449331 0.893366 -0
    outer loop
      vertex 42.357 16.4096 -1.5001
      vertex 42.1377 16.5199 -9.91821e-05
      vertex 42.357 16.4096 -9.91821e-05
    endloop
  endfacet
  facet normal 0.449331 0.893366 0
    outer loop
      vertex 42.1377 16.5199 -9.91821e-05
      vertex 42.357 16.4096 -1.5001
      vertex 42.1377 16.5199 -1.5001
    endloop
  endfacet
  facet normal 0.997308 0.0733314 0
    outer loop
      vertex 44.9939 12.2453 -9.91821e-05
      vertex 44.9759 12.4901 -1.5001
      vertex 44.9759 12.4901 -9.91821e-05
    endloop
  endfacet
  facet normal 0.997308 0.0733314 0
    outer loop
      vertex 44.9759 12.4901 -1.5001
      vertex 44.9939 12.2453 -9.91821e-05
      vertex 44.9939 12.2453 -1.5001
    endloop
  endfacet
  facet normal 0.170937 -0.985282 0
    outer loop
      vertex 40.7336 7.05412 -1.946
      vertex 40.9754 7.09607 -9.91821e-05
      vertex 40.7336 7.05412 -9.91821e-05
    endloop
  endfacet
  facet normal 0.170937 -0.985282 0
    outer loop
      vertex 40.9754 7.09607 -9.91821e-05
      vertex 40.7336 7.05412 -1.946
      vertex 40.9754 7.09607 -1.946
    endloop
  endfacet
  facet normal 0.218785 0.975773 -0
    outer loop
      vertex 41.2149 16.8502 -1.5001
      vertex 40.9754 16.9039 -9.91821e-05
      vertex 41.2149 16.8502 -9.91821e-05
    endloop
  endfacet
  facet normal 0.218785 0.975773 0
    outer loop
      vertex 40.9754 16.9039 -9.91821e-05
      vertex 41.2149 16.8502 -1.5001
      vertex 40.9754 16.9039 -1.5001
    endloop
  endfacet
  facet normal 0.933041 -0.359771 0
    outer loop
      vertex 44.6194 10.0866 -9.91821e-05
      vertex 44.7077 10.3156 -1.5001
      vertex 44.7077 10.3156 -9.91821e-05
    endloop
  endfacet
  facet normal 0.933041 -0.359771 0
    outer loop
      vertex 44.7077 10.3156 -1.5001
      vertex 44.6194 10.0866 -9.91821e-05
      vertex 44.6194 10.0866 -1.5001
    endloop
  endfacet
  facet normal 0.949495 0.313782 0
    outer loop
      vertex 44.7847 13.4514 -9.91821e-05
      vertex 44.7077 13.6844 -1.5001
      vertex 44.7077 13.6844 -9.91821e-05
    endloop
  endfacet
  facet normal 0.949495 0.313782 0
    outer loop
      vertex 44.7077 13.6844 -1.5001
      vertex 44.7847 13.4514 -9.91821e-05
      vertex 44.7847 13.4514 -1.5001
    endloop
  endfacet
  facet normal 0.992452 0.122631 0
    outer loop
      vertex 44.9759 12.4901 -9.91821e-05
      vertex 44.9458 12.7337 -1.5001
      vertex 44.9458 12.7337 -9.91821e-05
    endloop
  endfacet
  facet normal 0.992452 0.122631 0
    outer loop
      vertex 44.9458 12.7337 -1.5001
      vertex 44.9759 12.4901 -9.91821e-05
      vertex 44.9759 12.4901 -1.5001
    endloop
  endfacet
  facet normal -0.313782 0.949495 0
    outer loop
      vertex 38.5485 16.7847 -1.5001
      vertex 38.3155 16.7077 -9.91821e-05
      vertex 38.5485 16.7847 -9.91821e-05
    endloop
  endfacet
  facet normal -0.313782 0.949495 0
    outer loop
      vertex 38.3155 16.7077 -9.91821e-05
      vertex 38.5485 16.7847 -1.5001
      vertex 38.3155 16.7077 -1.5001
    endloop
  endfacet
  facet normal 0.653036 0.757327 -0
    outer loop
      vertex 43.3578 15.7048 -1.5001
      vertex 43.1719 15.8651 -9.91821e-05
      vertex 43.3578 15.7048 -9.91821e-05
    endloop
  endfacet
  facet normal 0.653036 0.757327 0
    outer loop
      vertex 43.1719 15.8651 -9.91821e-05
      vertex 43.3578 15.7048 -1.5001
      vertex 43.1719 15.8651 -1.5001
    endloop
  endfacet
  facet normal 0.724215 0.689574 0
    outer loop
      vertex 43.7047 15.3578 -9.91821e-05
      vertex 43.5355 15.5355 -1.5001
      vertex 43.5355 15.5355 -9.91821e-05
    endloop
  endfacet
  facet normal 0.724215 0.689574 0
    outer loop
      vertex 43.5355 15.5355 -1.5001
      vertex 43.7047 15.3578 -9.91821e-05
      vertex 43.7047 15.3578 -1.5001
    endloop
  endfacet
  facet normal 0.992452 -0.122631 0
    outer loop
      vertex 44.9458 11.2663 -9.91821e-05
      vertex 44.9759 11.5099 -1.5001
      vertex 44.9759 11.5099 -9.91821e-05
    endloop
  endfacet
  facet normal 0.992452 -0.122631 0
    outer loop
      vertex 44.9759 11.5099 -1.5001
      vertex 44.9458 11.2663 -9.91821e-05
      vertex 44.9458 11.2663 -1.5001
    endloop
  endfacet
  facet normal 0.405496 0.914097 -0
    outer loop
      vertex 42.1377 16.5199 -1.5001
      vertex 41.9134 16.6194 -9.91821e-05
      vertex 42.1377 16.5199 -9.91821e-05
    endloop
  endfacet
  facet normal 0.405496 0.914097 0
    outer loop
      vertex 41.9134 16.6194 -9.91821e-05
      vertex 42.1377 16.5199 -1.5001
      vertex 41.9134 16.6194 -1.5001
    endloop
  endfacet
  facet normal -0.963722 0.266908 0
    outer loop
      vertex 35.1498 13.2149 -1.5001
      vertex 35.2153 13.4514 -9.91821e-05
      vertex 35.2153 13.4514 -1.5001
    endloop
  endfacet
  facet normal -0.963722 0.266908 0
    outer loop
      vertex 35.2153 13.4514 -9.91821e-05
      vertex 35.1498 13.2149 -1.5001
      vertex 35.1498 13.2149 -9.91821e-05
    endloop
  endfacet
  facet normal 0.949495 -0.313782 0
    outer loop
      vertex 44.7077 10.3156 -9.91821e-05
      vertex 44.7847 10.5486 -1.5001
      vertex 44.7847 10.5486 -9.91821e-05
    endloop
  endfacet
  facet normal 0.949495 -0.313782 0
    outer loop
      vertex 44.7847 10.5486 -1.5001
      vertex 44.7077 10.3156 -9.91821e-05
      vertex 44.7077 10.3156 -1.5001
    endloop
  endfacet
  facet normal 0.893283 0.449494 0
    outer loop
      vertex 44.5199 14.1378 -9.91821e-05
      vertex 44.4096 14.357 -1.5001
      vertex 44.4096 14.357 -9.91821e-05
    endloop
  endfacet
  facet normal 0.893283 0.449494 0
    outer loop
      vertex 44.4096 14.357 -1.5001
      vertex 44.5199 14.1378 -9.91821e-05
      vertex 44.5199 14.1378 -1.5001
    endloop
  endfacet
  facet normal -0.449624 -0.893218 0
    outer loop
      vertex 37.643 7.59039 -1.946
      vertex 37.8622 7.48005 -9.91821e-05
      vertex 37.643 7.59039 -9.91821e-05
    endloop
  endfacet
  facet normal -0.449624 -0.893218 -0
    outer loop
      vertex 37.8622 7.48005 -9.91821e-05
      vertex 37.643 7.59039 -1.946
      vertex 37.8622 7.48005 -1.946
    endloop
  endfacet
  facet normal -0.689584 0.724206 0
    outer loop
      vertex 36.6422 15.7048 -1.5001
      vertex 36.4644 15.5355 -9.91821e-05
      vertex 36.6422 15.7048 -9.91821e-05
    endloop
  endfacet
  facet normal -0.689584 0.724206 0
    outer loop
      vertex 36.4644 15.5355 -9.91821e-05
      vertex 36.6422 15.7048 -1.5001
      vertex 36.4644 15.5355 -1.5001
    endloop
  endfacet
  facet normal 0.615153 0.788407 -0
    outer loop
      vertex 43.1719 15.8651 -1.5001
      vertex 42.9785 16.016 -9.91821e-05
      vertex 43.1719 15.8651 -9.91821e-05
    endloop
  endfacet
  facet normal 0.615153 0.788407 0
    outer loop
      vertex 42.9785 16.016 -9.91821e-05
      vertex 43.1719 15.8651 -1.5001
      vertex 42.9785 16.016 -1.5001
    endloop
  endfacet
  facet normal 0.0735746 -0.99729 0
    outer loop
      vertex 40.2453 7.00602 -1.946
      vertex 40.4901 7.02408 -9.91821e-05
      vertex 40.2453 7.00602 -9.91821e-05
    endloop
  endfacet
  facet normal 0.0735746 -0.99729 0
    outer loop
      vertex 40.4901 7.02408 -9.91821e-05
      vertex 40.2453 7.00602 -1.946
      vertex 40.4901 7.02408 -1.946
    endloop
  endfacet
  facet normal -0.914302 -0.405034 0
    outer loop
      vertex 35.48 9.86222 -1.5001
      vertex 35.3806 10.0866 -9.91821e-05
      vertex 35.3806 10.0866 -1.5001
    endloop
  endfacet
  facet normal -0.914302 -0.405034 0
    outer loop
      vertex 35.3806 10.0866 -9.91821e-05
      vertex 35.48 9.86222 -1.5001
      vertex 35.48 9.86222 -9.91821e-05
    endloop
  endfacet
  facet normal -0.975666 0.21926 0
    outer loop
      vertex 35.096 12.9755 -1.5001
      vertex 35.1498 13.2149 -9.91821e-05
      vertex 35.1498 13.2149 -1.5001
    endloop
  endfacet
  facet normal -0.975666 0.21926 0
    outer loop
      vertex 35.1498 13.2149 -9.91821e-05
      vertex 35.096 12.9755 -1.5001
      vertex 35.096 12.9755 -9.91821e-05
    endloop
  endfacet
  facet normal -0.219144 -0.975693 0
    outer loop
      vertex 38.7851 7.14984 -1.946
      vertex 39.0245 7.09607 -9.91821e-05
      vertex 38.7851 7.14984 -9.91821e-05
    endloop
  endfacet
  facet normal -0.219144 -0.975693 -0
    outer loop
      vertex 39.0245 7.09607 -9.91821e-05
      vertex 38.7851 7.14984 -1.946
      vertex 39.0245 7.09607 -1.946
    endloop
  endfacet
  facet normal 0.975666 0.21926 0
    outer loop
      vertex 44.9039 12.9755 -9.91821e-05
      vertex 44.8501 13.2149 -1.5001
      vertex 44.8501 13.2149 -9.91821e-05
    endloop
  endfacet
  facet normal 0.975666 0.21926 0
    outer loop
      vertex 44.8501 13.2149 -1.5001
      vertex 44.9039 12.9755 -9.91821e-05
      vertex 44.9039 12.9755 -1.5001
    endloop
  endfacet
  facet normal 0.313708 -0.949519 0
    outer loop
      vertex 41.4514 7.2153 -1.946
      vertex 41.6844 7.29228 -9.91821e-05
      vertex 41.4514 7.2153 -9.91821e-05
    endloop
  endfacet
  facet normal 0.313708 -0.949519 0
    outer loop
      vertex 41.6844 7.29228 -9.91821e-05
      vertex 41.4514 7.2153 -1.946
      vertex 41.6844 7.29228 -1.946
    endloop
  endfacet
  facet normal -0.997308 -0.0733314 0
    outer loop
      vertex 35.024 11.5099 -1.5001
      vertex 35.006 11.7547 -9.91821e-05
      vertex 35.006 11.7547 -1.5001
    endloop
  endfacet
  facet normal -0.997308 -0.0733314 0
    outer loop
      vertex 35.006 11.7547 -9.91821e-05
      vertex 35.024 11.5099 -1.5001
      vertex 35.024 11.5099 -9.91821e-05
    endloop
  endfacet
  facet normal 0.122279 0.992496 -0
    outer loop
      vertex 40.7336 16.9459 -1.5001
      vertex 40.4901 16.9759 -9.91821e-05
      vertex 40.7336 16.9459 -9.91821e-05
    endloop
  endfacet
  facet normal 0.122279 0.992496 0
    outer loop
      vertex 40.4901 16.9759 -9.91821e-05
      vertex 40.7336 16.9459 -1.5001
      vertex 40.4901 16.9759 -1.5001
    endloop
  endfacet
  facet normal 0.313782 0.949495 -0
    outer loop
      vertex 41.6844 16.7077 -1.5001
      vertex 41.4514 16.7847 -9.91821e-05
      vertex 41.6844 16.7077 -9.91821e-05
    endloop
  endfacet
  facet normal 0.313782 0.949495 0
    outer loop
      vertex 41.4514 16.7847 -9.91821e-05
      vertex 41.6844 16.7077 -1.5001
      vertex 41.4514 16.7847 -1.5001
    endloop
  endfacet
  facet normal 0.757153 0.653238 0
    outer loop
      vertex 43.865 15.172 -9.91821e-05
      vertex 43.7047 15.3578 -1.5001
      vertex 43.7047 15.3578 -9.91821e-05
    endloop
  endfacet
  facet normal 0.757153 0.653238 0
    outer loop
      vertex 43.7047 15.3578 -1.5001
      vertex 43.865 15.172 -9.91821e-05
      vertex 43.865 15.172 -1.5001
    endloop
  endfacet
  facet normal 0.997308 -0.0733314 0
    outer loop
      vertex 44.9759 11.5099 -9.91821e-05
      vertex 44.9939 11.7547 -1.5001
      vertex 44.9939 11.7547 -9.91821e-05
    endloop
  endfacet
  facet normal 0.997308 -0.0733314 0
    outer loop
      vertex 44.9939 11.7547 -1.5001
      vertex 44.9759 11.5099 -9.91821e-05
      vertex 44.9759 11.5099 -1.5001
    endloop
  endfacet
  facet normal -0.171135 0.985248 0
    outer loop
      vertex 39.2663 16.9459 -1.5001
      vertex 39.0245 16.9039 -9.91821e-05
      vertex 39.2663 16.9459 -9.91821e-05
    endloop
  endfacet
  facet normal -0.171135 0.985248 0
    outer loop
      vertex 39.0245 16.9039 -9.91821e-05
      vertex 39.2663 16.9459 -1.5001
      vertex 39.0245 16.9039 -1.5001
    endloop
  endfacet
  facet normal 0.963827 0.26653 0
    outer loop
      vertex 44.8501 13.2149 -9.91821e-05
      vertex 44.7847 13.4514 -1.5001
      vertex 44.7847 13.4514 -9.91821e-05
    endloop
  endfacet
  facet normal 0.963827 0.26653 0
    outer loop
      vertex 44.7847 13.4514 -1.5001
      vertex 44.8501 13.2149 -9.91821e-05
      vertex 44.8501 13.2149 -1.5001
    endloop
  endfacet
  facet normal -0.615184 -0.788384 0
    outer loop
      vertex 36.828 8.13495 -1.946
      vertex 37.0215 7.98396 -9.91821e-05
      vertex 36.828 8.13495 -9.91821e-05
    endloop
  endfacet
  facet normal -0.615184 -0.788384 -0
    outer loop
      vertex 37.0215 7.98396 -9.91821e-05
      vertex 36.828 8.13495 -1.946
      vertex 37.0215 7.98396 -1.946
    endloop
  endfacet
  facet normal 0.024534 -0.999699 0
    outer loop
      vertex 40 7 -1.946
      vertex 40.2453 7.00602 -9.91821e-05
      vertex 40 7 -9.91821e-05
    endloop
  endfacet
  facet normal 0.024534 -0.999699 0
    outer loop
      vertex 40.2453 7.00602 -9.91821e-05
      vertex 40 7 -1.946
      vertex 40.2453 7.00602 -1.946
    endloop
  endfacet
  facet normal -0.170937 -0.985282 0
    outer loop
      vertex 39.0245 7.09607 -1.946
      vertex 39.2663 7.05412 -9.91821e-05
      vertex 39.0245 7.09607 -9.91821e-05
    endloop
  endfacet
  facet normal -0.170937 -0.985282 -0
    outer loop
      vertex 39.2663 7.05412 -9.91821e-05
      vertex 39.0245 7.09607 -1.946
      vertex 39.2663 7.05412 -1.946
    endloop
  endfacet
  facet normal -0.992452 0.122631 0
    outer loop
      vertex 35.024 12.4901 -1.5001
      vertex 35.0541 12.7337 -9.91821e-05
      vertex 35.0541 12.7337 -1.5001
    endloop
  endfacet
  facet normal -0.992452 0.122631 0
    outer loop
      vertex 35.0541 12.7337 -9.91821e-05
      vertex 35.024 12.4901 -1.5001
      vertex 35.024 12.4901 -9.91821e-05
    endloop
  endfacet
  facet normal -0.492971 -0.870045 0
    outer loop
      vertex 37.4295 7.71136 -1.946
      vertex 37.643 7.59039 -9.91821e-05
      vertex 37.4295 7.71136 -9.91821e-05
    endloop
  endfacet
  facet normal -0.492971 -0.870045 -0
    outer loop
      vertex 37.643 7.59039 -9.91821e-05
      vertex 37.4295 7.71136 -1.946
      vertex 37.643 7.59039 -1.946
    endloop
  endfacet
  facet normal 0.689617 -0.724175 -3.33357e-05
    outer loop
      vertex 43.3999 8.33541 -1.5001
      vertex 43.5355 8.46447 -9.91821e-05
      vertex 43.3578 8.29525 -9.91821e-05
    endloop
  endfacet
  facet normal 0.68916 -0.724609 0.000194386
    outer loop
      vertex 43.4733 8.40521 -1.5341
      vertex 43.3999 8.33541 -1.5001
      vertex 43.3578 8.29525 -1.946
    endloop
  endfacet
  facet normal 0.689382 -0.724398 7.57316e-05
    outer loop
      vertex 43.4795 8.41111 -1.537
      vertex 43.4733 8.40521 -1.5341
      vertex 43.3578 8.29525 -1.946
    endloop
  endfacet
  facet normal 0.690239 -0.723582 0
    outer loop
      vertex 43.3999 8.33541 -1.5001
      vertex 43.3578 8.29525 -9.91821e-05
      vertex 43.3578 8.29525 -1.946
    endloop
  endfacet
  facet normal 0.689797 -0.724003 -0.000159753
    outer loop
      vertex 43.5355 8.46447 -1.563
      vertex 43.4795 8.41111 -1.537
      vertex 43.3578 8.29525 -1.946
    endloop
  endfacet
  facet normal 0.689617 -0.724175 0
    outer loop
      vertex 43.5355 8.46447 -1.946
      vertex 43.5355 8.46447 -1.563
      vertex 43.3578 8.29525 -1.946
    endloop
  endfacet
  facet normal 0.689423 -0.724359 0
    outer loop
      vertex 43.5355 8.46447 -1.5001
      vertex 43.5355 8.46447 -9.91821e-05
      vertex 43.3999 8.33541 -1.5001
    endloop
  endfacet
  facet normal -0.0244426 0.999701 0
    outer loop
      vertex 40 17 -1.5001
      vertex 39.7546 16.994 -9.91821e-05
      vertex 40 17 -9.91821e-05
    endloop
  endfacet
  facet normal -0.0244426 0.999701 0
    outer loop
      vertex 39.7546 16.994 -9.91821e-05
      vertex 40 17 -1.5001
      vertex 39.7546 16.994 -1.5001
    endloop
  endfacet
  facet normal 0.788137 -0.6155 0
    outer loop
      vertex 44.016 9.0215 -1.946
      vertex 44.016 9.0215 -1.7936
      vertex 43.9581 8.94736 -1.7504
    endloop
  endfacet
  facet normal 0.788592 -0.614917 -0.000203884
    outer loop
      vertex 43.9581 8.94736 -1.7504
      vertex 43.8836 8.8518 -1.6947
      vertex 43.865 8.82803 -1.946
    endloop
  endfacet
  facet normal 0.785701 -0.618606 0.000359006
    outer loop
      vertex 43.8836 8.8518 -1.6947
      vertex 43.8826 8.85053 -1.6945
      vertex 43.865 8.82803 -1.946
    endloop
  endfacet
  facet normal 0.787653 -0.616119 0
    outer loop
      vertex 43.8826 8.85053 -1.6945
      vertex 43.865 8.82803 -1.6907
      vertex 43.865 8.82803 -1.946
    endloop
  endfacet
  facet normal 0.788318 -0.615268 0.000141091
    outer loop
      vertex 44.016 9.0215 -1.946
      vertex 43.9581 8.94736 -1.7504
      vertex 43.865 8.82803 -1.946
    endloop
  endfacet
  facet normal 0.788318 -0.615268 0
    outer loop
      vertex 43.865 8.82803 -9.91821e-05
      vertex 44.016 9.0215 -1.5001
      vertex 44.016 9.0215 -9.91821e-05
    endloop
  endfacet
  facet normal 0.788318 -0.615268 0
    outer loop
      vertex 44.016 9.0215 -1.5001
      vertex 43.865 8.82803 -9.91821e-05
      vertex 43.865 8.82803 -1.5001
    endloop
  endfacet
  facet normal 0.869993 0.493064 0
    outer loop
      vertex 44.4096 14.357 -9.91821e-05
      vertex 44.2886 14.5705 -1.5001
      vertex 44.2886 14.5705 -9.91821e-05
    endloop
  endfacet
  facet normal 0.869993 0.493064 0
    outer loop
      vertex 44.2886 14.5705 -1.5001
      vertex 44.4096 14.357 -9.91821e-05
      vertex 44.4096 14.357 -1.5001
    endloop
  endfacet
  facet normal 0.963827 -0.26653 0
    outer loop
      vertex 44.7847 10.5486 -9.91821e-05
      vertex 44.8501 10.7851 -1.5001
      vertex 44.8501 10.7851 -9.91821e-05
    endloop
  endfacet
  facet normal 0.963827 -0.26653 0
    outer loop
      vertex 44.8501 10.7851 -1.5001
      vertex 44.7847 10.5486 -9.91821e-05
      vertex 44.7847 10.5486 -1.5001
    endloop
  endfacet
  facet normal -0.575894 -0.817524 0
    outer loop
      vertex 37.0215 7.98396 -1.946
      vertex 37.2221 7.84265 -9.91821e-05
      vertex 37.0215 7.98396 -9.91821e-05
    endloop
  endfacet
  facet normal -0.575894 -0.817524 -0
    outer loop
      vertex 37.2221 7.84265 -9.91821e-05
      vertex 37.0215 7.98396 -1.946
      vertex 37.2221 7.84265 -1.946
    endloop
  endfacet
  facet normal 0.914151 -0.405375 0
    outer loop
      vertex 44.5199 9.86222 -9.91821e-05
      vertex 44.6194 10.0866 -1.5001
      vertex 44.6194 10.0866 -9.91821e-05
    endloop
  endfacet
  facet normal 0.914151 -0.405375 0
    outer loop
      vertex 44.6194 10.0866 -1.5001
      vertex 44.5199 9.86222 -9.91821e-05
      vertex 44.5199 9.86222 -1.5001
    endloop
  endfacet
  facet normal -0.724215 0.689574 0
    outer loop
      vertex 36.2952 15.3578 -1.5001
      vertex 36.4644 15.5355 -9.91821e-05
      vertex 36.4644 15.5355 -1.5001
    endloop
  endfacet
  facet normal -0.724215 0.689574 0
    outer loop
      vertex 36.4644 15.5355 -9.91821e-05
      vertex 36.2952 15.3578 -1.5001
      vertex 36.2952 15.3578 -9.91821e-05
    endloop
  endfacet
  facet normal 0.493064 0.869993 -0
    outer loop
      vertex 42.5705 16.2886 -1.5001
      vertex 42.357 16.4096 -9.91821e-05
      vertex 42.5705 16.2886 -9.91821e-05
    endloop
  endfacet
  facet normal 0.493064 0.869993 0
    outer loop
      vertex 42.357 16.4096 -9.91821e-05
      vertex 42.5705 16.2886 -1.5001
      vertex 42.357 16.4096 -1.5001
    endloop
  endfacet
  facet normal 0.975666 -0.21926 0
    outer loop
      vertex 44.8501 10.7851 -9.91821e-05
      vertex 44.9039 11.0245 -1.5001
      vertex 44.9039 11.0245 -9.91821e-05
    endloop
  endfacet
  facet normal 0.975666 -0.21926 0
    outer loop
      vertex 44.9039 11.0245 -1.5001
      vertex 44.8501 10.7851 -9.91821e-05
      vertex 44.8501 10.7851 -1.5001
    endloop
  endfacet
  facet normal 0.535052 -0.844819 0
    outer loop
      vertex 42.5705 7.71136 -1.946
      vertex 42.7778 7.84265 -9.91821e-05
      vertex 42.5705 7.71136 -9.91821e-05
    endloop
  endfacet
  facet normal 0.535052 -0.844819 0
    outer loop
      vertex 42.7778 7.84265 -9.91821e-05
      vertex 42.5705 7.71136 -1.946
      vertex 42.7778 7.84265 -1.946
    endloop
  endfacet
  facet normal -0.0737666 0.997276 0
    outer loop
      vertex 39.7546 16.994 -1.5001
      vertex 39.5099 16.9759 -9.91821e-05
      vertex 39.7546 16.994 -9.91821e-05
    endloop
  endfacet
  facet normal -0.0737666 0.997276 0
    outer loop
      vertex 39.5099 16.9759 -9.91821e-05
      vertex 39.7546 16.994 -1.5001
      vertex 39.5099 16.9759 -1.5001
    endloop
  endfacet
  facet normal -0.218872 0.975754 0
    outer loop
      vertex 39.0245 16.9039 -1.5001
      vertex 38.7851 16.8502 -9.91821e-05
      vertex 39.0245 16.9039 -9.91821e-05
    endloop
  endfacet
  facet normal -0.218872 0.975754 0
    outer loop
      vertex 38.7851 16.8502 -9.91821e-05
      vertex 39.0245 16.9039 -1.5001
      vertex 38.7851 16.8502 -1.5001
    endloop
  endfacet
  facet normal 0.914164 0.405345 0
    outer loop
      vertex 44.6194 13.9134 -9.91821e-05
      vertex 44.5199 14.1378 -1.5001
      vertex 44.5199 14.1378 -9.91821e-05
    endloop
  endfacet
  facet normal 0.914164 0.405345 0
    outer loop
      vertex 44.5199 14.1378 -1.5001
      vertex 44.6194 13.9134 -9.91821e-05
      vertex 44.6194 13.9134 -1.5001
    endloop
  endfacet
  facet normal 0.575675 0.817679 -0
    outer loop
      vertex 42.9785 16.016 -1.5001
      vertex 42.7778 16.1573 -9.91821e-05
      vertex 42.9785 16.016 -9.91821e-05
    endloop
  endfacet
  facet normal 0.575675 0.817679 0
    outer loop
      vertex 42.7778 16.1573 -9.91821e-05
      vertex 42.9785 16.016 -1.5001
      vertex 42.7778 16.1573 -1.5001
    endloop
  endfacet
  facet normal 0.405325 -0.914173 0
    outer loop
      vertex 41.9134 7.3806 -1.946
      vertex 42.1377 7.48005 -9.91821e-05
      vertex 41.9134 7.3806 -9.91821e-05
    endloop
  endfacet
  facet normal 0.405325 -0.914173 0
    outer loop
      vertex 42.1377 7.48005 -9.91821e-05
      vertex 41.9134 7.3806 -1.946
      vertex 42.1377 7.48005 -1.946
    endloop
  endfacet
  facet normal -0.266652 -0.963793 0
    outer loop
      vertex 38.5485 7.2153 -1.946
      vertex 38.7851 7.14984 -9.91821e-05
      vertex 38.5485 7.2153 -9.91821e-05
    endloop
  endfacet
  facet normal -0.266652 -0.963793 -0
    outer loop
      vertex 38.7851 7.14984 -9.91821e-05
      vertex 38.5485 7.2153 -1.946
      vertex 38.7851 7.14984 -1.946
    endloop
  endfacet
  facet normal -0.122229 0.992502 0
    outer loop
      vertex 39.5099 16.9759 -1.5001
      vertex 39.2663 16.9459 -9.91821e-05
      vertex 39.5099 16.9759 -9.91821e-05
    endloop
  endfacet
  facet normal -0.122229 0.992502 0
    outer loop
      vertex 39.2663 16.9459 -9.91821e-05
      vertex 39.5099 16.9759 -1.5001
      vertex 39.2663 16.9459 -1.5001
    endloop
  endfacet
  facet normal -0.359771 0.933041 0
    outer loop
      vertex 38.3155 16.7077 -1.5001
      vertex 38.0865 16.6194 -9.91821e-05
      vertex 38.3155 16.7077 -9.91821e-05
    endloop
  endfacet
  facet normal -0.359771 0.933041 0
    outer loop
      vertex 38.0865 16.6194 -9.91821e-05
      vertex 38.3155 16.7077 -1.5001
      vertex 38.0865 16.6194 -1.5001
    endloop
  endfacet
  facet normal 0.492971 -0.870045 0
    outer loop
      vertex 42.357 7.59039 -1.946
      vertex 42.5705 7.71136 -9.91821e-05
      vertex 42.357 7.59039 -9.91821e-05
    endloop
  endfacet
  facet normal 0.492971 -0.870045 0
    outer loop
      vertex 42.5705 7.71136 -9.91821e-05
      vertex 42.357 7.59039 -1.946
      vertex 42.5705 7.71136 -1.946
    endloop
  endfacet
  facet normal -0.653238 -0.757153 0
    outer loop
      vertex 36.6422 8.29525 -1.946
      vertex 36.828 8.13495 -9.91821e-05
      vertex 36.6422 8.29525 -9.91821e-05
    endloop
  endfacet
  facet normal -0.653238 -0.757153 -0
    outer loop
      vertex 36.828 8.13495 -9.91821e-05
      vertex 36.6422 8.29525 -1.946
      vertex 36.828 8.13495 -1.946
    endloop
  endfacet
  facet normal -0.724293 -0.689492 0
    outer loop
      vertex 36.4644 8.46447 -1.946
      vertex 36.2952 8.64221 -1.6367
      vertex 36.2952 8.64221 -1.946
    endloop
  endfacet
  facet normal -0.724177 -0.689614 0.00013304
    outer loop
      vertex 36.4644 8.46447 -1.946
      vertex 36.4423 8.48775 -1.571
      vertex 36.2952 8.64221 -1.6367
    endloop
  endfacet
  facet normal -0.767322 -0.641239 -0.00541271
    outer loop
      vertex 36.4644 8.46447 -1.946
      vertex 36.4428 8.48715 -1.5708
      vertex 36.4423 8.48775 -1.571
    endloop
  endfacet
  facet normal -0.724138 -0.689655 0
    outer loop
      vertex 36.4644 8.46447 -1.946
      vertex 36.4644 8.46447 -1.563
      vertex 36.4428 8.48715 -1.5708
    endloop
  endfacet
  facet normal -0.724293 -0.689492 0
    outer loop
      vertex 36.4644 8.46447 -1.5001
      vertex 36.2952 8.64221 -9.91821e-05
      vertex 36.2952 8.64221 -1.5001
    endloop
  endfacet
  facet normal -0.724293 -0.689492 0
    outer loop
      vertex 36.2952 8.64221 -9.91821e-05
      vertex 36.4644 8.46447 -1.5001
      vertex 36.4644 8.46447 -9.91821e-05
    endloop
  endfacet
  facet normal 0.757188 -0.653198 0
    outer loop
      vertex 43.7047 8.64221 -1.946
      vertex 43.865 8.82803 -1.6907
      vertex 43.7047 8.64221 -1.6367
    endloop
  endfacet
  facet normal 0.757188 -0.653198 0
    outer loop
      vertex 43.865 8.82803 -1.6907
      vertex 43.7047 8.64221 -1.946
      vertex 43.865 8.82803 -1.946
    endloop
  endfacet
  facet normal 0.757188 -0.653198 0
    outer loop
      vertex 43.7047 8.64221 -9.91821e-05
      vertex 43.865 8.82803 -1.5001
      vertex 43.865 8.82803 -9.91821e-05
    endloop
  endfacet
  facet normal 0.757188 -0.653198 0
    outer loop
      vertex 43.865 8.82803 -1.5001
      vertex 43.7047 8.64221 -9.91821e-05
      vertex 43.7047 8.64221 -1.5001
    endloop
  endfacet
  facet normal -0.870198 -0.492703 0
    outer loop
      vertex 35.7113 9.42949 -1.5001
      vertex 35.5904 9.64302 -9.91821e-05
      vertex 35.5904 9.64302 -1.5001
    endloop
  endfacet
  facet normal -0.870198 -0.492703 0
    outer loop
      vertex 35.5904 9.64302 -9.91821e-05
      vertex 35.7113 9.42949 -1.5001
      vertex 35.7113 9.42949 -9.91821e-05
    endloop
  endfacet
  facet normal 0.893283 -0.449494 0
    outer loop
      vertex 44.4096 9.64302 -9.91821e-05
      vertex 44.5199 9.86222 -1.5001
      vertex 44.5199 9.86222 -9.91821e-05
    endloop
  endfacet
  facet normal 0.893283 -0.449494 0
    outer loop
      vertex 44.5199 9.86222 -1.5001
      vertex 44.4096 9.64302 -9.91821e-05
      vertex 44.4096 9.64302 -1.5001
    endloop
  endfacet
  facet normal 0.449461 -0.8933 0
    outer loop
      vertex 42.1377 7.48005 -1.946
      vertex 42.357 7.59039 -9.91821e-05
      vertex 42.1377 7.48005 -9.91821e-05
    endloop
  endfacet
  facet normal 0.449461 -0.8933 0
    outer loop
      vertex 42.357 7.59039 -9.91821e-05
      vertex 42.1377 7.48005 -1.946
      vertex 42.357 7.59039 -1.946
    endloop
  endfacet
  facet normal 0.122439 -0.992476 0
    outer loop
      vertex 40.4901 7.02408 -1.946
      vertex 40.7336 7.05412 -9.91821e-05
      vertex 40.4901 7.02408 -9.91821e-05
    endloop
  endfacet
  facet normal 0.122439 -0.992476 0
    outer loop
      vertex 40.7336 7.05412 -9.91821e-05
      vertex 40.4901 7.02408 -1.946
      vertex 40.7336 7.05412 -1.946
    endloop
  endfacet
  facet normal -0.949617 0.313414 0
    outer loop
      vertex 35.2153 13.4514 -1.5001
      vertex 35.2922 13.6844 -9.91821e-05
      vertex 35.2922 13.6844 -1.5001
    endloop
  endfacet
  facet normal -0.949617 0.313414 0
    outer loop
      vertex 35.2922 13.6844 -9.91821e-05
      vertex 35.2153 13.4514 -1.5001
      vertex 35.2153 13.4514 -9.91821e-05
    endloop
  endfacet
  facet normal 0.359771 0.933041 -0
    outer loop
      vertex 41.9134 16.6194 -1.5001
      vertex 41.6844 16.7077 -9.91821e-05
      vertex 41.9134 16.6194 -9.91821e-05
    endloop
  endfacet
  facet normal 0.359771 0.933041 0
    outer loop
      vertex 41.6844 16.7077 -9.91821e-05
      vertex 41.9134 16.6194 -1.5001
      vertex 41.6844 16.7077 -1.5001
    endloop
  endfacet
  facet normal 0.266908 0.963722 -0
    outer loop
      vertex 41.4514 16.7847 -1.5001
      vertex 41.2149 16.8502 -9.91821e-05
      vertex 41.4514 16.7847 -9.91821e-05
    endloop
  endfacet
  facet normal 0.266908 0.963722 0
    outer loop
      vertex 41.2149 16.8502 -9.91821e-05
      vertex 41.4514 16.7847 -1.5001
      vertex 41.2149 16.8502 -1.5001
    endloop
  endfacet
  facet normal -0.89312 0.449819 0
    outer loop
      vertex 35.48 14.1378 -1.5001
      vertex 35.5904 14.357 -9.91821e-05
      vertex 35.5904 14.357 -1.5001
    endloop
  endfacet
  facet normal -0.89312 0.449819 0
    outer loop
      vertex 35.5904 14.357 -9.91821e-05
      vertex 35.48 14.1378 -1.5001
      vertex 35.48 14.1378 -9.91821e-05
    endloop
  endfacet
  facet normal -0.985316 0.170739 0
    outer loop
      vertex 35.0541 12.7337 -1.5001
      vertex 35.096 12.9755 -9.91821e-05
      vertex 35.096 12.9755 -1.5001
    endloop
  endfacet
  facet normal -0.985316 0.170739 0
    outer loop
      vertex 35.096 12.9755 -9.91821e-05
      vertex 35.0541 12.7337 -1.5001
      vertex 35.0541 12.7337 -9.91821e-05
    endloop
  endfacet
  facet normal 0.219057 -0.975712 0
    outer loop
      vertex 40.9754 7.09607 -1.946
      vertex 41.2149 7.14984 -9.91821e-05
      vertex 40.9754 7.09607 -9.91821e-05
    endloop
  endfacet
  facet normal 0.219057 -0.975712 0
    outer loop
      vertex 41.2149 7.14984 -9.91821e-05
      vertex 40.9754 7.09607 -1.946
      vertex 41.2149 7.14984 -1.946
    endloop
  endfacet
  facet normal 0.0737366 0.997278 -0
    outer loop
      vertex 40.4901 16.9759 -1.5001
      vertex 40.2453 16.994 -9.91821e-05
      vertex 40.4901 16.9759 -9.91821e-05
    endloop
  endfacet
  facet normal 0.0737366 0.997278 0
    outer loop
      vertex 40.2453 16.994 -9.91821e-05
      vertex 40.4901 16.9759 -1.5001
      vertex 40.2453 16.994 -1.5001
    endloop
  endfacet
  facet normal 0.933041 0.359771 0
    outer loop
      vertex 44.7077 13.6844 -9.91821e-05
      vertex 44.6194 13.9134 -1.5001
      vertex 44.6194 13.9134 -9.91821e-05
    endloop
  endfacet
  facet normal 0.933041 0.359771 0
    outer loop
      vertex 44.6194 13.9134 -1.5001
      vertex 44.7077 13.6844 -9.91821e-05
      vertex 44.7077 13.6844 -1.5001
    endloop
  endfacet
  facet normal 0.171135 0.985248 -0
    outer loop
      vertex 40.9754 16.9039 -1.5001
      vertex 40.7336 16.9459 -9.91821e-05
      vertex 40.9754 16.9039 -9.91821e-05
    endloop
  endfacet
  facet normal 0.171135 0.985248 0
    outer loop
      vertex 40.7336 16.9459 -9.91821e-05
      vertex 40.9754 16.9039 -1.5001
      vertex 40.7336 16.9459 -1.5001
    endloop
  endfacet
  facet normal 0.817543 0.575867 0
    outer loop
      vertex 44.1573 14.7779 -9.91821e-05
      vertex 44.016 14.9785 -1.5001
      vertex 44.016 14.9785 -9.91821e-05
    endloop
  endfacet
  facet normal 0.817543 0.575867 0
    outer loop
      vertex 44.016 14.9785 -1.5001
      vertex 44.1573 14.7779 -9.91821e-05
      vertex 44.1573 14.7779 -1.5001
    endloop
  endfacet
  facet normal -0.449494 0.893283 0
    outer loop
      vertex 37.8622 16.5199 -1.5001
      vertex 37.643 16.4096 -9.91821e-05
      vertex 37.8622 16.5199 -9.91821e-05
    endloop
  endfacet
  facet normal -0.449494 0.893283 0
    outer loop
      vertex 37.643 16.4096 -9.91821e-05
      vertex 37.8622 16.5199 -1.5001
      vertex 37.643 16.4096 -1.5001
    endloop
  endfacet
  facet normal -0.757153 0.653238 0
    outer loop
      vertex 36.1349 15.172 -1.5001
      vertex 36.2952 15.3578 -9.91821e-05
      vertex 36.2952 15.3578 -1.5001
    endloop
  endfacet
  facet normal -0.757153 0.653238 0
    outer loop
      vertex 36.2952 15.3578 -9.91821e-05
      vertex 36.1349 15.172 -1.5001
      vertex 36.1349 15.172 -9.91821e-05
    endloop
  endfacet
  facet normal 0.818457 -0.574567 0
    outer loop
      vertex 44.1573 9.22215 -1.946
      vertex 44.1573 9.22215 -1.882
      vertex 44.143 9.20178 -1.8708
    endloop
  endfacet
  facet normal 0.81516 -0.579233 -0.00189067
    outer loop
      vertex 44.1573 9.22215 -1.946
      vertex 44.143 9.20178 -1.8708
      vertex 44.1419 9.20023 -1.8702
    endloop
  endfacet
  facet normal 0.817533 -0.575882 0
    outer loop
      vertex 44.1419 9.20023 -1.8702
      vertex 44.016 9.0215 -1.7936
      vertex 44.016 9.0215 -1.946
    endloop
  endfacet
  facet normal 0.817611 -0.575771 -0.000391676
    outer loop
      vertex 44.1573 9.22215 -1.946
      vertex 44.1419 9.20023 -1.8702
      vertex 44.016 9.0215 -1.946
    endloop
  endfacet
  facet normal 0.817611 -0.575771 0
    outer loop
      vertex 44.016 9.0215 -9.91821e-05
      vertex 44.1573 9.22215 -1.5001
      vertex 44.1573 9.22215 -9.91821e-05
    endloop
  endfacet
  facet normal 0.817611 -0.575771 0
    outer loop
      vertex 44.1573 9.22215 -1.5001
      vertex 44.016 9.0215 -9.91821e-05
      vertex 44.016 9.0215 -1.5001
    endloop
  endfacet
  facet normal 0.0244525 0.999701 -0
    outer loop
      vertex 40.2453 16.994 -1.5001
      vertex 40 17 -9.91821e-05
      vertex 40.2453 16.994 -9.91821e-05
    endloop
  endfacet
  facet normal 0.0244525 0.999701 0
    outer loop
      vertex 40 17 -9.91821e-05
      vertex 40.2453 16.994 -1.5001
      vertex 40 17 -1.5001
    endloop
  endfacet
  facet normal -0.024524 -0.999699 0
    outer loop
      vertex 39.7546 7.00602 -1.946
      vertex 40 7 -9.91821e-05
      vertex 39.7546 7.00602 -9.91821e-05
    endloop
  endfacet
  facet normal -0.024524 -0.999699 -0
    outer loop
      vertex 40 7 -9.91821e-05
      vertex 39.7546 7.00602 -1.946
      vertex 40 7 -1.946
    endloop
  endfacet
  facet normal -0.914315 0.405004 0
    outer loop
      vertex 35.3806 13.9134 -1.5001
      vertex 35.48 14.1378 -9.91821e-05
      vertex 35.48 14.1378 -1.5001
    endloop
  endfacet
  facet normal -0.914315 0.405004 0
    outer loop
      vertex 35.48 14.1378 -9.91821e-05
      vertex 35.3806 13.9134 -1.5001
      vertex 35.3806 13.9134 -9.91821e-05
    endloop
  endfacet
  facet normal 0.724366 -0.689416 -8.3485e-05
    outer loop
      vertex 43.7047 8.64221 -1.6367
      vertex 43.5577 8.48775 -1.571
      vertex 43.5355 8.46447 -1.946
    endloop
  endfacet
  facet normal 0.707438 -0.706773 0.00199612
    outer loop
      vertex 43.5577 8.48775 -1.571
      vertex 43.5571 8.48715 -1.5708
      vertex 43.5355 8.46447 -1.946
    endloop
  endfacet
  facet normal 0.724138 -0.689655 0
    outer loop
      vertex 43.5571 8.48715 -1.5708
      vertex 43.5355 8.46447 -1.563
      vertex 43.5355 8.46447 -1.946
    endloop
  endfacet
  facet normal 0.724293 -0.689492 0
    outer loop
      vertex 43.7047 8.64221 -1.946
      vertex 43.7047 8.64221 -1.6367
      vertex 43.5355 8.46447 -1.946
    endloop
  endfacet
  facet normal 0.724293 -0.689492 0
    outer loop
      vertex 43.5355 8.46447 -9.91821e-05
      vertex 43.7047 8.64221 -1.5001
      vertex 43.7047 8.64221 -9.91821e-05
    endloop
  endfacet
  facet normal 0.724293 -0.689492 0
    outer loop
      vertex 43.7047 8.64221 -1.5001
      vertex 43.5355 8.46447 -9.91821e-05
      vertex 43.5355 8.46447 -1.5001
    endloop
  endfacet
  facet normal -0.313708 -0.949519 0
    outer loop
      vertex 38.3155 7.29228 -1.946
      vertex 38.5485 7.2153 -9.91821e-05
      vertex 38.3155 7.29228 -9.91821e-05
    endloop
  endfacet
  facet normal -0.313708 -0.949519 -0
    outer loop
      vertex 38.5485 7.2153 -9.91821e-05
      vertex 38.3155 7.29228 -1.946
      vertex 38.5485 7.2153 -1.946
    endloop
  endfacet
  facet normal 0.985316 -0.170739 0
    outer loop
      vertex 44.9039 11.0245 -9.91821e-05
      vertex 44.9458 11.2663 -1.5001
      vertex 44.9458 11.2663 -9.91821e-05
    endloop
  endfacet
  facet normal 0.985316 -0.170739 0
    outer loop
      vertex 44.9458 11.2663 -1.5001
      vertex 44.9039 11.0245 -9.91821e-05
      vertex 44.9039 11.0245 -1.5001
    endloop
  endfacet
  facet normal -0.0736045 -0.997288 0
    outer loop
      vertex 39.5099 7.02408 -1.946
      vertex 39.7546 7.00602 -9.91821e-05
      vertex 39.5099 7.02408 -9.91821e-05
    endloop
  endfacet
  facet normal -0.0736045 -0.997288 -0
    outer loop
      vertex 39.7546 7.00602 -9.91821e-05
      vertex 39.5099 7.02408 -1.946
      vertex 39.7546 7.00602 -1.946
    endloop
  endfacet
  facet normal -0.844829 -0.535036 0
    outer loop
      vertex 35.8426 9.22215 -1.946
      vertex 35.8426 9.22215 -1.882
      vertex 35.7392 9.38542 -1.946
    endloop
  endfacet
  facet normal -0.844847 -0.535007 0
    outer loop
      vertex 35.8426 9.22215 -1.5001
      vertex 35.7113 9.42949 -9.91821e-05
      vertex 35.7113 9.42949 -1.5001
    endloop
  endfacet
  facet normal -0.844847 -0.535007 0
    outer loop
      vertex 35.7113 9.42949 -9.91821e-05
      vertex 35.8426 9.22215 -1.5001
      vertex 35.8426 9.22215 -9.91821e-05
    endloop
  endfacet
  facet normal -0.614956 0.788562 0
    outer loop
      vertex 37.0215 16.016 -1.5001
      vertex 36.828 15.8651 -9.91821e-05
      vertex 37.0215 16.016 -9.91821e-05
    endloop
  endfacet
  facet normal -0.614956 0.788562 0
    outer loop
      vertex 36.828 15.8651 -9.91821e-05
      vertex 37.0215 16.016 -1.5001
      vertex 36.828 15.8651 -1.5001
    endloop
  endfacet
  facet normal -0.575867 0.817543 0
    outer loop
      vertex 37.2221 16.1573 -1.5001
      vertex 37.0215 16.016 -9.91821e-05
      vertex 37.2221 16.1573 -9.91821e-05
    endloop
  endfacet
  facet normal -0.575867 0.817543 0
    outer loop
      vertex 37.0215 16.016 -9.91821e-05
      vertex 37.2221 16.1573 -1.5001
      vertex 37.0215 16.016 -1.5001
    endloop
  endfacet
  facet normal -0.266803 0.963751 0
    outer loop
      vertex 38.7851 16.8502 -1.5001
      vertex 38.5485 16.7847 -9.91821e-05
      vertex 38.7851 16.8502 -9.91821e-05
    endloop
  endfacet
  facet normal -0.266803 0.963751 0
    outer loop
      vertex 38.5485 16.7847 -9.91821e-05
      vertex 38.7851 16.8502 -1.5001
      vertex 38.5485 16.7847 -1.5001
    endloop
  endfacet
  facet normal -0.359842 -0.933013 0
    outer loop
      vertex 38.0865 7.3806 -1.946
      vertex 38.3155 7.29228 -9.91821e-05
      vertex 38.0865 7.3806 -9.91821e-05
    endloop
  endfacet
  facet normal -0.359842 -0.933013 -0
    outer loop
      vertex 38.3155 7.29228 -9.91821e-05
      vertex 38.0865 7.3806 -1.946
      vertex 38.3155 7.29228 -1.946
    endloop
  endfacet
  facet normal -0.534868 -0.844936 0
    outer loop
      vertex 37.2221 7.84265 -1.946
      vertex 37.4295 7.71136 -9.91821e-05
      vertex 37.2221 7.84265 -9.91821e-05
    endloop
  endfacet
  facet normal -0.534868 -0.844936 -0
    outer loop
      vertex 37.4295 7.71136 -9.91821e-05
      vertex 37.2221 7.84265 -1.946
      vertex 37.4295 7.71136 -1.946
    endloop
  endfacet
  facet normal 0.359842 -0.933013 0
    outer loop
      vertex 41.6844 7.29228 -1.946
      vertex 41.9134 7.3806 -9.91821e-05
      vertex 41.6844 7.29228 -9.91821e-05
    endloop
  endfacet
  facet normal 0.359842 -0.933013 0
    outer loop
      vertex 41.9134 7.3806 -9.91821e-05
      vertex 41.6844 7.29228 -1.946
      vertex 41.9134 7.3806 -1.946
    endloop
  endfacet
  facet normal 0.844829 -0.535036 0
    outer loop
      vertex 44.2607 9.38542 -1.946
      vertex 44.1573 9.22215 -1.882
      vertex 44.1573 9.22215 -1.946
    endloop
  endfacet
  facet normal 0.844847 -0.535007 0
    outer loop
      vertex 44.1573 9.22215 -9.91821e-05
      vertex 44.2886 9.42949 -1.5001
      vertex 44.2886 9.42949 -9.91821e-05
    endloop
  endfacet
  facet normal 0.844847 -0.535007 0
    outer loop
      vertex 44.2886 9.42949 -1.5001
      vertex 44.1573 9.22215 -9.91821e-05
      vertex 44.1573 9.22215 -1.5001
    endloop
  endfacet
  facet normal -0.963722 -0.266908 0
    outer loop
      vertex 35.2153 10.5486 -1.5001
      vertex 35.1498 10.7851 -9.91821e-05
      vertex 35.1498 10.7851 -1.5001
    endloop
  endfacet
  facet normal -0.963722 -0.266908 0
    outer loop
      vertex 35.1498 10.7851 -9.91821e-05
      vertex 35.2153 10.5486 -1.5001
      vertex 35.2153 10.5486 -9.91821e-05
    endloop
  endfacet
  facet normal -0.975666 -0.21926 0
    outer loop
      vertex 35.1498 10.7851 -1.5001
      vertex 35.096 11.0245 -9.91821e-05
      vertex 35.096 11.0245 -1.5001
    endloop
  endfacet
  facet normal -0.975666 -0.21926 0
    outer loop
      vertex 35.096 11.0245 -9.91821e-05
      vertex 35.1498 10.7851 -1.5001
      vertex 35.1498 10.7851 -9.91821e-05
    endloop
  endfacet
  facet normal 0.653036 -0.757327 0
    outer loop
      vertex 43.1719 8.13495 -1.946
      vertex 43.3578 8.29525 -9.91821e-05
      vertex 43.1719 8.13495 -9.91821e-05
    endloop
  endfacet
  facet normal 0.653036 -0.757327 0
    outer loop
      vertex 43.3578 8.29525 -9.91821e-05
      vertex 43.1719 8.13495 -1.946
      vertex 43.3578 8.29525 -1.946
    endloop
  endfacet
  facet normal -0.689423 -0.724359 0
    outer loop
      vertex 36.6 8.33541 -1.5001
      vertex 36.4644 8.46447 -9.91821e-05
      vertex 36.4644 8.46447 -1.5001
    endloop
  endfacet
  facet normal -0.689413 -0.724368 1.7274e-06
    outer loop
      vertex 36.6 8.33541 -1.5001
      vertex 36.6422 8.29525 -9.91821e-05
      vertex 36.4644 8.46447 -9.91821e-05
    endloop
  endfacet
  facet normal -0.68992 -0.723886 -0.00022929
    outer loop
      vertex 36.6422 8.29525 -1.946
      vertex 36.5267 8.4052 -1.5341
      vertex 36.5205 8.41111 -1.537
    endloop
  endfacet
  facet normal -0.68923 -0.724543 0.000161897
    outer loop
      vertex 36.6422 8.29525 -1.946
      vertex 36.5205 8.41111 -1.537
      vertex 36.4644 8.46447 -1.563
    endloop
  endfacet
  facet normal -0.689413 -0.724368 0
    outer loop
      vertex 36.6422 8.29525 -1.946
      vertex 36.4644 8.46447 -1.563
      vertex 36.4644 8.46447 -1.946
    endloop
  endfacet
  facet normal -0.689381 -0.724399 0
    outer loop
      vertex 36.6422 8.29525 -1.946
      vertex 36.6422 8.29525 -9.91821e-05
      vertex 36.6 8.33541 -1.5001
    endloop
  endfacet
  facet normal -0.689547 -0.724241 -2.99297e-05
    outer loop
      vertex 36.6422 8.29525 -1.946
      vertex 36.6 8.33541 -1.5001
      vertex 36.5267 8.4052 -1.5341
    endloop
  endfacet
  facet normal -0.405496 0.914097 0
    outer loop
      vertex 38.0865 16.6194 -1.5001
      vertex 37.8622 16.5199 -9.91821e-05
      vertex 38.0865 16.6194 -9.91821e-05
    endloop
  endfacet
  facet normal -0.405496 0.914097 0
    outer loop
      vertex 37.8622 16.5199 -9.91821e-05
      vertex 38.0865 16.6194 -1.5001
      vertex 37.8622 16.5199 -1.5001
    endloop
  endfacet
  facet normal -0.89312 -0.449819 0
    outer loop
      vertex 35.5904 9.64302 -1.5001
      vertex 35.48 9.86222 -9.91821e-05
      vertex 35.48 9.86222 -1.5001
    endloop
  endfacet
  facet normal -0.89312 -0.449819 0
    outer loop
      vertex 35.48 9.86222 -9.91821e-05
      vertex 35.5904 9.64302 -1.5001
      vertex 35.5904 9.64302 -9.91821e-05
    endloop
  endfacet
  facet normal 0.615381 -0.788229 0
    outer loop
      vertex 42.9785 7.98396 -1.946
      vertex 43.1719 8.13495 -9.91821e-05
      vertex 42.9785 7.98396 -9.91821e-05
    endloop
  endfacet
  facet normal 0.615381 -0.788229 0
    outer loop
      vertex 43.1719 8.13495 -9.91821e-05
      vertex 42.9785 7.98396 -1.946
      vertex 43.1719 8.13495 -1.946
    endloop
  endfacet
  facet normal -0.405325 -0.914173 0
    outer loop
      vertex 37.8622 7.48005 -1.946
      vertex 38.0865 7.3806 -9.91821e-05
      vertex 37.8622 7.48005 -9.91821e-05
    endloop
  endfacet
  facet normal -0.405325 -0.914173 -0
    outer loop
      vertex 38.0865 7.3806 -9.91821e-05
      vertex 37.8622 7.48005 -1.946
      vertex 38.0865 7.3806 -1.946
    endloop
  endfacet
  facet normal 0 0 1
    outer loop
      vertex 44.143 -9.12661 -1.946
      vertex 44.1573 -9.22215 -1.946
      vertex 44.2607 -9.38542 -1.946
    endloop
  endfacet
  facet normal 0 0 1
    outer loop
      vertex 44.1396 -9.11981 -1.946
      vertex 44.1573 -9.22215 -1.946
      vertex 44.143 -9.12661 -1.946
    endloop
  endfacet
  facet normal 0 0 1
    outer loop
      vertex 44.1396 -9.11981 -1.946
      vertex 44.016 -9.0215 -1.946
      vertex 44.1573 -9.22215 -1.946
    endloop
  endfacet
  facet normal 0 0 1
    outer loop
      vertex 43.9565 -8.74838 -1.946
      vertex 44.016 -9.0215 -1.946
      vertex 44.1396 -9.11981 -1.946
    endloop
  endfacet
  facet normal 0 0 1
    outer loop
      vertex 43.865 -8.82803 -1.946
      vertex 43.9565 -8.74838 -1.946
      vertex 43.8836 -8.60052 -1.946
    endloop
  endfacet
  facet normal 0 0 1
    outer loop
      vertex 43.7047 -8.64221 -1.946
      vertex 43.8836 -8.60052 -1.946
      vertex 43.8728 -8.58442 -1.946
    endloop
  endfacet
  facet normal 0 0 1
    outer loop
      vertex 43.9565 -8.74838 -1.946
      vertex 43.865 -8.82803 -1.946
      vertex 44.016 -9.0215 -1.946
    endloop
  endfacet
  facet normal 0 0 1
    outer loop
      vertex 43.8836 -8.60052 -1.946
      vertex 43.7047 -8.64221 -1.946
      vertex 43.865 -8.82803 -1.946
    endloop
  endfacet
  facet normal -0 0 1
    outer loop
      vertex 43.5355 -8.46447 -1.946
      vertex 43.8728 -8.58442 -1.946
      vertex 43.5577 -8.1128 -1.946
    endloop
  endfacet
  facet normal 0 0 1
    outer loop
      vertex 43.3578 -8.29525 -1.946
      vertex 43.5577 -8.1128 -1.946
      vertex 43.5451 -8.09505 -1.946
    endloop
  endfacet
  facet normal 0 0 1
    outer loop
      vertex 43.8728 -8.58442 -1.946
      vertex 43.5355 -8.46447 -1.946
      vertex 43.7047 -8.64221 -1.946
    endloop
  endfacet
  facet normal 0 0 1
    outer loop
      vertex 43.5577 -8.1128 -1.946
      vertex 43.3578 -8.29525 -1.946
      vertex 43.5355 -8.46447 -1.946
    endloop
  endfacet
  facet normal 0 0 1
    outer loop
      vertex 43.1719 -8.13495 -1.946
      vertex 43.5451 -8.09505 -1.946
      vertex 43.2982 -7.74546 -1.946
    endloop
  endfacet
  facet normal 0 0 1
    outer loop
      vertex 43.5451 -8.09505 -1.946
      vertex 43.1719 -8.13495 -1.946
      vertex 43.3578 -8.29525 -1.946
    endloop
  endfacet
  facet normal 0 0 1
    outer loop
      vertex 43.2982 -7.74546 -1.946
      vertex 42.9785 -7.98396 -1.946
      vertex 43.1719 -8.13495 -1.946
    endloop
  endfacet
  facet normal 0 0 1
    outer loop
      vertex 42.7778 -7.84265 -1.946
      vertex 43.2982 -7.74546 -1.946
      vertex 42.9592 -7.35886 -1.946
    endloop
  endfacet
  facet normal 0 0 1
    outer loop
      vertex 42.9151 -7.31508 -1.946
      vertex 42.9592 -7.35886 -1.946
      vertex 42.9397 -7.33661 -1.946
    endloop
  endfacet
  facet normal 0 0 1
    outer loop
      vertex 42.9592 -7.35886 -1.946
      vertex 42.9151 -7.31508 -1.946
      vertex 42.5705 -7.71136 -1.946
    endloop
  endfacet
  facet normal 0 0 1
    outer loop
      vertex 43.2982 -7.74546 -1.946
      vertex 42.7778 -7.84265 -1.946
      vertex 42.9785 -7.98396 -1.946
    endloop
  endfacet
  facet normal 0 0 1
    outer loop
      vertex 42.9592 -7.35886 -1.946
      vertex 42.5705 -7.71136 -1.946
      vertex 42.7778 -7.84265 -1.946
    endloop
  endfacet
  facet normal 0 0 1
    outer loop
      vertex 42.357 -7.59039 -1.946
      vertex 42.9151 -7.31508 -1.946
      vertex 42.5308 -6.97805 -1.946
    endloop
  endfacet
  facet normal 0 0 1
    outer loop
      vertex 42.1377 -7.48005 -1.946
      vertex 42.5308 -6.97805 -1.946
      vertex 42.5197 -6.96878 -1.946
    endloop
  endfacet
  facet normal 0 0 1
    outer loop
      vertex 42.1377 -7.48005 -1.946
      vertex 42.5197 -6.96878 -1.946
      vertex 42.4945 -6.94758 -1.946
    endloop
  endfacet
  facet normal 0 0 1
    outer loop
      vertex 42.1377 -7.48005 -1.946
      vertex 42.4945 -6.94758 -1.946
      vertex 42.4906 -6.94432 -1.946
    endloop
  endfacet
  facet normal 0 0 1
    outer loop
      vertex 42.9151 -7.31508 -1.946
      vertex 42.357 -7.59039 -1.946
      vertex 42.5705 -7.71136 -1.946
    endloop
  endfacet
  facet normal 0 0 1
    outer loop
      vertex 42.1377 -7.48005 -1.946
      vertex 42.4906 -6.94432 -1.946
      vertex 42.2885 -6.77505 -1.946
    endloop
  endfacet
  facet normal 0 0 1
    outer loop
      vertex 42.5308 -6.97805 -1.946
      vertex 42.1377 -7.48005 -1.946
      vertex 42.357 -7.59039 -1.946
    endloop
  endfacet
  facet normal 0 0 1
    outer loop
      vertex 42.2885 -6.77505 -1.946
      vertex 41.9134 -7.3806 -1.946
      vertex 42.1377 -7.48005 -1.946
    endloop
  endfacet
  facet normal 0 0 1
    outer loop
      vertex 41.6844 -7.29228 -1.946
      vertex 42.2885 -6.77505 -1.946
      vertex 41.8796 -6.50186 -1.946
    endloop
  endfacet
  facet normal 0 0 1
    outer loop
      vertex 41.4514 -7.2153 -1.946
      vertex 41.8796 -6.50186 -1.946
      vertex 41.8504 -6.48745 -1.946
    endloop
  endfacet
  facet normal 0 0 1
    outer loop
      vertex 42.2885 -6.77505 -1.946
      vertex 41.6844 -7.29228 -1.946
      vertex 41.9134 -7.3806 -1.946
    endloop
  endfacet
  facet normal 0 0 1
    outer loop
      vertex 41.8796 -6.50186 -1.946
      vertex 41.4514 -7.2153 -1.946
      vertex 41.6844 -7.29228 -1.946
    endloop
  endfacet
  facet normal 0 0 1
    outer loop
      vertex 41.4386 -6.28437 -1.946
      vertex 41.4514 -7.2153 -1.946
      vertex 41.8504 -6.48745 -1.946
    endloop
  endfacet
  facet normal 0 0 1
    outer loop
      vertex 41.2149 -7.14984 -1.946
      vertex 41.4386 -6.28437 -1.946
      vertex 41.407 -6.27365 -1.946
    endloop
  endfacet
  facet normal 0 0 1
    outer loop
      vertex 41.4386 -6.28437 -1.946
      vertex 41.2149 -7.14984 -1.946
      vertex 41.4514 -7.2153 -1.946
    endloop
  endfacet
  facet normal 0 0 1
    outer loop
      vertex 41.407 -6.27365 -1.946
      vertex 40.9754 -7.09607 -1.946
      vertex 41.2149 -7.14984 -1.946
    endloop
  endfacet
  facet normal 0 0 1
    outer loop
      vertex 40.973 -6.12631 -1.946
      vertex 40.9754 -7.09607 -1.946
      vertex 41.407 -6.27365 -1.946
    endloop
  endfacet
  facet normal 0 0 1
    outer loop
      vertex 40.7336 -7.05412 -1.946
      vertex 40.973 -6.12631 -1.946
      vertex 40.9398 -6.1197 -1.946
    endloop
  endfacet
  facet normal 0 0 1
    outer loop
      vertex 40.973 -6.12631 -1.946
      vertex 40.7336 -7.05412 -1.946
      vertex 40.9754 -7.09607 -1.946
    endloop
  endfacet
  facet normal 0 0 1
    outer loop
      vertex 40.4901 -7.02408 -1.946
      vertex 40.9398 -6.1197 -1.946
      vertex 40.4907 -6.03038 -1.946
    endloop
  endfacet
  facet normal 0 0 1
    outer loop
      vertex 40.9398 -6.1197 -1.946
      vertex 40.4901 -7.02408 -1.946
      vertex 40.7336 -7.05412 -1.946
    endloop
  endfacet
  facet normal 0 0 1
    outer loop
      vertex 40.4567 -6.02815 -1.946
      vertex 40.4901 -7.02408 -1.946
      vertex 40.4907 -6.03038 -1.946
    endloop
  endfacet
  facet normal 0 0 1
    outer loop
      vertex 40.4567 -6.02815 -1.946
      vertex 40.2453 -7.00602 -1.946
      vertex 40.4901 -7.02408 -1.946
    endloop
  endfacet
  facet normal 0 0 1
    outer loop
      vertex 40 -5.99822 -1.946
      vertex 40.2453 -7.00602 -1.946
      vertex 40.4567 -6.02815 -1.946
    endloop
  endfacet
  facet normal 0 0 1
    outer loop
      vertex 40 -5.99822 -1.946
      vertex 40 -7 -1.946
      vertex 40.2453 -7.00602 -1.946
    endloop
  endfacet
  facet normal 0 0 1
    outer loop
      vertex 40 -5.99822 -1.946
      vertex 39.7546 -7.00602 -1.946
      vertex 40 -7 -1.946
    endloop
  endfacet
  facet normal -0 0 1
    outer loop
      vertex 39.5432 -6.02815 -1.946
      vertex 39.7546 -7.00602 -1.946
      vertex 40 -5.99822 -1.946
    endloop
  endfacet
  facet normal 0 0 1
    outer loop
      vertex 39.5432 -6.02815 -1.946
      vertex 39.5099 -7.02408 -1.946
      vertex 39.7546 -7.00602 -1.946
    endloop
  endfacet
  facet normal 0 0 1
    outer loop
      vertex 39.4765 -6.03689 -1.946
      vertex 39.5432 -6.02815 -1.946
      vertex 39.5093 -6.03038 -1.946
    endloop
  endfacet
  facet normal 0 0 1
    outer loop
      vertex 39.5432 -6.02815 -1.946
      vertex 39.4765 -6.03689 -1.946
      vertex 39.5099 -7.02408 -1.946
    endloop
  endfacet
  facet normal -0 0 1
    outer loop
      vertex 39.027 -6.12631 -1.946
      vertex 39.5099 -7.02408 -1.946
      vertex 39.4765 -6.03689 -1.946
    endloop
  endfacet
  facet normal 0 0 1
    outer loop
      vertex 39.5099 -7.02408 -1.946
      vertex 39.027 -6.12631 -1.946
      vertex 39.2663 -7.05412 -1.946
    endloop
  endfacet
  facet normal 0 0 1
    outer loop
      vertex 39.027 -6.12631 -1.946
      vertex 39.0245 -7.09607 -1.946
      vertex 39.2663 -7.05412 -1.946
    endloop
  endfacet
  facet normal -0 0 1
    outer loop
      vertex 38.593 -6.27365 -1.946
      vertex 39.0245 -7.09607 -1.946
      vertex 39.027 -6.12631 -1.946
    endloop
  endfacet
  facet normal 0 0 1
    outer loop
      vertex 39.0245 -7.09607 -1.946
      vertex 38.593 -6.27365 -1.946
      vertex 38.7851 -7.14984 -1.946
    endloop
  endfacet
  facet normal -0 0 1
    outer loop
      vertex 38.5614 -6.28437 -1.946
      vertex 38.7851 -7.14984 -1.946
      vertex 38.593 -6.27365 -1.946
    endloop
  endfacet
  facet normal 0 0 1
    outer loop
      vertex 38.5614 -6.28437 -1.946
      vertex 38.5485 -7.2153 -1.946
      vertex 38.7851 -7.14984 -1.946
    endloop
  endfacet
  facet normal -0 0 1
    outer loop
      vertex 38.1496 -6.48745 -1.946
      vertex 38.5485 -7.2153 -1.946
      vertex 38.5614 -6.28437 -1.946
    endloop
  endfacet
  facet normal -0 0 1
    outer loop
      vertex 38.1204 -6.50186 -1.946
      vertex 38.5485 -7.2153 -1.946
      vertex 38.1496 -6.48745 -1.946
    endloop
  endfacet
  facet normal 0 0 1
    outer loop
      vertex 38.5485 -7.2153 -1.946
      vertex 38.1204 -6.50186 -1.946
      vertex 38.3155 -7.29228 -1.946
    endloop
  endfacet
  facet normal -0 0 1
    outer loop
      vertex 37.7115 -6.77505 -1.946
      vertex 38.3155 -7.29228 -1.946
      vertex 38.1204 -6.50186 -1.946
    endloop
  endfacet
  facet normal 0 0 1
    outer loop
      vertex 38.3155 -7.29228 -1.946
      vertex 37.7115 -6.77505 -1.946
      vertex 38.0865 -7.3806 -1.946
    endloop
  endfacet
  facet normal 0 0 1
    outer loop
      vertex 38.0865 -7.3806 -1.946
      vertex 37.7115 -6.77505 -1.946
      vertex 37.8622 -7.48005 -1.946
    endloop
  endfacet
  facet normal -0 0 1
    outer loop
      vertex 37.5094 -6.94432 -1.946
      vertex 37.8622 -7.48005 -1.946
      vertex 37.7115 -6.77505 -1.946
    endloop
  endfacet
  facet normal -0 0 1
    outer loop
      vertex 37.5055 -6.94758 -1.946
      vertex 37.8622 -7.48005 -1.946
      vertex 37.5094 -6.94432 -1.946
    endloop
  endfacet
  facet normal -0 0 1
    outer loop
      vertex 37.4802 -6.96878 -1.946
      vertex 37.8622 -7.48005 -1.946
      vertex 37.5055 -6.94758 -1.946
    endloop
  endfacet
  facet normal -0 0 1
    outer loop
      vertex 37.4692 -6.97805 -1.946
      vertex 37.8622 -7.48005 -1.946
      vertex 37.4802 -6.96878 -1.946
    endloop
  endfacet
  facet normal 0 0 1
    outer loop
      vertex 37.8622 -7.48005 -1.946
      vertex 37.4692 -6.97805 -1.946
      vertex 37.643 -7.59039 -1.946
    endloop
  endfacet
  facet normal -0 0 1
    outer loop
      vertex 37.0848 -7.31508 -1.946
      vertex 37.643 -7.59039 -1.946
      vertex 37.4692 -6.97805 -1.946
    endloop
  endfacet
  facet normal 0 0 1
    outer loop
      vertex 37.643 -7.59039 -1.946
      vertex 37.0848 -7.31508 -1.946
      vertex 37.4295 -7.71136 -1.946
    endloop
  endfacet
  facet normal -0 0 1
    outer loop
      vertex 37.0408 -7.35886 -1.946
      vertex 37.4295 -7.71136 -1.946
      vertex 37.0848 -7.31508 -1.946
    endloop
  endfacet
  facet normal 0 0 1
    outer loop
      vertex 37.0408 -7.35886 -1.946
      vertex 37.0848 -7.31508 -1.946
      vertex 37.0603 -7.33661 -1.946
    endloop
  endfacet
  facet normal 0 0 1
    outer loop
      vertex 37.4295 -7.71136 -1.946
      vertex 37.0408 -7.35886 -1.946
      vertex 37.2221 -7.84265 -1.946
    endloop
  endfacet
  facet normal -0 0 1
    outer loop
      vertex 36.7018 -7.74546 -1.946
      vertex 37.2221 -7.84265 -1.946
      vertex 37.0408 -7.35886 -1.946
    endloop
  endfacet
  facet normal 0 0 1
    outer loop
      vertex 37.2221 -7.84265 -1.946
      vertex 36.7018 -7.74546 -1.946
      vertex 37.0215 -7.98396 -1.946
    endloop
  endfacet
  facet normal 0 0 1
    outer loop
      vertex 37.0215 -7.98396 -1.946
      vertex 36.7018 -7.74546 -1.946
      vertex 36.828 -8.13495 -1.946
    endloop
  endfacet
  facet normal -0 0 1
    outer loop
      vertex 36.4548 -8.09505 -1.946
      vertex 36.828 -8.13495 -1.946
      vertex 36.7018 -7.74546 -1.946
    endloop
  endfacet
  facet normal 0 0 1
    outer loop
      vertex 36.828 -8.13495 -1.946
      vertex 36.4548 -8.09505 -1.946
      vertex 36.6422 -8.29525 -1.946
    endloop
  endfacet
  facet normal -0 0 1
    outer loop
      vertex 36.4423 -8.1128 -1.946
      vertex 36.6422 -8.29525 -1.946
      vertex 36.4548 -8.09505 -1.946
    endloop
  endfacet
  facet normal 0 0 1
    outer loop
      vertex 36.6422 -8.29525 -1.946
      vertex 36.4423 -8.1128 -1.946
      vertex 36.4644 -8.46447 -1.946
    endloop
  endfacet
  facet normal 0 0 1
    outer loop
      vertex 36.1271 -8.58442 -1.946
      vertex 36.4644 -8.46447 -1.946
      vertex 36.4423 -8.1128 -1.946
    endloop
  endfacet
  facet normal 0 0 1
    outer loop
      vertex 36.4644 -8.46447 -1.946
      vertex 36.1271 -8.58442 -1.946
      vertex 36.2952 -8.64221 -1.946
    endloop
  endfacet
  facet normal -0 0 1
    outer loop
      vertex 36.1164 -8.60052 -1.946
      vertex 36.2952 -8.64221 -1.946
      vertex 36.1271 -8.58442 -1.946
    endloop
  endfacet
  facet normal 0 0 1
    outer loop
      vertex 36.2952 -8.64221 -1.946
      vertex 36.1164 -8.60052 -1.946
      vertex 36.1349 -8.82803 -1.946
    endloop
  endfacet
  facet normal -0 0 1
    outer loop
      vertex 36.0435 -8.74838 -1.946
      vertex 36.1349 -8.82803 -1.946
      vertex 36.1164 -8.60052 -1.946
    endloop
  endfacet
  facet normal 0 0 1
    outer loop
      vertex 36.0435 -8.74838 -1.946
      vertex 35.9839 -9.0215 -1.946
      vertex 36.1349 -8.82803 -1.946
    endloop
  endfacet
  facet normal 0 0 1
    outer loop
      vertex 35.8603 -9.11981 -1.946
      vertex 35.9839 -9.0215 -1.946
      vertex 36.0435 -8.74838 -1.946
    endloop
  endfacet
  facet normal 0 0 1
    outer loop
      vertex 35.8426 -9.22215 -1.946
      vertex 35.8603 -9.11981 -1.946
      vertex 35.857 -9.12661 -1.946
    endloop
  endfacet
  facet normal -0 0 1
    outer loop
      vertex 35.8603 -9.11981 -1.946
      vertex 35.8426 -9.22215 -1.946
      vertex 35.9839 -9.0215 -1.946
    endloop
  endfacet
  facet normal 0 -0 1
    outer loop
      vertex 35.8426 -9.22215 -1.946
      vertex 35.857 -9.12661 -1.946
      vertex 35.7392 -9.38542 -1.946
    endloop
  endfacet
  facet normal -0.870198 0.492703 0
    outer loop
      vertex 35.5904 -9.64302 -1.5001
      vertex 35.7113 -9.42949 -9.91821e-05
      vertex 35.7113 -9.42949 -1.5001
    endloop
  endfacet
  facet normal -0.870198 0.492703 0
    outer loop
      vertex 35.7113 -9.42949 -9.91821e-05
      vertex 35.5904 -9.64302 -1.5001
      vertex 35.5904 -9.64302 -9.91821e-05
    endloop
  endfacet
  facet normal 0.844829 0.535036 0
    outer loop
      vertex 44.1573 -9.22215 -1.882
      vertex 44.2607 -9.38542 -1.946
      vertex 44.1573 -9.22215 -1.946
    endloop
  endfacet
  facet normal 0.844847 0.535007 0
    outer loop
      vertex 44.2886 -9.42949 -9.91821e-05
      vertex 44.1573 -9.22215 -1.5001
      vertex 44.1573 -9.22215 -9.91821e-05
    endloop
  endfacet
  facet normal 0.844847 0.535007 0
    outer loop
      vertex 44.1573 -9.22215 -1.5001
      vertex 44.2886 -9.42949 -9.91821e-05
      vertex 44.2886 -9.42949 -1.5001
    endloop
  endfacet
  facet normal -0.757153 -0.653238 0
    outer loop
      vertex 36.2952 -15.3578 -1.5001
      vertex 36.1349 -15.172 -9.91821e-05
      vertex 36.1349 -15.172 -1.5001
    endloop
  endfacet
  facet normal -0.757153 -0.653238 0
    outer loop
      vertex 36.1349 -15.172 -9.91821e-05
      vertex 36.2952 -15.3578 -1.5001
      vertex 36.2952 -15.3578 -9.91821e-05
    endloop
  endfacet
  facet normal 0.787653 0.616119 0
    outer loop
      vertex 43.865 -8.82803 -1.6907
      vertex 43.8826 -8.85053 -1.6945
      vertex 43.865 -8.82803 -1.946
    endloop
  endfacet
  facet normal 0.785701 0.618606 0.000359006
    outer loop
      vertex 43.8826 -8.85053 -1.6945
      vertex 43.8836 -8.8518 -1.6947
      vertex 43.865 -8.82803 -1.946
    endloop
  endfacet
  facet normal 0.788592 0.614917 -0.000203884
    outer loop
      vertex 43.8836 -8.8518 -1.6947
      vertex 43.9581 -8.94736 -1.7504
      vertex 43.865 -8.82803 -1.946
    endloop
  endfacet
  facet normal 0.788137 0.6155 0
    outer loop
      vertex 44.016 -9.0215 -1.7936
      vertex 44.016 -9.0215 -1.946
      vertex 43.9581 -8.94736 -1.7504
    endloop
  endfacet
  facet normal 0.788318 0.615268 0.000141091
    outer loop
      vertex 43.9581 -8.94736 -1.7504
      vertex 44.016 -9.0215 -1.946
      vertex 43.865 -8.82803 -1.946
    endloop
  endfacet
  facet normal 0.788318 0.615268 0
    outer loop
      vertex 44.016 -9.0215 -9.91821e-05
      vertex 43.865 -8.82803 -1.5001
      vertex 43.865 -8.82803 -9.91821e-05
    endloop
  endfacet
  facet normal 0.788318 0.615268 0
    outer loop
      vertex 43.865 -8.82803 -1.5001
      vertex 44.016 -9.0215 -9.91821e-05
      vertex 44.016 -9.0215 -1.5001
    endloop
  endfacet
  facet normal -0.817543 -0.575867 0
    outer loop
      vertex 35.9839 -14.9785 -1.5001
      vertex 35.8426 -14.7779 -9.91821e-05
      vertex 35.8426 -14.7779 -1.5001
    endloop
  endfacet
  facet normal -0.817543 -0.575867 0
    outer loop
      vertex 35.8426 -14.7779 -9.91821e-05
      vertex 35.9839 -14.9785 -1.5001
      vertex 35.9839 -14.9785 -9.91821e-05
    endloop
  endfacet
  facet normal -0.122229 -0.992502 0
    outer loop
      vertex 39.2663 -16.9459 -1.5001
      vertex 39.5099 -16.9759 -9.91821e-05
      vertex 39.2663 -16.9459 -9.91821e-05
    endloop
  endfacet
  facet normal -0.122229 -0.992502 -0
    outer loop
      vertex 39.5099 -16.9759 -9.91821e-05
      vertex 39.2663 -16.9459 -1.5001
      vertex 39.5099 -16.9759 -1.5001
    endloop
  endfacet
  facet normal -0.985316 -0.170739 0
    outer loop
      vertex 35.096 -12.9755 -1.5001
      vertex 35.0541 -12.7337 -9.91821e-05
      vertex 35.0541 -12.7337 -1.5001
    endloop
  endfacet
  facet normal -0.985316 -0.170739 0
    outer loop
      vertex 35.0541 -12.7337 -9.91821e-05
      vertex 35.096 -12.9755 -1.5001
      vertex 35.096 -12.9755 -9.91821e-05
    endloop
  endfacet
  facet normal -0.999701 -0.0244525 0
    outer loop
      vertex 35.006 -12.2453 -1.5001
      vertex 35 -12 -9.91821e-05
      vertex 35 -12 -1.5001
    endloop
  endfacet
  facet normal -0.999701 -0.0244525 0
    outer loop
      vertex 35 -12 -9.91821e-05
      vertex 35.006 -12.2453 -1.5001
      vertex 35.006 -12.2453 -9.91821e-05
    endloop
  endfacet
  facet normal 0.985316 0.170739 0
    outer loop
      vertex 44.9458 -11.2663 -9.91821e-05
      vertex 44.9039 -11.0245 -1.5001
      vertex 44.9039 -11.0245 -9.91821e-05
    endloop
  endfacet
  facet normal 0.985316 0.170739 0
    outer loop
      vertex 44.9039 -11.0245 -1.5001
      vertex 44.9458 -11.2663 -9.91821e-05
      vertex 44.9458 -11.2663 -1.5001
    endloop
  endfacet
  facet normal -0.999701 0.0244525 0
    outer loop
      vertex 35 -12 -1.5001
      vertex 35.006 -11.7547 -9.91821e-05
      vertex 35.006 -11.7547 -1.5001
    endloop
  endfacet
  facet normal -0.999701 0.0244525 0
    outer loop
      vertex 35.006 -11.7547 -9.91821e-05
      vertex 35 -12 -1.5001
      vertex 35 -12 -9.91821e-05
    endloop
  endfacet
  facet normal -0.534868 0.844936 0
    outer loop
      vertex 37.4295 -7.71136 -1.946
      vertex 37.2221 -7.84265 -9.91821e-05
      vertex 37.4295 -7.71136 -9.91821e-05
    endloop
  endfacet
  facet normal -0.534868 0.844936 0
    outer loop
      vertex 37.2221 -7.84265 -9.91821e-05
      vertex 37.4295 -7.71136 -1.946
      vertex 37.2221 -7.84265 -1.946
    endloop
  endfacet
  facet normal -0.653238 0.757153 0
    outer loop
      vertex 36.828 -8.13495 -1.946
      vertex 36.6422 -8.29525 -9.91821e-05
      vertex 36.828 -8.13495 -9.91821e-05
    endloop
  endfacet
  facet normal -0.653238 0.757153 0
    outer loop
      vertex 36.6422 -8.29525 -9.91821e-05
      vertex 36.828 -8.13495 -1.946
      vertex 36.6422 -8.29525 -1.946
    endloop
  endfacet
  facet normal 0.689423 0.724359 0
    outer loop
      vertex 43.5355 -8.46447 -9.91821e-05
      vertex 43.5355 -8.46447 -1.5001
      vertex 43.3999 -8.33541 -1.5001
    endloop
  endfacet
  facet normal 0.689617 0.724175 -3.33357e-05
    outer loop
      vertex 43.5355 -8.46447 -9.91821e-05
      vertex 43.3999 -8.33541 -1.5001
      vertex 43.3578 -8.29525 -9.91821e-05
    endloop
  endfacet
  facet normal 0.689382 0.724398 7.57316e-05
    outer loop
      vertex 43.4733 -8.40521 -1.5341
      vertex 43.4795 -8.41111 -1.537
      vertex 43.3578 -8.29525 -1.946
    endloop
  endfacet
  facet normal 0.689797 0.724003 -0.000159753
    outer loop
      vertex 43.4795 -8.41111 -1.537
      vertex 43.5355 -8.46447 -1.563
      vertex 43.3578 -8.29525 -1.946
    endloop
  endfacet
  facet normal 0.689617 0.724175 0
    outer loop
      vertex 43.5355 -8.46447 -1.563
      vertex 43.5355 -8.46447 -1.946
      vertex 43.3578 -8.29525 -1.946
    endloop
  endfacet
  facet normal 0.690239 0.723582 0
    outer loop
      vertex 43.3578 -8.29525 -9.91821e-05
      vertex 43.3999 -8.33541 -1.5001
      vertex 43.3578 -8.29525 -1.946
    endloop
  endfacet
  facet normal 0.68916 0.724609 0.000194386
    outer loop
      vertex 43.3999 -8.33541 -1.5001
      vertex 43.4733 -8.40521 -1.5341
      vertex 43.3578 -8.29525 -1.946
    endloop
  endfacet
  facet normal -0.992452 -0.122631 0
    outer loop
      vertex 35.0541 -12.7337 -1.5001
      vertex 35.024 -12.4901 -9.91821e-05
      vertex 35.024 -12.4901 -1.5001
    endloop
  endfacet
  facet normal -0.992452 -0.122631 0
    outer loop
      vertex 35.024 -12.4901 -9.91821e-05
      vertex 35.0541 -12.7337 -1.5001
      vertex 35.0541 -12.7337 -9.91821e-05
    endloop
  endfacet
  facet normal 0.575675 -0.817679 0
    outer loop
      vertex 42.7778 -16.1573 -1.5001
      vertex 42.9785 -16.016 -9.91821e-05
      vertex 42.7778 -16.1573 -9.91821e-05
    endloop
  endfacet
  facet normal 0.575675 -0.817679 0
    outer loop
      vertex 42.9785 -16.016 -9.91821e-05
      vertex 42.7778 -16.1573 -1.5001
      vertex 42.9785 -16.016 -1.5001
    endloop
  endfacet
  facet normal 0.869993 -0.493064 0
    outer loop
      vertex 44.2886 -14.5705 -9.91821e-05
      vertex 44.4096 -14.357 -1.5001
      vertex 44.4096 -14.357 -9.91821e-05
    endloop
  endfacet
  facet normal 0.869993 -0.493064 0
    outer loop
      vertex 44.4096 -14.357 -1.5001
      vertex 44.2886 -14.5705 -9.91821e-05
      vertex 44.2886 -14.5705 -1.5001
    endloop
  endfacet
  facet normal 0.535052 0.844819 -0
    outer loop
      vertex 42.7778 -7.84265 -1.946
      vertex 42.5705 -7.71136 -9.91821e-05
      vertex 42.7778 -7.84265 -9.91821e-05
    endloop
  endfacet
  facet normal 0.535052 0.844819 0
    outer loop
      vertex 42.5705 -7.71136 -9.91821e-05
      vertex 42.7778 -7.84265 -1.946
      vertex 42.5705 -7.71136 -1.946
    endloop
  endfacet
  facet normal -0.997308 0.0733314 0
    outer loop
      vertex 35.006 -11.7547 -1.5001
      vertex 35.024 -11.5099 -9.91821e-05
      vertex 35.024 -11.5099 -1.5001
    endloop
  endfacet
  facet normal -0.997308 0.0733314 0
    outer loop
      vertex 35.024 -11.5099 -9.91821e-05
      vertex 35.006 -11.7547 -1.5001
      vertex 35.006 -11.7547 -9.91821e-05
    endloop
  endfacet
  facet normal -0.789352 0.613941 0
    outer loop
      vertex 36.1349 -8.82803 -1.6907
      vertex 36.1349 -8.82803 -1.946
      vertex 36.1174 -8.85053 -1.6945
    endloop
  endfacet
  facet normal -0.785725 0.618576 0.000667092
    outer loop
      vertex 36.1174 -8.85053 -1.6945
      vertex 36.1349 -8.82803 -1.946
      vertex 36.1164 -8.8518 -1.6947
    endloop
  endfacet
  facet normal -0.788297 0.615295 0.000167439
    outer loop
      vertex 36.1164 -8.8518 -1.6947
      vertex 36.1349 -8.82803 -1.946
      vertex 36.0418 -8.94736 -1.7504
    endloop
  endfacet
  facet normal -0.788318 0.615268 0.000141091
    outer loop
      vertex 36.0418 -8.94736 -1.7504
      vertex 36.1349 -8.82803 -1.946
      vertex 35.9839 -9.0215 -1.946
    endloop
  endfacet
  facet normal -0.788137 0.6155 0
    outer loop
      vertex 35.9839 -9.0215 -1.7936
      vertex 36.0418 -8.94736 -1.7504
      vertex 35.9839 -9.0215 -1.946
    endloop
  endfacet
  facet normal -0.788318 0.615268 0
    outer loop
      vertex 35.9839 -9.0215 -1.5001
      vertex 36.1349 -8.82803 -9.91821e-05
      vertex 36.1349 -8.82803 -1.5001
    endloop
  endfacet
  facet normal -0.788318 0.615268 0
    outer loop
      vertex 36.1349 -8.82803 -9.91821e-05
      vertex 35.9839 -9.0215 -1.5001
      vertex 35.9839 -9.0215 -9.91821e-05
    endloop
  endfacet
  facet normal -0.817733 0.575598 0
    outer loop
      vertex 35.9839 -9.0215 -1.7936
      vertex 35.9839 -9.0215 -1.946
      vertex 35.8581 -9.20022 -1.8702
    endloop
  endfacet
  facet normal -0.817611 0.575771 0.000611007
    outer loop
      vertex 35.8581 -9.20022 -1.8702
      vertex 35.9839 -9.0215 -1.946
      vertex 35.8426 -9.22215 -1.946
    endloop
  endfacet
  facet normal -0.817338 0.576158 0.000443318
    outer loop
      vertex 35.857 -9.20178 -1.8708
      vertex 35.8581 -9.20022 -1.8702
      vertex 35.8426 -9.22215 -1.946
    endloop
  endfacet
  facet normal -0.816568 0.57725 0
    outer loop
      vertex 35.8426 -9.22215 -1.882
      vertex 35.857 -9.20178 -1.8708
      vertex 35.8426 -9.22215 -1.946
    endloop
  endfacet
  facet normal -0.817611 0.575771 0
    outer loop
      vertex 35.8426 -9.22215 -1.5001
      vertex 35.9839 -9.0215 -9.91821e-05
      vertex 35.9839 -9.0215 -1.5001
    endloop
  endfacet
  facet normal -0.817611 0.575771 0
    outer loop
      vertex 35.9839 -9.0215 -9.91821e-05
      vertex 35.8426 -9.22215 -1.5001
      vertex 35.8426 -9.22215 -9.91821e-05
    endloop
  endfacet
  facet normal -0.949617 -0.313414 0
    outer loop
      vertex 35.2922 -13.6844 -1.5001
      vertex 35.2153 -13.4514 -9.91821e-05
      vertex 35.2153 -13.4514 -1.5001
    endloop
  endfacet
  facet normal -0.949617 -0.313414 0
    outer loop
      vertex 35.2153 -13.4514 -9.91821e-05
      vertex 35.2922 -13.6844 -1.5001
      vertex 35.2922 -13.6844 -9.91821e-05
    endloop
  endfacet
  facet normal -0.932904 -0.360125 0
    outer loop
      vertex 35.3806 -13.9134 -1.5001
      vertex 35.2922 -13.6844 -9.91821e-05
      vertex 35.2922 -13.6844 -1.5001
    endloop
  endfacet
  facet normal -0.932904 -0.360125 0
    outer loop
      vertex 35.2922 -13.6844 -9.91821e-05
      vertex 35.3806 -13.9134 -1.5001
      vertex 35.3806 -13.9134 -9.91821e-05
    endloop
  endfacet
  facet normal -0.492971 0.870045 0
    outer loop
      vertex 37.643 -7.59039 -1.946
      vertex 37.4295 -7.71136 -9.91821e-05
      vertex 37.643 -7.59039 -9.91821e-05
    endloop
  endfacet
  facet normal -0.492971 0.870045 0
    outer loop
      vertex 37.4295 -7.71136 -9.91821e-05
      vertex 37.643 -7.59039 -1.946
      vertex 37.4295 -7.71136 -1.946
    endloop
  endfacet
  facet normal 0.999691 -0.0248598 0
    outer loop
      vertex 44.9939 -12.2453 -9.91821e-05
      vertex 45 -12 -1.5001
      vertex 45 -12 -9.91821e-05
    endloop
  endfacet
  facet normal 0.999691 -0.0248598 0
    outer loop
      vertex 45 -12 -1.5001
      vertex 44.9939 -12.2453 -9.91821e-05
      vertex 44.9939 -12.2453 -1.5001
    endloop
  endfacet
  facet normal 0.999691 0.0248598 0
    outer loop
      vertex 45 -12 -9.91821e-05
      vertex 44.9939 -11.7547 -1.5001
      vertex 44.9939 -11.7547 -9.91821e-05
    endloop
  endfacet
  facet normal 0.999691 0.0248598 0
    outer loop
      vertex 44.9939 -11.7547 -1.5001
      vertex 45 -12 -9.91821e-05
      vertex 45 -12 -1.5001
    endloop
  endfacet
  facet normal 0.266908 -0.963722 0
    outer loop
      vertex 41.2149 -16.8502 -1.5001
      vertex 41.4514 -16.7847 -9.91821e-05
      vertex 41.2149 -16.8502 -9.91821e-05
    endloop
  endfacet
  facet normal 0.266908 -0.963722 0
    outer loop
      vertex 41.4514 -16.7847 -9.91821e-05
      vertex 41.2149 -16.8502 -1.5001
      vertex 41.4514 -16.7847 -1.5001
    endloop
  endfacet
  facet normal -0.788364 -0.615209 0
    outer loop
      vertex 36.1349 -15.172 -1.5001
      vertex 35.9839 -14.9785 -9.91821e-05
      vertex 35.9839 -14.9785 -1.5001
    endloop
  endfacet
  facet normal -0.788364 -0.615209 0
    outer loop
      vertex 35.9839 -14.9785 -9.91821e-05
      vertex 36.1349 -15.172 -1.5001
      vertex 36.1349 -15.172 -9.91821e-05
    endloop
  endfacet
  facet normal -0.844829 0.535036 0
    outer loop
      vertex 35.8426 -9.22215 -1.882
      vertex 35.8426 -9.22215 -1.946
      vertex 35.7392 -9.38542 -1.946
    endloop
  endfacet
  facet normal -0.844847 0.535007 0
    outer loop
      vertex 35.7113 -9.42949 -1.5001
      vertex 35.8426 -9.22215 -9.91821e-05
      vertex 35.8426 -9.22215 -1.5001
    endloop
  endfacet
  facet normal -0.844847 0.535007 0
    outer loop
      vertex 35.8426 -9.22215 -9.91821e-05
      vertex 35.7113 -9.42949 -1.5001
      vertex 35.7113 -9.42949 -9.91821e-05
    endloop
  endfacet
  facet normal -0.932904 0.360125 0
    outer loop
      vertex 35.2922 -10.3156 -1.5001
      vertex 35.3806 -10.0866 -9.91821e-05
      vertex 35.3806 -10.0866 -1.5001
    endloop
  endfacet
  facet normal -0.932904 0.360125 0
    outer loop
      vertex 35.3806 -10.0866 -9.91821e-05
      vertex 35.2922 -10.3156 -1.5001
      vertex 35.2922 -10.3156 -9.91821e-05
    endloop
  endfacet
  facet normal 0.449461 0.8933 -0
    outer loop
      vertex 42.357 -7.59039 -1.946
      vertex 42.1377 -7.48005 -9.91821e-05
      vertex 42.357 -7.59039 -9.91821e-05
    endloop
  endfacet
  facet normal 0.449461 0.8933 0
    outer loop
      vertex 42.1377 -7.48005 -9.91821e-05
      vertex 42.357 -7.59039 -1.946
      vertex 42.1377 -7.48005 -1.946
    endloop
  endfacet
  facet normal 0.997308 0.0733314 0
    outer loop
      vertex 44.9939 -11.7547 -9.91821e-05
      vertex 44.9759 -11.5099 -1.5001
      vertex 44.9759 -11.5099 -9.91821e-05
    endloop
  endfacet
  facet normal 0.997308 0.0733314 0
    outer loop
      vertex 44.9759 -11.5099 -1.5001
      vertex 44.9939 -11.7547 -9.91821e-05
      vertex 44.9939 -11.7547 -1.5001
    endloop
  endfacet
  facet normal 0.171135 -0.985248 0
    outer loop
      vertex 40.7336 -16.9459 -1.5001
      vertex 40.9754 -16.9039 -9.91821e-05
      vertex 40.7336 -16.9459 -9.91821e-05
    endloop
  endfacet
  facet normal 0.171135 -0.985248 0
    outer loop
      vertex 40.9754 -16.9039 -9.91821e-05
      vertex 40.7336 -16.9459 -1.5001
      vertex 40.9754 -16.9039 -1.5001
    endloop
  endfacet
  facet normal 0.219057 0.975712 -0
    outer loop
      vertex 41.2149 -7.14984 -1.946
      vertex 40.9754 -7.09607 -9.91821e-05
      vertex 41.2149 -7.14984 -9.91821e-05
    endloop
  endfacet
  facet normal 0.219057 0.975712 0
    outer loop
      vertex 40.9754 -7.09607 -9.91821e-05
      vertex 41.2149 -7.14984 -1.946
      vertex 40.9754 -7.09607 -1.946
    endloop
  endfacet
  facet normal 0.933041 -0.359771 0
    outer loop
      vertex 44.6194 -13.9134 -9.91821e-05
      vertex 44.7077 -13.6844 -1.5001
      vertex 44.7077 -13.6844 -9.91821e-05
    endloop
  endfacet
  facet normal 0.933041 -0.359771 0
    outer loop
      vertex 44.7077 -13.6844 -1.5001
      vertex 44.6194 -13.9134 -9.91821e-05
      vertex 44.6194 -13.9134 -1.5001
    endloop
  endfacet
  facet normal 0.949495 0.313782 0
    outer loop
      vertex 44.7847 -10.5486 -9.91821e-05
      vertex 44.7077 -10.3156 -1.5001
      vertex 44.7077 -10.3156 -9.91821e-05
    endloop
  endfacet
  facet normal 0.949495 0.313782 0
    outer loop
      vertex 44.7077 -10.3156 -1.5001
      vertex 44.7847 -10.5486 -9.91821e-05
      vertex 44.7847 -10.5486 -1.5001
    endloop
  endfacet
  facet normal 0.992452 0.122631 0
    outer loop
      vertex 44.9759 -11.5099 -9.91821e-05
      vertex 44.9458 -11.2663 -1.5001
      vertex 44.9458 -11.2663 -9.91821e-05
    endloop
  endfacet
  facet normal 0.992452 0.122631 0
    outer loop
      vertex 44.9458 -11.2663 -1.5001
      vertex 44.9759 -11.5099 -9.91821e-05
      vertex 44.9759 -11.5099 -1.5001
    endloop
  endfacet
  facet normal -0.313708 0.949519 0
    outer loop
      vertex 38.5485 -7.2153 -1.946
      vertex 38.3155 -7.29228 -9.91821e-05
      vertex 38.5485 -7.2153 -9.91821e-05
    endloop
  endfacet
  facet normal -0.313708 0.949519 0
    outer loop
      vertex 38.3155 -7.29228 -9.91821e-05
      vertex 38.5485 -7.2153 -1.946
      vertex 38.3155 -7.29228 -1.946
    endloop
  endfacet
  facet normal 0.653036 0.757327 -0
    outer loop
      vertex 43.3578 -8.29525 -1.946
      vertex 43.1719 -8.13495 -9.91821e-05
      vertex 43.3578 -8.29525 -9.91821e-05
    endloop
  endfacet
  facet normal 0.653036 0.757327 0
    outer loop
      vertex 43.1719 -8.13495 -9.91821e-05
      vertex 43.3578 -8.29525 -1.946
      vertex 43.1719 -8.13495 -1.946
    endloop
  endfacet
  facet normal 0.724138 0.689655 0
    outer loop
      vertex 43.5355 -8.46447 -1.563
      vertex 43.5571 -8.48715 -1.5708
      vertex 43.5355 -8.46447 -1.946
    endloop
  endfacet
  facet normal 0.707438 0.706773 0.00199612
    outer loop
      vertex 43.5571 -8.48715 -1.5708
      vertex 43.5577 -8.48775 -1.571
      vertex 43.5355 -8.46447 -1.946
    endloop
  endfacet
  facet normal 0.724366 0.689416 -8.3485e-05
    outer loop
      vertex 43.5577 -8.48775 -1.571
      vertex 43.7047 -8.64221 -1.6367
      vertex 43.5355 -8.46447 -1.946
    endloop
  endfacet
  facet normal 0.724293 0.689492 0
    outer loop
      vertex 43.7047 -8.64221 -1.6367
      vertex 43.7047 -8.64221 -1.946
      vertex 43.5355 -8.46447 -1.946
    endloop
  endfacet
  facet normal 0.724293 0.689492 0
    outer loop
      vertex 43.7047 -8.64221 -9.91821e-05
      vertex 43.5355 -8.46447 -1.5001
      vertex 43.5355 -8.46447 -9.91821e-05
    endloop
  endfacet
  facet normal 0.724293 0.689492 0
    outer loop
      vertex 43.5355 -8.46447 -1.5001
      vertex 43.7047 -8.64221 -9.91821e-05
      vertex 43.7047 -8.64221 -1.5001
    endloop
  endfacet
  facet normal 0.992452 -0.122631 0
    outer loop
      vertex 44.9458 -12.7337 -9.91821e-05
      vertex 44.9759 -12.4901 -1.5001
      vertex 44.9759 -12.4901 -9.91821e-05
    endloop
  endfacet
  facet normal 0.992452 -0.122631 0
    outer loop
      vertex 44.9759 -12.4901 -1.5001
      vertex 44.9458 -12.7337 -9.91821e-05
      vertex 44.9458 -12.7337 -1.5001
    endloop
  endfacet
  facet normal 0.405325 0.914173 -0
    outer loop
      vertex 42.1377 -7.48005 -1.946
      vertex 41.9134 -7.3806 -9.91821e-05
      vertex 42.1377 -7.48005 -9.91821e-05
    endloop
  endfacet
  facet normal 0.405325 0.914173 0
    outer loop
      vertex 41.9134 -7.3806 -9.91821e-05
      vertex 42.1377 -7.48005 -1.946
      vertex 41.9134 -7.3806 -1.946
    endloop
  endfacet
  facet normal -0.963722 0.266908 0
    outer loop
      vertex 35.1498 -10.7851 -1.5001
      vertex 35.2153 -10.5486 -9.91821e-05
      vertex 35.2153 -10.5486 -1.5001
    endloop
  endfacet
  facet normal -0.963722 0.266908 0
    outer loop
      vertex 35.2153 -10.5486 -9.91821e-05
      vertex 35.1498 -10.7851 -1.5001
      vertex 35.1498 -10.7851 -9.91821e-05
    endloop
  endfacet
  facet normal 0.949495 -0.313782 0
    outer loop
      vertex 44.7077 -13.6844 -9.91821e-05
      vertex 44.7847 -13.4514 -1.5001
      vertex 44.7847 -13.4514 -9.91821e-05
    endloop
  endfacet
  facet normal 0.949495 -0.313782 0
    outer loop
      vertex 44.7847 -13.4514 -1.5001
      vertex 44.7077 -13.6844 -9.91821e-05
      vertex 44.7077 -13.6844 -1.5001
    endloop
  endfacet
  facet normal 0.893283 0.449494 0
    outer loop
      vertex 44.5199 -9.86222 -9.91821e-05
      vertex 44.4096 -9.64302 -1.5001
      vertex 44.4096 -9.64302 -9.91821e-05
    endloop
  endfacet
  facet normal 0.893283 0.449494 0
    outer loop
      vertex 44.4096 -9.64302 -1.5001
      vertex 44.5199 -9.86222 -9.91821e-05
      vertex 44.5199 -9.86222 -1.5001
    endloop
  endfacet
  facet normal -0.449494 -0.893283 0
    outer loop
      vertex 37.643 -16.4096 -1.5001
      vertex 37.8622 -16.5199 -9.91821e-05
      vertex 37.643 -16.4096 -9.91821e-05
    endloop
  endfacet
  facet normal -0.449494 -0.893283 -0
    outer loop
      vertex 37.8622 -16.5199 -9.91821e-05
      vertex 37.643 -16.4096 -1.5001
      vertex 37.8622 -16.5199 -1.5001
    endloop
  endfacet
  facet normal -0.689413 0.724368 1.7274e-06
    outer loop
      vertex 36.6422 -8.29525 -9.91821e-05
      vertex 36.6 -8.33541 -1.5001
      vertex 36.4644 -8.46447 -9.91821e-05
    endloop
  endfacet
  facet normal -0.689547 0.724241 -2.99297e-05
    outer loop
      vertex 36.6 -8.33541 -1.5001
      vertex 36.6422 -8.29525 -1.946
      vertex 36.5267 -8.4052 -1.5341
    endloop
  endfacet
  facet normal -0.68992 0.723886 -0.00022929
    outer loop
      vertex 36.5267 -8.4052 -1.5341
      vertex 36.6422 -8.29525 -1.946
      vertex 36.5205 -8.41111 -1.537
    endloop
  endfacet
  facet normal -0.689381 0.724399 0
    outer loop
      vertex 36.6422 -8.29525 -9.91821e-05
      vertex 36.6422 -8.29525 -1.946
      vertex 36.6 -8.33541 -1.5001
    endloop
  endfacet
  facet normal -0.68923 0.724543 0.000161897
    outer loop
      vertex 36.5205 -8.41111 -1.537
      vertex 36.6422 -8.29525 -1.946
      vertex 36.4644 -8.46447 -1.563
    endloop
  endfacet
  facet normal -0.689413 0.724368 0
    outer loop
      vertex 36.4644 -8.46447 -1.563
      vertex 36.6422 -8.29525 -1.946
      vertex 36.4644 -8.46447 -1.946
    endloop
  endfacet
  facet normal -0.689423 0.724359 0
    outer loop
      vertex 36.4644 -8.46447 -9.91821e-05
      vertex 36.6 -8.33541 -1.5001
      vertex 36.4644 -8.46447 -1.5001
    endloop
  endfacet
  facet normal 0.615381 0.788229 -0
    outer loop
      vertex 43.1719 -8.13495 -1.946
      vertex 42.9785 -7.98396 -9.91821e-05
      vertex 43.1719 -8.13495 -9.91821e-05
    endloop
  endfacet
  facet normal 0.615381 0.788229 0
    outer loop
      vertex 42.9785 -7.98396 -9.91821e-05
      vertex 43.1719 -8.13495 -1.946
      vertex 42.9785 -7.98396 -1.946
    endloop
  endfacet
  facet normal 0.0737366 -0.997278 0
    outer loop
      vertex 40.2453 -16.994 -1.5001
      vertex 40.4901 -16.9759 -9.91821e-05
      vertex 40.2453 -16.994 -9.91821e-05
    endloop
  endfacet
  facet normal 0.0737366 -0.997278 0
    outer loop
      vertex 40.4901 -16.9759 -9.91821e-05
      vertex 40.2453 -16.994 -1.5001
      vertex 40.4901 -16.9759 -1.5001
    endloop
  endfacet
  facet normal -0.914315 -0.405004 0
    outer loop
      vertex 35.48 -14.1378 -1.5001
      vertex 35.3806 -13.9134 -9.91821e-05
      vertex 35.3806 -13.9134 -1.5001
    endloop
  endfacet
  facet normal -0.914315 -0.405004 0
    outer loop
      vertex 35.3806 -13.9134 -9.91821e-05
      vertex 35.48 -14.1378 -1.5001
      vertex 35.48 -14.1378 -9.91821e-05
    endloop
  endfacet
  facet normal -0.975666 0.21926 0
    outer loop
      vertex 35.096 -11.0245 -1.5001
      vertex 35.1498 -10.7851 -9.91821e-05
      vertex 35.1498 -10.7851 -1.5001
    endloop
  endfacet
  facet normal -0.975666 0.21926 0
    outer loop
      vertex 35.1498 -10.7851 -9.91821e-05
      vertex 35.096 -11.0245 -1.5001
      vertex 35.096 -11.0245 -9.91821e-05
    endloop
  endfacet
  facet normal -0.218872 -0.975754 0
    outer loop
      vertex 38.7851 -16.8502 -1.5001
      vertex 39.0245 -16.9039 -9.91821e-05
      vertex 38.7851 -16.8502 -9.91821e-05
    endloop
  endfacet
  facet normal -0.218872 -0.975754 -0
    outer loop
      vertex 39.0245 -16.9039 -9.91821e-05
      vertex 38.7851 -16.8502 -1.5001
      vertex 39.0245 -16.9039 -1.5001
    endloop
  endfacet
  facet normal 0.975666 0.21926 0
    outer loop
      vertex 44.9039 -11.0245 -9.91821e-05
      vertex 44.8501 -10.7851 -1.5001
      vertex 44.8501 -10.7851 -9.91821e-05
    endloop
  endfacet
  facet normal 0.975666 0.21926 0
    outer loop
      vertex 44.8501 -10.7851 -1.5001
      vertex 44.9039 -11.0245 -9.91821e-05
      vertex 44.9039 -11.0245 -1.5001
    endloop
  endfacet
  facet normal 0.313782 -0.949495 0
    outer loop
      vertex 41.4514 -16.7847 -1.5001
      vertex 41.6844 -16.7077 -9.91821e-05
      vertex 41.4514 -16.7847 -9.91821e-05
    endloop
  endfacet
  facet normal 0.313782 -0.949495 0
    outer loop
      vertex 41.6844 -16.7077 -9.91821e-05
      vertex 41.4514 -16.7847 -1.5001
      vertex 41.6844 -16.7077 -1.5001
    endloop
  endfacet
  facet normal -0.997308 -0.0733314 0
    outer loop
      vertex 35.024 -12.4901 -1.5001
      vertex 35.006 -12.2453 -9.91821e-05
      vertex 35.006 -12.2453 -1.5001
    endloop
  endfacet
  facet normal -0.997308 -0.0733314 0
    outer loop
      vertex 35.006 -12.2453 -9.91821e-05
      vertex 35.024 -12.4901 -1.5001
      vertex 35.024 -12.4901 -9.91821e-05
    endloop
  endfacet
  facet normal 0.122439 0.992476 -0
    outer loop
      vertex 40.7336 -7.05412 -1.946
      vertex 40.4901 -7.02408 -9.91821e-05
      vertex 40.7336 -7.05412 -9.91821e-05
    endloop
  endfacet
  facet normal 0.122439 0.992476 0
    outer loop
      vertex 40.4901 -7.02408 -9.91821e-05
      vertex 40.7336 -7.05412 -1.946
      vertex 40.4901 -7.02408 -1.946
    endloop
  endfacet
  facet normal 0.313708 0.949519 -0
    outer loop
      vertex 41.6844 -7.29228 -1.946
      vertex 41.4514 -7.2153 -9.91821e-05
      vertex 41.6844 -7.29228 -9.91821e-05
    endloop
  endfacet
  facet normal 0.313708 0.949519 0
    outer loop
      vertex 41.4514 -7.2153 -9.91821e-05
      vertex 41.6844 -7.29228 -1.946
      vertex 41.4514 -7.2153 -1.946
    endloop
  endfacet
  facet normal 0.757188 0.653198 0
    outer loop
      vertex 43.865 -8.82803 -1.6907
      vertex 43.7047 -8.64221 -1.946
      vertex 43.7047 -8.64221 -1.6367
    endloop
  endfacet
  facet normal 0.757188 0.653198 0
    outer loop
      vertex 43.7047 -8.64221 -1.946
      vertex 43.865 -8.82803 -1.6907
      vertex 43.865 -8.82803 -1.946
    endloop
  endfacet
  facet normal 0.757188 0.653198 0
    outer loop
      vertex 43.865 -8.82803 -9.91821e-05
      vertex 43.7047 -8.64221 -1.5001
      vertex 43.7047 -8.64221 -9.91821e-05
    endloop
  endfacet
  facet normal 0.757188 0.653198 0
    outer loop
      vertex 43.7047 -8.64221 -1.5001
      vertex 43.865 -8.82803 -9.91821e-05
      vertex 43.865 -8.82803 -1.5001
    endloop
  endfacet
  facet normal 0.997308 -0.0733314 0
    outer loop
      vertex 44.9759 -12.4901 -9.91821e-05
      vertex 44.9939 -12.2453 -1.5001
      vertex 44.9939 -12.2453 -9.91821e-05
    endloop
  endfacet
  facet normal 0.997308 -0.0733314 0
    outer loop
      vertex 44.9939 -12.2453 -1.5001
      vertex 44.9759 -12.4901 -9.91821e-05
      vertex 44.9759 -12.4901 -1.5001
    endloop
  endfacet
  facet normal -0.170937 0.985282 0
    outer loop
      vertex 39.2663 -7.05412 -1.946
      vertex 39.0245 -7.09607 -9.91821e-05
      vertex 39.2663 -7.05412 -9.91821e-05
    endloop
  endfacet
  facet normal -0.170937 0.985282 0
    outer loop
      vertex 39.0245 -7.09607 -9.91821e-05
      vertex 39.2663 -7.05412 -1.946
      vertex 39.0245 -7.09607 -1.946
    endloop
  endfacet
  facet normal 0.963827 0.26653 0
    outer loop
      vertex 44.8501 -10.7851 -9.91821e-05
      vertex 44.7847 -10.5486 -1.5001
      vertex 44.7847 -10.5486 -9.91821e-05
    endloop
  endfacet
  facet normal 0.963827 0.26653 0
    outer loop
      vertex 44.7847 -10.5486 -1.5001
      vertex 44.8501 -10.7851 -9.91821e-05
      vertex 44.8501 -10.7851 -1.5001
    endloop
  endfacet
  facet normal -0.614956 -0.788562 0
    outer loop
      vertex 36.828 -15.8651 -1.5001
      vertex 37.0215 -16.016 -9.91821e-05
      vertex 36.828 -15.8651 -9.91821e-05
    endloop
  endfacet
  facet normal -0.614956 -0.788562 -0
    outer loop
      vertex 37.0215 -16.016 -9.91821e-05
      vertex 36.828 -15.8651 -1.5001
      vertex 37.0215 -16.016 -1.5001
    endloop
  endfacet
  facet normal 0.0244525 -0.999701 0
    outer loop
      vertex 40 -17 -1.5001
      vertex 40.2453 -16.994 -9.91821e-05
      vertex 40 -17 -9.91821e-05
    endloop
  endfacet
  facet normal 0.0244525 -0.999701 0
    outer loop
      vertex 40.2453 -16.994 -9.91821e-05
      vertex 40 -17 -1.5001
      vertex 40.2453 -16.994 -1.5001
    endloop
  endfacet
  facet normal -0.171135 -0.985248 0
    outer loop
      vertex 39.0245 -16.9039 -1.5001
      vertex 39.2663 -16.9459 -9.91821e-05
      vertex 39.0245 -16.9039 -9.91821e-05
    endloop
  endfacet
  facet normal -0.171135 -0.985248 -0
    outer loop
      vertex 39.2663 -16.9459 -9.91821e-05
      vertex 39.0245 -16.9039 -1.5001
      vertex 39.2663 -16.9459 -1.5001
    endloop
  endfacet
  facet normal -0.992452 0.122631 0
    outer loop
      vertex 35.024 -11.5099 -1.5001
      vertex 35.0541 -11.2663 -9.91821e-05
      vertex 35.0541 -11.2663 -1.5001
    endloop
  endfacet
  facet normal -0.992452 0.122631 0
    outer loop
      vertex 35.0541 -11.2663 -9.91821e-05
      vertex 35.024 -11.5099 -1.5001
      vertex 35.024 -11.5099 -9.91821e-05
    endloop
  endfacet
  facet normal -0.493064 -0.869993 0
    outer loop
      vertex 37.4295 -16.2886 -1.5001
      vertex 37.643 -16.4096 -9.91821e-05
      vertex 37.4295 -16.2886 -9.91821e-05
    endloop
  endfacet
  facet normal -0.493064 -0.869993 -0
    outer loop
      vertex 37.643 -16.4096 -9.91821e-05
      vertex 37.4295 -16.2886 -1.5001
      vertex 37.643 -16.4096 -1.5001
    endloop
  endfacet
  facet normal 0.689787 -0.724012 0
    outer loop
      vertex 43.3578 -15.7048 -1.5001
      vertex 43.5355 -15.5355 -9.91821e-05
      vertex 43.3578 -15.7048 -9.91821e-05
    endloop
  endfacet
  facet normal 0.689787 -0.724012 0
    outer loop
      vertex 43.5355 -15.5355 -9.91821e-05
      vertex 43.3578 -15.7048 -1.5001
      vertex 43.5355 -15.5355 -1.5001
    endloop
  endfacet
  facet normal -0.024524 0.999699 0
    outer loop
      vertex 40 -7 -1.946
      vertex 39.7546 -7.00602 -9.91821e-05
      vertex 40 -7 -9.91821e-05
    endloop
  endfacet
  facet normal -0.024524 0.999699 0
    outer loop
      vertex 39.7546 -7.00602 -9.91821e-05
      vertex 40 -7 -1.946
      vertex 39.7546 -7.00602 -1.946
    endloop
  endfacet
  facet normal 0.788364 -0.615209 0
    outer loop
      vertex 43.865 -15.172 -9.91821e-05
      vertex 44.016 -14.9785 -1.5001
      vertex 44.016 -14.9785 -9.91821e-05
    endloop
  endfacet
  facet normal 0.788364 -0.615209 0
    outer loop
      vertex 44.016 -14.9785 -1.5001
      vertex 43.865 -15.172 -9.91821e-05
      vertex 43.865 -15.172 -1.5001
    endloop
  endfacet
  facet normal 0.870023 0.493012 0
    outer loop
      vertex 44.4096 -9.64302 -9.91821e-05
      vertex 44.2886 -9.42949 -1.5001
      vertex 44.2886 -9.42949 -9.91821e-05
    endloop
  endfacet
  facet normal 0.870023 0.493012 0
    outer loop
      vertex 44.2886 -9.42949 -1.5001
      vertex 44.4096 -9.64302 -9.91821e-05
      vertex 44.4096 -9.64302 -1.5001
    endloop
  endfacet
  facet normal 0.963827 -0.26653 0
    outer loop
      vertex 44.7847 -13.4514 -9.91821e-05
      vertex 44.8501 -13.2149 -1.5001
      vertex 44.8501 -13.2149 -9.91821e-05
    endloop
  endfacet
  facet normal 0.963827 -0.26653 0
    outer loop
      vertex 44.8501 -13.2149 -1.5001
      vertex 44.7847 -13.4514 -9.91821e-05
      vertex 44.7847 -13.4514 -1.5001
    endloop
  endfacet
  facet normal -0.575867 -0.817543 0
    outer loop
      vertex 37.0215 -16.016 -1.5001
      vertex 37.2221 -16.1573 -9.91821e-05
      vertex 37.0215 -16.016 -9.91821e-05
    endloop
  endfacet
  facet normal -0.575867 -0.817543 -0
    outer loop
      vertex 37.2221 -16.1573 -9.91821e-05
      vertex 37.0215 -16.016 -1.5001
      vertex 37.2221 -16.1573 -1.5001
    endloop
  endfacet
  facet normal 0.914164 -0.405345 0
    outer loop
      vertex 44.5199 -14.1378 -9.91821e-05
      vertex 44.6194 -13.9134 -1.5001
      vertex 44.6194 -13.9134 -9.91821e-05
    endloop
  endfacet
  facet normal 0.914164 -0.405345 0
    outer loop
      vertex 44.6194 -13.9134 -1.5001
      vertex 44.5199 -14.1378 -9.91821e-05
      vertex 44.5199 -14.1378 -1.5001
    endloop
  endfacet
  facet normal -0.724138 0.689655 0
    outer loop
      vertex 36.4644 -8.46447 -1.563
      vertex 36.4644 -8.46447 -1.946
      vertex 36.4428 -8.48715 -1.5708
    endloop
  endfacet
  facet normal -0.767322 0.641239 -0.00541271
    outer loop
      vertex 36.4428 -8.48715 -1.5708
      vertex 36.4644 -8.46447 -1.946
      vertex 36.4423 -8.48775 -1.571
    endloop
  endfacet
  facet normal -0.724293 0.689492 0
    outer loop
      vertex 36.2952 -8.64221 -1.6367
      vertex 36.4644 -8.46447 -1.946
      vertex 36.2952 -8.64221 -1.946
    endloop
  endfacet
  facet normal -0.724177 0.689614 0.00013304
    outer loop
      vertex 36.4423 -8.48775 -1.571
      vertex 36.4644 -8.46447 -1.946
      vertex 36.2952 -8.64221 -1.6367
    endloop
  endfacet
  facet normal -0.724293 0.689492 0
    outer loop
      vertex 36.2952 -8.64221 -1.5001
      vertex 36.4644 -8.46447 -9.91821e-05
      vertex 36.4644 -8.46447 -1.5001
    endloop
  endfacet
  facet normal -0.724293 0.689492 0
    outer loop
      vertex 36.4644 -8.46447 -9.91821e-05
      vertex 36.2952 -8.64221 -1.5001
      vertex 36.2952 -8.64221 -9.91821e-05
    endloop
  endfacet
  facet normal 0.492971 0.870045 -0
    outer loop
      vertex 42.5705 -7.71136 -1.946
      vertex 42.357 -7.59039 -9.91821e-05
      vertex 42.5705 -7.71136 -9.91821e-05
    endloop
  endfacet
  facet normal 0.492971 0.870045 0
    outer loop
      vertex 42.357 -7.59039 -9.91821e-05
      vertex 42.5705 -7.71136 -1.946
      vertex 42.357 -7.59039 -1.946
    endloop
  endfacet
  facet normal 0.975666 -0.21926 0
    outer loop
      vertex 44.8501 -13.2149 -9.91821e-05
      vertex 44.9039 -12.9755 -1.5001
      vertex 44.9039 -12.9755 -9.91821e-05
    endloop
  endfacet
  facet normal 0.975666 -0.21926 0
    outer loop
      vertex 44.9039 -12.9755 -1.5001
      vertex 44.8501 -13.2149 -9.91821e-05
      vertex 44.8501 -13.2149 -1.5001
    endloop
  endfacet
  facet normal 0.535081 -0.844801 0
    outer loop
      vertex 42.5705 -16.2886 -1.5001
      vertex 42.7778 -16.1573 -9.91821e-05
      vertex 42.5705 -16.2886 -9.91821e-05
    endloop
  endfacet
  facet normal 0.535081 -0.844801 0
    outer loop
      vertex 42.7778 -16.1573 -9.91821e-05
      vertex 42.5705 -16.2886 -1.5001
      vertex 42.7778 -16.1573 -1.5001
    endloop
  endfacet
  facet normal -0.0736045 0.997288 0
    outer loop
      vertex 39.7546 -7.00602 -1.946
      vertex 39.5099 -7.02408 -9.91821e-05
      vertex 39.7546 -7.00602 -9.91821e-05
    endloop
  endfacet
  facet normal -0.0736045 0.997288 0
    outer loop
      vertex 39.5099 -7.02408 -9.91821e-05
      vertex 39.7546 -7.00602 -1.946
      vertex 39.5099 -7.02408 -1.946
    endloop
  endfacet
  facet normal -0.219144 0.975693 0
    outer loop
      vertex 39.0245 -7.09607 -1.946
      vertex 38.7851 -7.14984 -9.91821e-05
      vertex 39.0245 -7.09607 -9.91821e-05
    endloop
  endfacet
  facet normal -0.219144 0.975693 0
    outer loop
      vertex 38.7851 -7.14984 -9.91821e-05
      vertex 39.0245 -7.09607 -1.946
      vertex 38.7851 -7.14984 -1.946
    endloop
  endfacet
  facet normal 0.914151 0.405375 0
    outer loop
      vertex 44.6194 -10.0866 -9.91821e-05
      vertex 44.5199 -9.86222 -1.5001
      vertex 44.5199 -9.86222 -9.91821e-05
    endloop
  endfacet
  facet normal 0.914151 0.405375 0
    outer loop
      vertex 44.5199 -9.86222 -1.5001
      vertex 44.6194 -10.0866 -9.91821e-05
      vertex 44.6194 -10.0866 -1.5001
    endloop
  endfacet
  facet normal 0.575702 0.817659 -0
    outer loop
      vertex 42.9785 -7.98396 -1.946
      vertex 42.7778 -7.84265 -9.91821e-05
      vertex 42.9785 -7.98396 -9.91821e-05
    endloop
  endfacet
  facet normal 0.575702 0.817659 0
    outer loop
      vertex 42.7778 -7.84265 -9.91821e-05
      vertex 42.9785 -7.98396 -1.946
      vertex 42.7778 -7.84265 -1.946
    endloop
  endfacet
  facet normal 0.405496 -0.914097 0
    outer loop
      vertex 41.9134 -16.6194 -1.5001
      vertex 42.1377 -16.5199 -9.91821e-05
      vertex 41.9134 -16.6194 -9.91821e-05
    endloop
  endfacet
  facet normal 0.405496 -0.914097 0
    outer loop
      vertex 42.1377 -16.5199 -9.91821e-05
      vertex 41.9134 -16.6194 -1.5001
      vertex 42.1377 -16.5199 -1.5001
    endloop
  endfacet
  facet normal -0.266803 -0.963751 0
    outer loop
      vertex 38.5485 -16.7847 -1.5001
      vertex 38.7851 -16.8502 -9.91821e-05
      vertex 38.5485 -16.7847 -9.91821e-05
    endloop
  endfacet
  facet normal -0.266803 -0.963751 -0
    outer loop
      vertex 38.7851 -16.8502 -9.91821e-05
      vertex 38.5485 -16.7847 -1.5001
      vertex 38.7851 -16.8502 -1.5001
    endloop
  endfacet
  facet normal -0.12239 0.992482 0
    outer loop
      vertex 39.5099 -7.02408 -1.946
      vertex 39.2663 -7.05412 -9.91821e-05
      vertex 39.5099 -7.02408 -9.91821e-05
    endloop
  endfacet
  facet normal -0.12239 0.992482 0
    outer loop
      vertex 39.2663 -7.05412 -9.91821e-05
      vertex 39.5099 -7.02408 -1.946
      vertex 39.2663 -7.05412 -1.946
    endloop
  endfacet
  facet normal -0.359842 0.933013 0
    outer loop
      vertex 38.3155 -7.29228 -1.946
      vertex 38.0865 -7.3806 -9.91821e-05
      vertex 38.3155 -7.29228 -9.91821e-05
    endloop
  endfacet
  facet normal -0.359842 0.933013 0
    outer loop
      vertex 38.0865 -7.3806 -9.91821e-05
      vertex 38.3155 -7.29228 -1.946
      vertex 38.0865 -7.3806 -1.946
    endloop
  endfacet
  facet normal 0.493064 -0.869993 0
    outer loop
      vertex 42.357 -16.4096 -1.5001
      vertex 42.5705 -16.2886 -9.91821e-05
      vertex 42.357 -16.4096 -9.91821e-05
    endloop
  endfacet
  facet normal 0.493064 -0.869993 0
    outer loop
      vertex 42.5705 -16.2886 -9.91821e-05
      vertex 42.357 -16.4096 -1.5001
      vertex 42.5705 -16.2886 -1.5001
    endloop
  endfacet
  facet normal -0.653238 -0.757153 0
    outer loop
      vertex 36.6422 -15.7048 -1.5001
      vertex 36.828 -15.8651 -9.91821e-05
      vertex 36.6422 -15.7048 -9.91821e-05
    endloop
  endfacet
  facet normal -0.653238 -0.757153 -0
    outer loop
      vertex 36.828 -15.8651 -9.91821e-05
      vertex 36.6422 -15.7048 -1.5001
      vertex 36.828 -15.8651 -1.5001
    endloop
  endfacet
  facet normal -0.724215 -0.689574 0
    outer loop
      vertex 36.4644 -15.5355 -1.5001
      vertex 36.2952 -15.3578 -9.91821e-05
      vertex 36.2952 -15.3578 -1.5001
    endloop
  endfacet
  facet normal -0.724215 -0.689574 0
    outer loop
      vertex 36.2952 -15.3578 -9.91821e-05
      vertex 36.4644 -15.5355 -1.5001
      vertex 36.4644 -15.5355 -9.91821e-05
    endloop
  endfacet
  facet normal 0.757153 -0.653238 0
    outer loop
      vertex 43.7047 -15.3578 -9.91821e-05
      vertex 43.865 -15.172 -1.5001
      vertex 43.865 -15.172 -9.91821e-05
    endloop
  endfacet
  facet normal 0.757153 -0.653238 0
    outer loop
      vertex 43.865 -15.172 -1.5001
      vertex 43.7047 -15.3578 -9.91821e-05
      vertex 43.7047 -15.3578 -1.5001
    endloop
  endfacet
  facet normal -0.870168 -0.492755 0
    outer loop
      vertex 35.7113 -14.5705 -1.5001
      vertex 35.5904 -14.357 -9.91821e-05
      vertex 35.5904 -14.357 -1.5001
    endloop
  endfacet
  facet normal -0.870168 -0.492755 0
    outer loop
      vertex 35.5904 -14.357 -9.91821e-05
      vertex 35.7113 -14.5705 -1.5001
      vertex 35.7113 -14.5705 -9.91821e-05
    endloop
  endfacet
  facet normal 0.893283 -0.449494 0
    outer loop
      vertex 44.4096 -14.357 -9.91821e-05
      vertex 44.5199 -14.1378 -1.5001
      vertex 44.5199 -14.1378 -9.91821e-05
    endloop
  endfacet
  facet normal 0.893283 -0.449494 0
    outer loop
      vertex 44.5199 -14.1378 -1.5001
      vertex 44.4096 -14.357 -9.91821e-05
      vertex 44.4096 -14.357 -1.5001
    endloop
  endfacet
  facet normal 0.449331 -0.893366 0
    outer loop
      vertex 42.1377 -16.5199 -1.5001
      vertex 42.357 -16.4096 -9.91821e-05
      vertex 42.1377 -16.5199 -9.91821e-05
    endloop
  endfacet
  facet normal 0.449331 -0.893366 0
    outer loop
      vertex 42.357 -16.4096 -9.91821e-05
      vertex 42.1377 -16.5199 -1.5001
      vertex 42.357 -16.4096 -1.5001
    endloop
  endfacet
  facet normal 0.122279 -0.992496 0
    outer loop
      vertex 40.4901 -16.9759 -1.5001
      vertex 40.7336 -16.9459 -9.91821e-05
      vertex 40.4901 -16.9759 -9.91821e-05
    endloop
  endfacet
  facet normal 0.122279 -0.992496 0
    outer loop
      vertex 40.7336 -16.9459 -9.91821e-05
      vertex 40.4901 -16.9759 -1.5001
      vertex 40.7336 -16.9459 -1.5001
    endloop
  endfacet
  facet normal -0.949617 0.313414 0
    outer loop
      vertex 35.2153 -10.5486 -1.5001
      vertex 35.2922 -10.3156 -9.91821e-05
      vertex 35.2922 -10.3156 -1.5001
    endloop
  endfacet
  facet normal -0.949617 0.313414 0
    outer loop
      vertex 35.2922 -10.3156 -9.91821e-05
      vertex 35.2153 -10.5486 -1.5001
      vertex 35.2153 -10.5486 -9.91821e-05
    endloop
  endfacet
  facet normal 0.359842 0.933013 -0
    outer loop
      vertex 41.9134 -7.3806 -1.946
      vertex 41.6844 -7.29228 -9.91821e-05
      vertex 41.9134 -7.3806 -9.91821e-05
    endloop
  endfacet
  facet normal 0.359842 0.933013 0
    outer loop
      vertex 41.6844 -7.29228 -9.91821e-05
      vertex 41.9134 -7.3806 -1.946
      vertex 41.6844 -7.29228 -1.946
    endloop
  endfacet
  facet normal 0.266757 0.963764 -0
    outer loop
      vertex 41.4514 -7.2153 -1.946
      vertex 41.2149 -7.14984 -9.91821e-05
      vertex 41.4514 -7.2153 -9.91821e-05
    endloop
  endfacet
  facet normal 0.266757 0.963764 0
    outer loop
      vertex 41.2149 -7.14984 -9.91821e-05
      vertex 41.4514 -7.2153 -1.946
      vertex 41.2149 -7.14984 -1.946
    endloop
  endfacet
  facet normal -0.89312 0.449819 0
    outer loop
      vertex 35.48 -9.86222 -1.5001
      vertex 35.5904 -9.64302 -9.91821e-05
      vertex 35.5904 -9.64302 -1.5001
    endloop
  endfacet
  facet normal -0.89312 0.449819 0
    outer loop
      vertex 35.5904 -9.64302 -9.91821e-05
      vertex 35.48 -9.86222 -1.5001
      vertex 35.48 -9.86222 -9.91821e-05
    endloop
  endfacet
  facet normal -0.985316 0.170739 0
    outer loop
      vertex 35.0541 -11.2663 -1.5001
      vertex 35.096 -11.0245 -9.91821e-05
      vertex 35.096 -11.0245 -1.5001
    endloop
  endfacet
  facet normal -0.985316 0.170739 0
    outer loop
      vertex 35.096 -11.0245 -9.91821e-05
      vertex 35.0541 -11.2663 -1.5001
      vertex 35.0541 -11.2663 -9.91821e-05
    endloop
  endfacet
  facet normal 0.218785 -0.975773 0
    outer loop
      vertex 40.9754 -16.9039 -1.5001
      vertex 41.2149 -16.8502 -9.91821e-05
      vertex 40.9754 -16.9039 -9.91821e-05
    endloop
  endfacet
  facet normal 0.218785 -0.975773 0
    outer loop
      vertex 41.2149 -16.8502 -9.91821e-05
      vertex 40.9754 -16.9039 -1.5001
      vertex 41.2149 -16.8502 -1.5001
    endloop
  endfacet
  facet normal 0.0735746 0.99729 -0
    outer loop
      vertex 40.4901 -7.02408 -1.946
      vertex 40.2453 -7.00602 -9.91821e-05
      vertex 40.4901 -7.02408 -9.91821e-05
    endloop
  endfacet
  facet normal 0.0735746 0.99729 0
    outer loop
      vertex 40.2453 -7.00602 -9.91821e-05
      vertex 40.4901 -7.02408 -1.946
      vertex 40.2453 -7.00602 -1.946
    endloop
  endfacet
  facet normal 0.933041 0.359771 0
    outer loop
      vertex 44.7077 -10.3156 -9.91821e-05
      vertex 44.6194 -10.0866 -1.5001
      vertex 44.6194 -10.0866 -9.91821e-05
    endloop
  endfacet
  facet normal 0.933041 0.359771 0
    outer loop
      vertex 44.6194 -10.0866 -1.5001
      vertex 44.7077 -10.3156 -9.91821e-05
      vertex 44.7077 -10.3156 -1.5001
    endloop
  endfacet
  facet normal 0.170937 0.985282 -0
    outer loop
      vertex 40.9754 -7.09607 -1.946
      vertex 40.7336 -7.05412 -9.91821e-05
      vertex 40.9754 -7.09607 -9.91821e-05
    endloop
  endfacet
  facet normal 0.170937 0.985282 0
    outer loop
      vertex 40.7336 -7.05412 -9.91821e-05
      vertex 40.9754 -7.09607 -1.946
      vertex 40.7336 -7.05412 -1.946
    endloop
  endfacet
  facet normal 0.817533 0.575882 0
    outer loop
      vertex 44.016 -9.0215 -1.7936
      vertex 44.1419 -9.20023 -1.8702
      vertex 44.016 -9.0215 -1.946
    endloop
  endfacet
  facet normal 0.81516 0.579233 -0.00189067
    outer loop
      vertex 44.143 -9.20178 -1.8708
      vertex 44.1573 -9.22215 -1.946
      vertex 44.1419 -9.20023 -1.8702
    endloop
  endfacet
  facet normal 0.818457 0.574567 0
    outer loop
      vertex 44.1573 -9.22215 -1.882
      vertex 44.1573 -9.22215 -1.946
      vertex 44.143 -9.20178 -1.8708
    endloop
  endfacet
  facet normal 0.817611 0.575771 -0.000391676
    outer loop
      vertex 44.1419 -9.20023 -1.8702
      vertex 44.1573 -9.22215 -1.946
      vertex 44.016 -9.0215 -1.946
    endloop
  endfacet
  facet normal 0.817611 0.575771 0
    outer loop
      vertex 44.1573 -9.22215 -9.91821e-05
      vertex 44.016 -9.0215 -1.5001
      vertex 44.016 -9.0215 -9.91821e-05
    endloop
  endfacet
  facet normal 0.817611 0.575771 0
    outer loop
      vertex 44.016 -9.0215 -1.5001
      vertex 44.1573 -9.22215 -9.91821e-05
      vertex 44.1573 -9.22215 -1.5001
    endloop
  endfacet
  facet normal -0.449624 0.893218 0
    outer loop
      vertex 37.8622 -7.48005 -1.946
      vertex 37.643 -7.59039 -9.91821e-05
      vertex 37.8622 -7.48005 -9.91821e-05
    endloop
  endfacet
  facet normal -0.449624 0.893218 0
    outer loop
      vertex 37.643 -7.59039 -9.91821e-05
      vertex 37.8622 -7.48005 -1.946
      vertex 37.643 -7.59039 -1.946
    endloop
  endfacet
  facet normal -0.757188 0.653198 0
    outer loop
      vertex 36.1349 -8.82803 -1.6907
      vertex 36.2952 -8.64221 -1.946
      vertex 36.1349 -8.82803 -1.946
    endloop
  endfacet
  facet normal -0.757188 0.653198 0
    outer loop
      vertex 36.2952 -8.64221 -1.946
      vertex 36.1349 -8.82803 -1.6907
      vertex 36.2952 -8.64221 -1.6367
    endloop
  endfacet
  facet normal -0.757188 0.653198 0
    outer loop
      vertex 36.1349 -8.82803 -1.5001
      vertex 36.2952 -8.64221 -9.91821e-05
      vertex 36.2952 -8.64221 -1.5001
    endloop
  endfacet
  facet normal -0.757188 0.653198 0
    outer loop
      vertex 36.2952 -8.64221 -9.91821e-05
      vertex 36.1349 -8.82803 -1.5001
      vertex 36.1349 -8.82803 -9.91821e-05
    endloop
  endfacet
  facet normal 0.817543 -0.575867 0
    outer loop
      vertex 44.016 -14.9785 -9.91821e-05
      vertex 44.1573 -14.7779 -1.5001
      vertex 44.1573 -14.7779 -9.91821e-05
    endloop
  endfacet
  facet normal 0.817543 -0.575867 0
    outer loop
      vertex 44.1573 -14.7779 -1.5001
      vertex 44.016 -14.9785 -9.91821e-05
      vertex 44.016 -14.9785 -1.5001
    endloop
  endfacet
  facet normal 0.024534 0.999699 -0
    outer loop
      vertex 40.2453 -7.00602 -1.946
      vertex 40 -7 -9.91821e-05
      vertex 40.2453 -7.00602 -9.91821e-05
    endloop
  endfacet
  facet normal 0.024534 0.999699 0
    outer loop
      vertex 40 -7 -9.91821e-05
      vertex 40.2453 -7.00602 -1.946
      vertex 40 -7 -1.946
    endloop
  endfacet
  facet normal -0.0244426 -0.999701 0
    outer loop
      vertex 39.7546 -16.994 -1.5001
      vertex 40 -17 -9.91821e-05
      vertex 39.7546 -16.994 -9.91821e-05
    endloop
  endfacet
  facet normal -0.0244426 -0.999701 -0
    outer loop
      vertex 40 -17 -9.91821e-05
      vertex 39.7546 -16.994 -1.5001
      vertex 40 -17 -1.5001
    endloop
  endfacet
  facet normal -0.914302 0.405034 0
    outer loop
      vertex 35.3806 -10.0866 -1.5001
      vertex 35.48 -9.86222 -9.91821e-05
      vertex 35.48 -9.86222 -1.5001
    endloop
  endfacet
  facet normal -0.914302 0.405034 0
    outer loop
      vertex 35.48 -9.86222 -9.91821e-05
      vertex 35.3806 -10.0866 -1.5001
      vertex 35.3806 -10.0866 -9.91821e-05
    endloop
  endfacet
  facet normal 0.724215 -0.689574 0
    outer loop
      vertex 43.5355 -15.5355 -9.91821e-05
      vertex 43.7047 -15.3578 -1.5001
      vertex 43.7047 -15.3578 -9.91821e-05
    endloop
  endfacet
  facet normal 0.724215 -0.689574 0
    outer loop
      vertex 43.7047 -15.3578 -1.5001
      vertex 43.5355 -15.5355 -9.91821e-05
      vertex 43.5355 -15.5355 -1.5001
    endloop
  endfacet
  facet normal -0.313782 -0.949495 0
    outer loop
      vertex 38.3155 -16.7077 -1.5001
      vertex 38.5485 -16.7847 -9.91821e-05
      vertex 38.3155 -16.7077 -9.91821e-05
    endloop
  endfacet
  facet normal -0.313782 -0.949495 -0
    outer loop
      vertex 38.5485 -16.7847 -9.91821e-05
      vertex 38.3155 -16.7077 -1.5001
      vertex 38.5485 -16.7847 -1.5001
    endloop
  endfacet
  facet normal 0.985316 -0.170739 0
    outer loop
      vertex 44.9039 -12.9755 -9.91821e-05
      vertex 44.9458 -12.7337 -1.5001
      vertex 44.9458 -12.7337 -9.91821e-05
    endloop
  endfacet
  facet normal 0.985316 -0.170739 0
    outer loop
      vertex 44.9458 -12.7337 -1.5001
      vertex 44.9039 -12.9755 -9.91821e-05
      vertex 44.9039 -12.9755 -1.5001
    endloop
  endfacet
  facet normal -0.0737666 -0.997276 0
    outer loop
      vertex 39.5099 -16.9759 -1.5001
      vertex 39.7546 -16.994 -9.91821e-05
      vertex 39.5099 -16.9759 -9.91821e-05
    endloop
  endfacet
  facet normal -0.0737666 -0.997276 -0
    outer loop
      vertex 39.7546 -16.994 -9.91821e-05
      vertex 39.5099 -16.9759 -1.5001
      vertex 39.7546 -16.994 -1.5001
    endloop
  endfacet
  facet normal -0.844917 -0.534897 0
    outer loop
      vertex 35.8426 -14.7779 -1.5001
      vertex 35.7113 -14.5705 -9.91821e-05
      vertex 35.7113 -14.5705 -1.5001
    endloop
  endfacet
  facet normal -0.844917 -0.534897 0
    outer loop
      vertex 35.7113 -14.5705 -9.91821e-05
      vertex 35.8426 -14.7779 -1.5001
      vertex 35.8426 -14.7779 -9.91821e-05
    endloop
  endfacet
  facet normal -0.615184 0.788384 0
    outer loop
      vertex 37.0215 -7.98396 -1.946
      vertex 36.828 -8.13495 -9.91821e-05
      vertex 37.0215 -7.98396 -9.91821e-05
    endloop
  endfacet
  facet normal -0.615184 0.788384 0
    outer loop
      vertex 36.828 -8.13495 -9.91821e-05
      vertex 37.0215 -7.98396 -1.946
      vertex 36.828 -8.13495 -1.946
    endloop
  endfacet
  facet normal -0.575894 0.817524 0
    outer loop
      vertex 37.2221 -7.84265 -1.946
      vertex 37.0215 -7.98396 -9.91821e-05
      vertex 37.2221 -7.84265 -9.91821e-05
    endloop
  endfacet
  facet normal -0.575894 0.817524 0
    outer loop
      vertex 37.0215 -7.98396 -9.91821e-05
      vertex 37.2221 -7.84265 -1.946
      vertex 37.0215 -7.98396 -1.946
    endloop
  endfacet
  facet normal -0.266652 0.963793 0
    outer loop
      vertex 38.7851 -7.14984 -1.946
      vertex 38.5485 -7.2153 -9.91821e-05
      vertex 38.7851 -7.14984 -9.91821e-05
    endloop
  endfacet
  facet normal -0.266652 0.963793 0
    outer loop
      vertex 38.5485 -7.2153 -9.91821e-05
      vertex 38.7851 -7.14984 -1.946
      vertex 38.5485 -7.2153 -1.946
    endloop
  endfacet
  facet normal -0.359771 -0.933041 0
    outer loop
      vertex 38.0865 -16.6194 -1.5001
      vertex 38.3155 -16.7077 -9.91821e-05
      vertex 38.0865 -16.6194 -9.91821e-05
    endloop
  endfacet
  facet normal -0.359771 -0.933041 -0
    outer loop
      vertex 38.3155 -16.7077 -9.91821e-05
      vertex 38.0865 -16.6194 -1.5001
      vertex 38.3155 -16.7077 -1.5001
    endloop
  endfacet
  facet normal -0.534897 -0.844917 0
    outer loop
      vertex 37.2221 -16.1573 -1.5001
      vertex 37.4295 -16.2886 -9.91821e-05
      vertex 37.2221 -16.1573 -9.91821e-05
    endloop
  endfacet
  facet normal -0.534897 -0.844917 -0
    outer loop
      vertex 37.4295 -16.2886 -9.91821e-05
      vertex 37.2221 -16.1573 -1.5001
      vertex 37.4295 -16.2886 -1.5001
    endloop
  endfacet
  facet normal 0.359771 -0.933041 0
    outer loop
      vertex 41.6844 -16.7077 -1.5001
      vertex 41.9134 -16.6194 -9.91821e-05
      vertex 41.6844 -16.7077 -9.91821e-05
    endloop
  endfacet
  facet normal 0.359771 -0.933041 0
    outer loop
      vertex 41.9134 -16.6194 -9.91821e-05
      vertex 41.6844 -16.7077 -1.5001
      vertex 41.9134 -16.6194 -1.5001
    endloop
  endfacet
  facet normal 0.844917 -0.534897 0
    outer loop
      vertex 44.1573 -14.7779 -9.91821e-05
      vertex 44.2886 -14.5705 -1.5001
      vertex 44.2886 -14.5705 -9.91821e-05
    endloop
  endfacet
  facet normal 0.844917 -0.534897 0
    outer loop
      vertex 44.2886 -14.5705 -1.5001
      vertex 44.1573 -14.7779 -9.91821e-05
      vertex 44.1573 -14.7779 -1.5001
    endloop
  endfacet
  facet normal -0.963722 -0.266908 0
    outer loop
      vertex 35.2153 -13.4514 -1.5001
      vertex 35.1498 -13.2149 -9.91821e-05
      vertex 35.1498 -13.2149 -1.5001
    endloop
  endfacet
  facet normal -0.963722 -0.266908 0
    outer loop
      vertex 35.1498 -13.2149 -9.91821e-05
      vertex 35.2153 -13.4514 -1.5001
      vertex 35.2153 -13.4514 -9.91821e-05
    endloop
  endfacet
  facet normal -0.975666 -0.21926 0
    outer loop
      vertex 35.1498 -13.2149 -1.5001
      vertex 35.096 -12.9755 -9.91821e-05
      vertex 35.096 -12.9755 -1.5001
    endloop
  endfacet
  facet normal -0.975666 -0.21926 0
    outer loop
      vertex 35.096 -12.9755 -9.91821e-05
      vertex 35.1498 -13.2149 -1.5001
      vertex 35.1498 -13.2149 -9.91821e-05
    endloop
  endfacet
  facet normal 0.653036 -0.757327 0
    outer loop
      vertex 43.1719 -15.8651 -1.5001
      vertex 43.3578 -15.7048 -9.91821e-05
      vertex 43.1719 -15.8651 -9.91821e-05
    endloop
  endfacet
  facet normal 0.653036 -0.757327 0
    outer loop
      vertex 43.3578 -15.7048 -9.91821e-05
      vertex 43.1719 -15.8651 -1.5001
      vertex 43.3578 -15.7048 -1.5001
    endloop
  endfacet
  facet normal -0.689584 -0.724206 0
    outer loop
      vertex 36.4644 -15.5355 -1.5001
      vertex 36.6422 -15.7048 -9.91821e-05
      vertex 36.4644 -15.5355 -9.91821e-05
    endloop
  endfacet
  facet normal -0.689584 -0.724206 -0
    outer loop
      vertex 36.6422 -15.7048 -9.91821e-05
      vertex 36.4644 -15.5355 -1.5001
      vertex 36.6422 -15.7048 -1.5001
    endloop
  endfacet
  facet normal -0.405325 0.914173 0
    outer loop
      vertex 38.0865 -7.3806 -1.946
      vertex 37.8622 -7.48005 -9.91821e-05
      vertex 38.0865 -7.3806 -9.91821e-05
    endloop
  endfacet
  facet normal -0.405325 0.914173 0
    outer loop
      vertex 37.8622 -7.48005 -9.91821e-05
      vertex 38.0865 -7.3806 -1.946
      vertex 37.8622 -7.48005 -1.946
    endloop
  endfacet
  facet normal -0.89312 -0.449819 0
    outer loop
      vertex 35.5904 -14.357 -1.5001
      vertex 35.48 -14.1378 -9.91821e-05
      vertex 35.48 -14.1378 -1.5001
    endloop
  endfacet
  facet normal -0.89312 -0.449819 0
    outer loop
      vertex 35.48 -14.1378 -9.91821e-05
      vertex 35.5904 -14.357 -1.5001
      vertex 35.5904 -14.357 -9.91821e-05
    endloop
  endfacet
  facet normal 0.615153 -0.788407 0
    outer loop
      vertex 42.9785 -16.016 -1.5001
      vertex 43.1719 -15.8651 -9.91821e-05
      vertex 42.9785 -16.016 -9.91821e-05
    endloop
  endfacet
  facet normal 0.615153 -0.788407 0
    outer loop
      vertex 43.1719 -15.8651 -9.91821e-05
      vertex 42.9785 -16.016 -1.5001
      vertex 43.1719 -15.8651 -1.5001
    endloop
  endfacet
  facet normal -0.405496 -0.914097 0
    outer loop
      vertex 37.8622 -16.5199 -1.5001
      vertex 38.0865 -16.6194 -9.91821e-05
      vertex 37.8622 -16.5199 -9.91821e-05
    endloop
  endfacet
  facet normal -0.405496 -0.914097 -0
    outer loop
      vertex 38.0865 -16.6194 -9.91821e-05
      vertex 37.8622 -16.5199 -1.5001
      vertex 38.0865 -16.6194 -1.5001
    endloop
  endfacet
  facet normal 0.195055 0.980792 -0
    outer loop
      vertex 41.2913 16.8193 -3.3272
      vertex 40.6512 16.9466 -1.5001
      vertex 41.2913 16.8193 -1.5001
    endloop
  endfacet
  facet normal 0.195055 0.980792 0
    outer loop
      vertex 40.6512 16.9466 -1.5001
      vertex 41.2913 16.8193 -3.3272
      vertex 40.6512 16.9466 -3.3272
    endloop
  endfacet
  facet normal 0.195055 0.980792 -0
    outer loop
      vertex 41.2913 16.8193 -9.91821e-05
      vertex 40.6512 16.9466 0
      vertex 41.2913 16.8193 0
    endloop
  endfacet
  facet normal 0.195055 0.980792 0
    outer loop
      vertex 40.6512 16.9466 0
      vertex 41.2913 16.8193 -9.91821e-05
      vertex 40.6512 16.9466 -9.91821e-05
    endloop
  endfacet
  facet normal -0.310503 0.914794 -0.258342
    outer loop
      vertex 38.7308 16.7368 -3.9756
      vertex 38.1881 16.3742 -4.6073
      vertex 38.1233 16.5306 -3.9756
    endloop
  endfacet
  facet normal -0.481497 0.720333 -0.49928
    outer loop
      vertex 37.9213 15.6004 -5.778
      vertex 37.4692 15.2982 -5.778
      vertex 37.2701 15.5577 -5.2116
    endloop
  endfacet
  facet normal 0.195085 -0.980786 0
    outer loop
      vertex 40.6512 7.05339 -9.91821e-05
      vertex 41.2913 7.18071 0
      vertex 40.6512 7.05339 0
    endloop
  endfacet
  facet normal 0.195085 -0.980786 0
    outer loop
      vertex 41.2913 7.18071 0
      vertex 40.6512 7.05339 -9.91821e-05
      vertex 41.2913 7.18071 -9.91821e-05
    endloop
  endfacet
  facet normal -0.745447 0.653691 -0.130372
    outer loop
      vertex 36.472 15.528 -3.3272
      vertex 36.1095 14.9853 -3.9756
      vertex 36.0417 15.0373 -3.3272
    endloop
  endfacet
  facet normal -0.195055 0.980792 0
    outer loop
      vertex 39.3488 16.9466 -3.3272
      vertex 38.7087 16.8193 -1.5001
      vertex 39.3488 16.9466 -1.5001
    endloop
  endfacet
  facet normal -0.195055 0.980792 0
    outer loop
      vertex 38.7087 16.8193 -1.5001
      vertex 39.3488 16.9466 -3.3272
      vertex 38.7087 16.8193 -3.3272
    endloop
  endfacet
  facet normal -0.195055 0.980792 0
    outer loop
      vertex 39.3488 16.9466 -9.91821e-05
      vertex 38.7087 16.8193 0
      vertex 39.3488 16.9466 0
    endloop
  endfacet
  facet normal -0.195055 0.980792 0
    outer loop
      vertex 38.7087 16.8193 0
      vertex 39.3488 16.9466 -9.91821e-05
      vertex 38.7087 16.8193 -9.91821e-05
    endloop
  endfacet
  facet normal -0.659326 -0.751857 0
    outer loop
      vertex 36.472 8.47204 -9.91821e-05
      vertex 36.9627 8.04173 0
      vertex 36.472 8.47204 0
    endloop
  endfacet
  facet normal -0.659326 -0.751857 -0
    outer loop
      vertex 36.9627 8.04173 0
      vertex 36.472 8.47204 -9.91821e-05
      vertex 36.9627 8.04173 -9.91821e-05
    endloop
  endfacet
  facet normal -0.659058 -0.752092 0
    outer loop
      vertex 36.5547 8.39957 -1.5001
      vertex 36.472 8.47204 -1.5001
      vertex 36.472 8.47204 -1.5447
    endloop
  endfacet
  facet normal -0.442303 -0.896865 0
    outer loop
      vertex 37.5054 7.67914 -9.91821e-05
      vertex 38.0907 7.39049 0
      vertex 37.5054 7.67914 0
    endloop
  endfacet
  facet normal -0.442303 -0.896865 -0
    outer loop
      vertex 38.0907 7.39049 0
      vertex 37.5054 7.67914 -9.91821e-05
      vertex 38.0907 7.39049 -9.91821e-05
    endloop
  endfacet
  facet normal -0.938853 0.318724 -0.130268
    outer loop
      vertex 35.3905 13.9093 -3.3272
      vertex 35.4694 13.8767 -3.9756
      vertex 35.1807 13.2913 -3.3272
    endloop
  endfacet
  facet normal -0.896896 0.442242 0
    outer loop
      vertex 35.3905 13.9093 -3.3272
      vertex 35.6791 14.4946 -1.5001
      vertex 35.6791 14.4946 -3.3272
    endloop
  endfacet
  facet normal -0.896896 0.442242 0
    outer loop
      vertex 35.6791 14.4946 -1.5001
      vertex 35.3905 13.9093 -3.3272
      vertex 35.3905 13.9093 -1.5001
    endloop
  endfacet
  facet normal -0.896896 0.442242 0
    outer loop
      vertex 35.3905 13.9093 -9.91821e-05
      vertex 35.6791 14.4946 0
      vertex 35.6791 14.4946 -9.91821e-05
    endloop
  endfacet
  facet normal -0.896896 0.442242 0
    outer loop
      vertex 35.6791 14.4946 0
      vertex 35.3905 13.9093 -9.91821e-05
      vertex 35.3905 13.9093 0
    endloop
  endfacet
  facet normal -0.310545 0.91479 -0.258303
    outer loop
      vertex 38.7308 16.7368 -3.9756
      vertex 38.7746 16.5733 -4.6073
      vertex 38.1881 16.3742 -4.6073
    endloop
  endfacet
  facet normal -0.321436 -0.946931 0
    outer loop
      vertex 38.0907 7.39049 -9.91821e-05
      vertex 38.7087 7.18071 0
      vertex 38.0907 7.39049 0
    endloop
  endfacet
  facet normal -0.321436 -0.946931 -0
    outer loop
      vertex 38.7087 7.18071 0
      vertex 38.0907 7.39049 -9.91821e-05
      vertex 38.7087 7.18071 -9.91821e-05
    endloop
  endfacet
  facet normal 0.318673 0.938863 -0.130319
    outer loop
      vertex 41.2913 16.8193 -3.3272
      vertex 41.8767 16.5306 -3.9756
      vertex 41.2692 16.7368 -3.9756
    endloop
  endfacet
  facet normal -0.997857 0.0654307 0
    outer loop
      vertex 35.0107 12 -2.6731
      vertex 35.0534 12.6512 -3.3272
      vertex 35.0107 12 -3.3272
    endloop
  endfacet
  facet normal -0.997857 0.0654307 0
    outer loop
      vertex 35.0534 12.6512 -3.3272
      vertex 35.0107 12 -2.6731
      vertex 35.0534 12.6512 -1.5001
    endloop
  endfacet
  facet normal -0.997857 0.0654307 0
    outer loop
      vertex 35.0534 12.6512 -1.5001
      vertex 35.0107 12 -2.6731
      vertex 35.0107 12 -1.5001
    endloop
  endfacet
  facet normal -0.997857 0.0654307 0
    outer loop
      vertex 35.0107 12 -9.91821e-05
      vertex 35.0534 12.6512 0
      vertex 35.0534 12.6512 -9.91821e-05
    endloop
  endfacet
  facet normal -0.997857 0.0654307 0
    outer loop
      vertex 35.0534 12.6512 0
      vertex 35.0107 12 -9.91821e-05
      vertex 35.0107 12 0
    endloop
  endfacet
  facet normal -0.438474 0.889255 -0.130254
    outer loop
      vertex 38.0907 16.6095 -3.3272
      vertex 38.1233 16.5306 -3.9756
      vertex 37.5054 16.3209 -3.3272
    endloop
  endfacet
  facet normal -0.980802 -0.195008 0
    outer loop
      vertex 35.138 10.9233 -2.4613
      vertex 35.0534 11.3488 -1.5001
      vertex 35.0534 11.3488 -2.6731
    endloop
  endfacet
  facet normal -0.980774 -0.195149 0
    outer loop
      vertex 35.1807 10.7087 -2.4613
      vertex 35.1807 10.7087 -1.5001
      vertex 35.138 10.9233 -2.4613
    endloop
  endfacet
  facet normal -0.980792 -0.195055 2.18232e-05
    outer loop
      vertex 35.138 10.9233 -2.4613
      vertex 35.1807 10.7087 -1.5001
      vertex 35.0534 11.3488 -1.5001
    endloop
  endfacet
  facet normal -0.980792 -0.195055 0
    outer loop
      vertex 35.1807 10.7087 -9.91821e-05
      vertex 35.0534 11.3488 0
      vertex 35.0534 11.3488 -9.91821e-05
    endloop
  endfacet
  facet normal -0.980792 -0.195055 0
    outer loop
      vertex 35.0534 11.3488 0
      vertex 35.1807 10.7087 -9.91821e-05
      vertex 35.1807 10.7087 0
    endloop
  endfacet
  facet normal -0.980792 0.195055 0
    outer loop
      vertex 35.0534 12.6512 -3.3272
      vertex 35.1807 13.2913 -1.5001
      vertex 35.1807 13.2913 -3.3272
    endloop
  endfacet
  facet normal -0.980792 0.195055 0
    outer loop
      vertex 35.1807 13.2913 -1.5001
      vertex 35.0534 12.6512 -3.3272
      vertex 35.0534 12.6512 -1.5001
    endloop
  endfacet
  facet normal -0.980792 0.195055 0
    outer loop
      vertex 35.0534 12.6512 -9.91821e-05
      vertex 35.1807 13.2913 0
      vertex 35.1807 13.2913 -9.91821e-05
    endloop
  endfacet
  facet normal -0.980792 0.195055 0
    outer loop
      vertex 35.1807 13.2913 0
      vertex 35.0534 12.6512 -9.91821e-05
      vertex 35.0534 12.6512 0
    endloop
  endfacet
  facet normal -0.946922 0.321463 0
    outer loop
      vertex 35.1807 13.2913 -3.3272
      vertex 35.3905 13.9093 -1.5001
      vertex 35.3905 13.9093 -3.3272
    endloop
  endfacet
  facet normal -0.946922 0.321463 0
    outer loop
      vertex 35.3905 13.9093 -1.5001
      vertex 35.1807 13.2913 -3.3272
      vertex 35.1807 13.2913 -1.5001
    endloop
  endfacet
  facet normal -0.946922 0.321463 0
    outer loop
      vertex 35.1807 13.2913 -9.91821e-05
      vertex 35.3905 13.9093 0
      vertex 35.3905 13.9093 -9.91821e-05
    endloop
  endfacet
  facet normal -0.946922 0.321463 0
    outer loop
      vertex 35.3905 13.9093 0
      vertex 35.1807 13.2913 -9.91821e-05
      vertex 35.1807 13.2913 0
    endloop
  endfacet
  facet normal -0.972428 0.193392 -0.13032
    outer loop
      vertex 35.1807 13.2913 -3.3272
      vertex 35.2632 13.2692 -3.9756
      vertex 35.0534 12.6512 -3.3272
    endloop
  endfacet
  facet normal -0.694782 0.609392 -0.381994
    outer loop
      vertex 36.6521 15.3479 -4.6073
      vertex 36.8291 15.1709 -5.2116
      vertex 36.4423 14.7299 -5.2116
    endloop
  endfacet
  facet normal -0.803364 0.536616 -0.258165
    outer loop
      vertex 36.1095 14.9853 -3.9756
      vertex 36.2437 14.8823 -4.6073
      vertex 35.8997 14.3673 -4.6073
    endloop
  endfacet
  facet normal -0.0631012 0.963987 -0.258355
    outer loop
      vertex 40 16.9039 -3.9756
      vertex 40 16.7346 -4.6073
      vertex 39.3599 16.862 -3.9756
    endloop
  endfacet
  facet normal 0.278564 0.820479 -0.499216
    outer loop
      vertex 41.1606 16.3316 -5.2116
      vertex 41.7161 16.143 -5.2116
      vertex 41.076 16.0157 -5.778
    endloop
  endfacet
  facet normal -0.5509 0.824341 -0.130274
    outer loop
      vertex 37.5054 16.3209 -3.3272
      vertex 37.548 16.2469 -3.9756
      vertex 37.0147 15.8905 -3.9756
    endloop
  endfacet
  facet normal 0.609392 0.694782 -0.381994
    outer loop
      vertex 43.3479 15.3479 -4.6073
      vertex 43.1709 15.1709 -5.2116
      vertex 42.7299 15.5577 -5.2116
    endloop
  endfacet
  facet normal -0.828902 0.40878 -0.381865
    outer loop
      vertex 35.8997 14.3673 -4.6073
      vertex 36.1164 14.2422 -5.2116
      vertex 35.6258 13.8119 -4.6073
    endloop
  endfacet
  facet normal -0.555538 -0.831491 0
    outer loop
      vertex 36.9627 8.04173 -9.91821e-05
      vertex 37.5054 7.67914 0
      vertex 36.9627 8.04173 0
    endloop
  endfacet
  facet normal -0.555538 -0.831491 -0
    outer loop
      vertex 37.5054 7.67914 0
      vertex 36.9627 8.04173 -9.91821e-05
      vertex 37.5054 7.67914 -9.91821e-05
    endloop
  endfacet
  facet normal -0.946922 -0.321463 0
    outer loop
      vertex 35.3905 10.0907 -9.91821e-05
      vertex 35.1807 10.7087 0
      vertex 35.1807 10.7087 -9.91821e-05
    endloop
  endfacet
  facet normal -0.946922 -0.321463 0
    outer loop
      vertex 35.1807 10.7087 0
      vertex 35.3905 10.0907 -9.91821e-05
      vertex 35.3905 10.0907 0
    endloop
  endfacet
  facet normal -0.946875 -0.321602 0
    outer loop
      vertex 35.2632 10.4658 -2.2897
      vertex 35.1807 10.7087 -1.5001
      vertex 35.1807 10.7087 -2.4613
    endloop
  endfacet
  facet normal -0.946953 -0.321373 0
    outer loop
      vertex 35.3905 10.0907 -2.207
      vertex 35.3905 10.0907 -1.5001
      vertex 35.2632 10.4658 -2.2897
    endloop
  endfacet
  facet normal -0.946922 -0.321463 -4.7698e-05
    outer loop
      vertex 35.2632 10.4658 -2.2897
      vertex 35.3905 10.0907 -1.5001
      vertex 35.1807 10.7087 -1.5001
    endloop
  endfacet
  facet normal -0.831484 0.555548 0
    outer loop
      vertex 35.6791 14.4946 -3.3272
      vertex 36.0417 15.0373 -1.5001
      vertex 36.0417 15.0373 -3.3272
    endloop
  endfacet
  facet normal -0.831484 0.555548 0
    outer loop
      vertex 36.0417 15.0373 -1.5001
      vertex 35.6791 14.4946 -3.3272
      vertex 35.6791 14.4946 -1.5001
    endloop
  endfacet
  facet normal -0.831484 0.555548 0
    outer loop
      vertex 35.6791 14.4946 -9.91821e-05
      vertex 36.0417 15.0373 0
      vertex 36.0417 15.0373 -9.91821e-05
    endloop
  endfacet
  facet normal -0.831484 0.555548 0
    outer loop
      vertex 36.0417 15.0373 0
      vertex 35.6791 14.4946 -9.91821e-05
      vertex 35.6791 14.4946 0
    endloop
  endfacet
  facet normal -0.997857 -0.0654307 0
    outer loop
      vertex 35.0534 11.3488 -2.6731
      vertex 35.0107 12 -1.5001
      vertex 35.0107 12 -2.6731
    endloop
  endfacet
  facet normal -0.997857 -0.0654307 0
    outer loop
      vertex 35.0107 12 -1.5001
      vertex 35.0534 11.3488 -2.6731
      vertex 35.0534 11.3488 -1.5001
    endloop
  endfacet
  facet normal -0.997857 -0.0654307 0
    outer loop
      vertex 35.0534 11.3488 -9.91821e-05
      vertex 35.0107 12 0
      vertex 35.0107 12 -9.91821e-05
    endloop
  endfacet
  facet normal -0.997857 -0.0654307 0
    outer loop
      vertex 35.0107 12 0
      vertex 35.0534 11.3488 -9.91821e-05
      vertex 35.0534 11.3488 0
    endloop
  endfacet
  facet normal -0.828911 0.408704 -0.381926
    outer loop
      vertex 36.1164 14.2422 -5.2116
      vertex 35.857 13.7161 -5.2116
      vertex 35.6258 13.8119 -4.6073
    endloop
  endfacet
  facet normal -0.938863 0.318673 -0.130319
    outer loop
      vertex 35.4694 13.8767 -3.9756
      vertex 35.2632 13.2692 -3.9756
      vertex 35.1807 13.2913 -3.3272
    endloop
  endfacet
  facet normal -0.651502 0.571199 -0.499277
    outer loop
      vertex 37.0603 14.9397 -5.778
      vertex 36.7018 14.5308 -5.778
      vertex 36.4423 14.7299 -5.2116
    endloop
  endfacet
  facet normal -0.751864 0.659318 0
    outer loop
      vertex 36.0417 15.0373 -3.3272
      vertex 36.472 15.528 -1.5001
      vertex 36.472 15.528 -3.3272
    endloop
  endfacet
  facet normal -0.751864 0.659318 0
    outer loop
      vertex 36.472 15.528 -1.5001
      vertex 36.0417 15.0373 -3.3272
      vertex 36.0417 15.0373 -1.5001
    endloop
  endfacet
  facet normal -0.751864 0.659318 0
    outer loop
      vertex 36.0417 15.0373 -9.91821e-05
      vertex 36.472 15.528 0
      vertex 36.472 15.528 -9.91821e-05
    endloop
  endfacet
  facet normal -0.751864 0.659318 0
    outer loop
      vertex 36.472 15.528 0
      vertex 36.0417 15.0373 -9.91821e-05
      vertex 36.0417 15.0373 0
    endloop
  endfacet
  facet normal -0.637064 0.72629 -0.25817
    outer loop
      vertex 37.0147 15.8905 -3.9756
      vertex 37.1177 15.7563 -4.6073
      vertex 36.6521 15.3479 -4.6073
    endloop
  endfacet
  facet normal -0.441236 0.660102 -0.607927
    outer loop
      vertex 37.9213 15.6004 -5.778
      vertex 38.1204 15.2556 -6.2969
      vertex 37.4692 15.2982 -5.778
    endloop
  endfacet
  facet normal 0.555538 -0.831491 0
    outer loop
      vertex 42.4946 7.67914 -9.91821e-05
      vertex 43.0373 8.04173 0
      vertex 42.4946 7.67914 0
    endloop
  endfacet
  facet normal 0.555538 -0.831491 0
    outer loop
      vertex 43.0373 8.04173 0
      vertex 42.4946 7.67914 -9.91821e-05
      vertex 43.0373 8.04173 -9.91821e-05
    endloop
  endfacet
  facet normal 0.193392 0.972428 -0.13032
    outer loop
      vertex 41.2913 16.8193 -3.3272
      vertex 41.2692 16.7368 -3.9756
      vertex 40.6512 16.9466 -3.3272
    endloop
  endfacet
  facet normal 0.938863 0.318673 -0.130319
    outer loop
      vertex 44.8193 13.2913 -3.3272
      vertex 44.7368 13.2692 -3.9756
      vertex 44.5306 13.8767 -3.9756
    endloop
  endfacet
  facet normal 0.980792 0.195055 0
    outer loop
      vertex 44.9466 12.6512 -1.5001
      vertex 44.8193 13.2913 -3.3272
      vertex 44.8193 13.2913 -1.5001
    endloop
  endfacet
  facet normal 0.980792 0.195055 0
    outer loop
      vertex 44.8193 13.2913 -3.3272
      vertex 44.9466 12.6512 -1.5001
      vertex 44.9466 12.6512 -3.3272
    endloop
  endfacet
  facet normal 0.980792 0.195055 0
    outer loop
      vertex 44.9466 12.6512 0
      vertex 44.8193 13.2913 -9.91821e-05
      vertex 44.8193 13.2913 0
    endloop
  endfacet
  facet normal 0.980792 0.195055 0
    outer loop
      vertex 44.8193 13.2913 -9.91821e-05
      vertex 44.9466 12.6512 0
      vertex 44.9466 12.6512 -9.91821e-05
    endloop
  endfacet
  facet normal -0.0647627 0.989371 -0.130197
    outer loop
      vertex 40 16.9039 -3.9756
      vertex 39.3599 16.862 -3.9756
      vertex 39.3488 16.9466 -3.3272
    endloop
  endfacet
  facet normal -0.321463 0.946922 0
    outer loop
      vertex 38.7087 16.8193 -3.3272
      vertex 38.0907 16.6095 -1.5001
      vertex 38.7087 16.8193 -1.5001
    endloop
  endfacet
  facet normal -0.321463 0.946922 0
    outer loop
      vertex 38.0907 16.6095 -1.5001
      vertex 38.7087 16.8193 -3.3272
      vertex 38.0907 16.6095 -3.3272
    endloop
  endfacet
  facet normal -0.321463 0.946922 0
    outer loop
      vertex 38.7087 16.8193 -9.91821e-05
      vertex 38.0907 16.6095 0
      vertex 38.7087 16.8193 0
    endloop
  endfacet
  facet normal -0.321463 0.946922 0
    outer loop
      vertex 38.0907 16.6095 0
      vertex 38.7087 16.8193 -9.91821e-05
      vertex 38.0907 16.6095 -9.91821e-05
    endloop
  endfacet
  facet normal 0.980802 -0.195008 0
    outer loop
      vertex 44.9466 11.3488 -2.6731
      vertex 44.9466 11.3488 -1.5001
      vertex 44.862 10.9233 -2.4613
    endloop
  endfacet
  facet normal 0.980792 -0.195055 2.18232e-05
    outer loop
      vertex 44.862 10.9233 -2.4613
      vertex 44.9466 11.3488 -1.5001
      vertex 44.8193 10.7087 -1.5001
    endloop
  endfacet
  facet normal 0.980774 -0.195149 0
    outer loop
      vertex 44.862 10.9233 -2.4613
      vertex 44.8193 10.7087 -1.5001
      vertex 44.8193 10.7087 -2.4613
    endloop
  endfacet
  facet normal 0.980792 -0.195055 0
    outer loop
      vertex 44.8193 10.7087 0
      vertex 44.9466 11.3488 -9.91821e-05
      vertex 44.9466 11.3488 0
    endloop
  endfacet
  facet normal 0.980792 -0.195055 0
    outer loop
      vertex 44.9466 11.3488 -9.91821e-05
      vertex 44.8193 10.7087 0
      vertex 44.8193 10.7087 -9.91821e-05
    endloop
  endfacet
  facet normal 0.972428 0.193392 -0.13032
    outer loop
      vertex 44.8193 13.2913 -3.3272
      vertex 44.9466 12.6512 -3.3272
      vertex 44.7368 13.2692 -3.9756
    endloop
  endfacet
  facet normal -0.195085 -0.980786 0
    outer loop
      vertex 38.7087 7.18071 -9.91821e-05
      vertex 39.3488 7.05339 0
      vertex 38.7087 7.18071 0
    endloop
  endfacet
  facet normal -0.195085 -0.980786 -0
    outer loop
      vertex 39.3488 7.05339 0
      vertex 38.7087 7.18071 -9.91821e-05
      vertex 39.3488 7.05339 -9.91821e-05
    endloop
  endfacet
  facet normal -0.831456 -0.555591 0
    outer loop
      vertex 36.0417 8.96271 -9.91821e-05
      vertex 35.6791 9.50535 0
      vertex 35.6791 9.50535 -9.91821e-05
    endloop
  endfacet
  facet normal -0.831456 -0.555591 0
    outer loop
      vertex 35.6791 9.50535 0
      vertex 36.0417 8.96271 -9.91821e-05
      vertex 36.0417 8.96271 0
    endloop
  endfacet
  facet normal -0.831387 -0.555695 0
    outer loop
      vertex 35.857 9.23919 -1.8334
      vertex 35.6791 9.50535 -1.5001
      vertex 35.6791 9.50535 -1.9583
    endloop
  endfacet
  facet normal -0.831522 -0.555491 0
    outer loop
      vertex 36.0417 8.96271 -1.7353
      vertex 36.0417 8.96271 -1.5001
      vertex 35.857 9.23919 -1.8334
    endloop
  endfacet
  facet normal -0.831456 -0.555591 -0.000119711
    outer loop
      vertex 35.857 9.23919 -1.8334
      vertex 36.0417 8.96271 -1.5001
      vertex 35.6791 9.50535 -1.5001
    endloop
  endfacet
  facet normal -0.751844 -0.659341 0
    outer loop
      vertex 36.472 8.47204 -9.91821e-05
      vertex 36.0417 8.96271 0
      vertex 36.0417 8.96271 -9.91821e-05
    endloop
  endfacet
  facet normal -0.751844 -0.659341 0
    outer loop
      vertex 36.0417 8.96271 0
      vertex 36.472 8.47204 -9.91821e-05
      vertex 36.472 8.47204 0
    endloop
  endfacet
  facet normal -0.751844 -0.659342 0
    outer loop
      vertex 36.1164 8.87753 -1.669
      vertex 36.0417 8.96271 -1.5001
      vertex 36.0417 8.96271 -1.7353
    endloop
  endfacet
  facet normal -0.751827 -0.659361 1.69918e-05
    outer loop
      vertex 36.1164 8.87753 -1.669
      vertex 36.4423 8.50593 -1.5529
      vertex 36.0417 8.96271 -1.5001
    endloop
  endfacet
  facet normal -0.752068 -0.659086 0
    outer loop
      vertex 36.472 8.47204 -1.5447
      vertex 36.472 8.47204 -1.5001
      vertex 36.4423 8.50593 -1.5529
    endloop
  endfacet
  facet normal -0.751844 -0.659341 -0.000289276
    outer loop
      vertex 36.4423 8.50593 -1.5529
      vertex 36.472 8.47204 -1.5001
      vertex 36.0417 8.96271 -1.5001
    endloop
  endfacet
  facet normal 0.0654155 -0.997858 0
    outer loop
      vertex 40 7.0107 -9.91821e-05
      vertex 40.6512 7.05339 0
      vertex 40 7.0107 0
    endloop
  endfacet
  facet normal 0.0654155 -0.997858 0
    outer loop
      vertex 40.6512 7.05339 0
      vertex 40 7.0107 -9.91821e-05
      vertex 40.6512 7.05339 -9.91821e-05
    endloop
  endfacet
  facet normal -0.896911 -0.442211 0
    outer loop
      vertex 35.6791 9.50535 -9.91821e-05
      vertex 35.3905 10.0907 0
      vertex 35.3905 10.0907 -9.91821e-05
    endloop
  endfacet
  facet normal -0.896911 -0.442211 0
    outer loop
      vertex 35.3905 10.0907 0
      vertex 35.6791 9.50535 -9.91821e-05
      vertex 35.6791 9.50535 0
    endloop
  endfacet
  facet normal -0.896858 -0.442319 0
    outer loop
      vertex 35.4267 10.0173 -2.1502
      vertex 35.3905 10.0907 -1.5001
      vertex 35.3905 10.0907 -2.207
    endloop
  endfacet
  facet normal -0.896849 -0.442336 2.35395e-06
    outer loop
      vertex 35.4267 10.0173 -2.1502
      vertex 35.6258 9.61362 -1.9675
      vertex 35.3905 10.0907 -1.5001
    endloop
  endfacet
  facet normal -0.897178 -0.44167 0
    outer loop
      vertex 35.6791 9.50535 -1.9583
      vertex 35.6791 9.50535 -1.5001
      vertex 35.6258 9.61362 -1.9675
    endloop
  endfacet
  facet normal -0.896911 -0.442211 -0.000155938
    outer loop
      vertex 35.6258 9.61362 -1.9675
      vertex 35.6791 9.50535 -1.5001
      vertex 35.3905 10.0907 -1.5001
    endloop
  endfacet
  facet normal -0.972419 0.193525 -0.130189
    outer loop
      vertex 35.2632 13.2692 -3.9756
      vertex 35.138 12.6401 -3.9756
      vertex 35.0534 12.6512 -3.3272
    endloop
  endfacet
  facet normal -0.889255 0.438474 -0.130254
    outer loop
      vertex 35.6791 14.4946 -3.3272
      vertex 35.4694 13.8767 -3.9756
      vertex 35.3905 13.9093 -3.3272
    endloop
  endfacet
  facet normal -0.768439 0.513501 -0.381863
    outer loop
      vertex 36.4423 14.7299 -5.2116
      vertex 36.1164 14.2422 -5.2116
      vertex 35.8997 14.3673 -4.6073
    endloop
  endfacet
  facet normal -0.351165 0.712114 -0.607928
    outer loop
      vertex 38.409 15.8409 -5.778
      vertex 38.1204 15.2556 -6.2969
      vertex 37.9213 15.6004 -5.778
    endloop
  endfacet
  facet normal -0.63691 0.72637 -0.258326
    outer loop
      vertex 37.0147 15.8905 -3.9756
      vertex 36.6521 15.3479 -4.6073
      vertex 36.5324 15.4676 -3.9756
    endloop
  endfacet
  facet normal -0.513501 0.768439 -0.381863
    outer loop
      vertex 37.6327 16.1003 -4.6073
      vertex 37.7578 15.8836 -5.2116
      vertex 37.2701 15.5577 -5.2116
    endloop
  endfacet
  facet normal -0.427283 0.866422 -0.258345
    outer loop
      vertex 38.1233 16.5306 -3.9756
      vertex 38.1881 16.3742 -4.6073
      vertex 37.6327 16.1003 -4.6073
    endloop
  endfacet
  facet normal -0.824341 0.5509 -0.130274
    outer loop
      vertex 36.1095 14.9853 -3.9756
      vertex 35.7531 14.452 -3.9756
      vertex 35.6791 14.4946 -3.3272
    endloop
  endfacet
  facet normal -0.803196 0.536769 -0.258371
    outer loop
      vertex 36.1095 14.9853 -3.9756
      vertex 35.8997 14.3673 -4.6073
      vertex 35.7531 14.452 -3.9756
    endloop
  endfacet
  facet normal -0.609405 0.694758 -0.382016
    outer loop
      vertex 37.1177 15.7563 -4.6073
      vertex 37.2701 15.5577 -5.2116
      vertex 36.6521 15.3479 -4.6073
    endloop
  endfacet
  facet normal -0.824387 0.550807 -0.130375
    outer loop
      vertex 36.0417 15.0373 -3.3272
      vertex 36.1095 14.9853 -3.9756
      vertex 35.6791 14.4946 -3.3272
    endloop
  endfacet
  facet normal -0.745477 0.653664 -0.130333
    outer loop
      vertex 36.472 15.528 -3.3272
      vertex 36.5324 15.4676 -3.9756
      vertex 36.1095 14.9853 -3.9756
    endloop
  endfacet
  facet normal -0.550807 0.824387 -0.130375
    outer loop
      vertex 37.5054 16.3209 -3.3272
      vertex 37.0147 15.8905 -3.9756
      vertex 36.9627 15.9583 -3.3272
    endloop
  endfacet
  facet normal -0.1549 0.778733 -0.607931
    outer loop
      vertex 39.4574 16.1218 -5.778
      vertex 39.027 15.6311 -6.2969
      vertex 38.924 16.0157 -5.778
    endloop
  endfacet
  facet normal -0.180253 0.906462 -0.381884
    outer loop
      vertex 39.4147 16.446 -5.2116
      vertex 38.8394 16.3316 -5.2116
      vertex 38.7746 16.5733 -4.6073
    endloop
  endfacet
  facet normal -0.441143 0.660261 -0.607823
    outer loop
      vertex 38.1204 15.2556 -6.2969
      vertex 37.7115 14.9824 -6.2969
      vertex 37.4692 15.2982 -5.778
    endloop
  endfacet
  facet normal 0.40878 0.828902 -0.381865
    outer loop
      vertex 42.3673 16.1003 -4.6073
      vertex 42.2422 15.8836 -5.2116
      vertex 41.8119 16.3742 -4.6073
    endloop
  endfacet
  facet normal 0.278503 0.820534 -0.49916
    outer loop
      vertex 41.7161 16.143 -5.2116
      vertex 41.591 15.8409 -5.778
      vertex 41.076 16.0157 -5.778
    endloop
  endfacet
  facet normal -0.154839 0.778718 -0.607967
    outer loop
      vertex 39.4574 16.1218 -5.778
      vertex 39.5093 15.727 -6.2969
      vertex 39.027 15.6311 -6.2969
    endloop
  endfacet
  facet normal 0.653664 0.745477 -0.130333
    outer loop
      vertex 43.528 15.528 -3.3272
      vertex 43.4676 15.4676 -3.9756
      vertex 42.9853 15.8905 -3.9756
    endloop
  endfacet
  facet normal -0.0648729 0.989349 -0.130306
    outer loop
      vertex 40 16.9893 -3.3272
      vertex 40 16.9039 -3.9756
      vertex 39.3488 16.9466 -3.3272
    endloop
  endfacet
  facet normal 0.0654307 0.997857 -0
    outer loop
      vertex 40.6512 16.9466 -3.3272
      vertex 40 16.9893 -1.5001
      vertex 40.6512 16.9466 -1.5001
    endloop
  endfacet
  facet normal 0.0654307 0.997857 0
    outer loop
      vertex 40 16.9893 -1.5001
      vertex 40.6512 16.9466 -3.3272
      vertex 40 16.9893 -3.3272
    endloop
  endfacet
  facet normal 0.0654307 0.997857 -0
    outer loop
      vertex 40.6512 16.9466 -9.91821e-05
      vertex 40 16.9893 0
      vertex 40.6512 16.9466 0
    endloop
  endfacet
  facet normal 0.0654307 0.997857 0
    outer loop
      vertex 40 16.9893 0
      vertex 40.6512 16.9466 -9.91821e-05
      vertex 40 16.9893 -9.91821e-05
    endloop
  endfacet
  facet normal -0.43851 0.889231 -0.130296
    outer loop
      vertex 38.1233 16.5306 -3.9756
      vertex 37.548 16.2469 -3.9756
      vertex 37.5054 16.3209 -3.3272
    endloop
  endfacet
  facet normal 0.0631012 0.963987 -0.258355
    outer loop
      vertex 40 16.9039 -3.9756
      vertex 40.6401 16.862 -3.9756
      vertex 40 16.7346 -4.6073
    endloop
  endfacet
  facet normal 0.866422 0.427283 -0.258345
    outer loop
      vertex 44.5306 13.8767 -3.9756
      vertex 44.3742 13.8119 -4.6073
      vertex 44.1003 14.3673 -4.6073
    endloop
  endfacet
  facet normal -0.0654155 -0.997858 0
    outer loop
      vertex 39.3488 7.05339 -9.91821e-05
      vertex 40 7.0107 0
      vertex 39.3488 7.05339 0
    endloop
  endfacet
  facet normal -0.0654155 -0.997858 -0
    outer loop
      vertex 40 7.0107 0
      vertex 39.3488 7.05339 -9.91821e-05
      vertex 40 7.0107 -9.91821e-05
    endloop
  endfacet
  facet normal 0.768453 0.513446 -0.381908
    outer loop
      vertex 43.7562 14.8823 -4.6073
      vertex 44.1003 14.3673 -4.6073
      vertex 43.5577 14.7299 -5.2116
    endloop
  endfacet
  facet normal 0.997857 0.0654307 -0
    outer loop
      vertex 44.9893 12 -2.6731
      vertex 44.9466 12.6512 -1.5001
      vertex 44.9893 12 -1.5001
    endloop
  endfacet
  facet normal 0.997857 0.0654307 0
    outer loop
      vertex 44.9466 12.6512 -1.5001
      vertex 44.9893 12 -2.6731
      vertex 44.9466 12.6512 -3.3272
    endloop
  endfacet
  facet normal 0.997857 0.0654307 0
    outer loop
      vertex 44.9466 12.6512 -3.3272
      vertex 44.9893 12 -2.6731
      vertex 44.9893 12 -3.3272
    endloop
  endfacet
  facet normal 0.997857 0.0654307 0
    outer loop
      vertex 44.9893 12 0
      vertex 44.9466 12.6512 -9.91821e-05
      vertex 44.9466 12.6512 0
    endloop
  endfacet
  facet normal 0.997857 0.0654307 0
    outer loop
      vertex 44.9466 12.6512 -9.91821e-05
      vertex 44.9893 12 0
      vertex 44.9893 12 -9.91821e-05
    endloop
  endfacet
  facet normal 0.442242 0.896896 -0
    outer loop
      vertex 42.4946 16.3209 -3.3272
      vertex 41.9093 16.6095 -1.5001
      vertex 42.4946 16.3209 -1.5001
    endloop
  endfacet
  facet normal 0.442242 0.896896 0
    outer loop
      vertex 41.9093 16.6095 -1.5001
      vertex 42.4946 16.3209 -3.3272
      vertex 41.9093 16.6095 -3.3272
    endloop
  endfacet
  facet normal 0.442242 0.896896 -0
    outer loop
      vertex 42.4946 16.3209 -9.91821e-05
      vertex 41.9093 16.6095 0
      vertex 42.4946 16.3209 0
    endloop
  endfacet
  facet normal 0.442242 0.896896 0
    outer loop
      vertex 41.9093 16.6095 0
      vertex 42.4946 16.3209 -9.91821e-05
      vertex 41.9093 16.6095 -9.91821e-05
    endloop
  endfacet
  facet normal -0.555548 0.831484 0
    outer loop
      vertex 37.5054 16.3209 -3.3272
      vertex 36.9627 15.9583 -1.5001
      vertex 37.5054 16.3209 -1.5001
    endloop
  endfacet
  facet normal -0.555548 0.831484 0
    outer loop
      vertex 36.9627 15.9583 -1.5001
      vertex 37.5054 16.3209 -3.3272
      vertex 36.9627 15.9583 -3.3272
    endloop
  endfacet
  facet normal -0.555548 0.831484 0
    outer loop
      vertex 37.5054 16.3209 -9.91821e-05
      vertex 36.9627 15.9583 0
      vertex 37.5054 16.3209 0
    endloop
  endfacet
  facet normal -0.555548 0.831484 0
    outer loop
      vertex 36.9627 15.9583 0
      vertex 37.5054 16.3209 -9.91821e-05
      vertex 36.9627 15.9583 -9.91821e-05
    endloop
  endfacet
  facet normal -0.889231 0.43851 -0.130296
    outer loop
      vertex 35.6791 14.4946 -3.3272
      vertex 35.7531 14.452 -3.9756
      vertex 35.4694 13.8767 -3.9756
    endloop
  endfacet
  facet normal -0.866426 0.427264 -0.258362
    outer loop
      vertex 35.7531 14.452 -3.9756
      vertex 35.8997 14.3673 -4.6073
      vertex 35.4694 13.8767 -3.9756
    endloop
  endfacet
  facet normal -0.72629 0.637064 -0.25817
    outer loop
      vertex 36.6521 15.3479 -4.6073
      vertex 36.2437 14.8823 -4.6073
      vertex 36.1095 14.9853 -3.9756
    endloop
  endfacet
  facet normal -0.694758 0.609405 -0.382016
    outer loop
      vertex 36.6521 15.3479 -4.6073
      vertex 36.4423 14.7299 -5.2116
      vertex 36.2437 14.8823 -4.6073
    endloop
  endfacet
  facet normal -0.768485 0.513318 -0.382014
    outer loop
      vertex 36.2437 14.8823 -4.6073
      vertex 36.4423 14.7299 -5.2116
      vertex 35.8997 14.3673 -4.6073
    endloop
  endfacet
  facet normal -0.513318 0.768485 -0.382014
    outer loop
      vertex 37.6327 16.1003 -4.6073
      vertex 37.2701 15.5577 -5.2116
      vertex 37.1177 15.7563 -4.6073
    endloop
  endfacet
  facet normal -0.481427 0.720441 -0.499192
    outer loop
      vertex 37.7578 15.8836 -5.2116
      vertex 37.9213 15.6004 -5.778
      vertex 37.2701 15.5577 -5.2116
    endloop
  endfacet
  facet normal -0.427264 0.866426 -0.258362
    outer loop
      vertex 38.1233 16.5306 -3.9756
      vertex 37.6327 16.1003 -4.6073
      vertex 37.548 16.2469 -3.9756
    endloop
  endfacet
  facet normal -0.653664 0.745477 -0.130333
    outer loop
      vertex 37.0147 15.8905 -3.9756
      vertex 36.5324 15.4676 -3.9756
      vertex 36.472 15.528 -3.3272
    endloop
  endfacet
  facet normal -0.659318 0.751864 0
    outer loop
      vertex 36.9627 15.9583 -3.3272
      vertex 36.472 15.528 -1.5001
      vertex 36.9627 15.9583 -1.5001
    endloop
  endfacet
  facet normal -0.659318 0.751864 0
    outer loop
      vertex 36.472 15.528 -1.5001
      vertex 36.9627 15.9583 -3.3272
      vertex 36.472 15.528 -3.3272
    endloop
  endfacet
  facet normal -0.659318 0.751864 0
    outer loop
      vertex 36.9627 15.9583 -9.91821e-05
      vertex 36.472 15.528 0
      vertex 36.9627 15.9583 0
    endloop
  endfacet
  facet normal -0.659318 0.751864 0
    outer loop
      vertex 36.472 15.528 0
      vertex 36.9627 15.9583 -9.91821e-05
      vertex 36.472 15.528 -9.91821e-05
    endloop
  endfacet
  facet normal -0.278564 0.820479 -0.499216
    outer loop
      vertex 38.8394 16.3316 -5.2116
      vertex 38.924 16.0157 -5.778
      vertex 38.2839 16.143 -5.2116
    endloop
  endfacet
  facet normal -0.168992 0.849835 -0.499222
    outer loop
      vertex 39.4147 16.446 -5.2116
      vertex 38.924 16.0157 -5.778
      vertex 38.8394 16.3316 -5.2116
    endloop
  endfacet
  facet normal -0.351052 0.712115 -0.607993
    outer loop
      vertex 38.409 15.8409 -5.778
      vertex 38.5614 15.473 -6.2969
      vertex 38.1204 15.2556 -6.2969
    endloop
  endfacet
  facet normal -0.278503 0.820534 -0.49916
    outer loop
      vertex 38.924 16.0157 -5.778
      vertex 38.409 15.8409 -5.778
      vertex 38.2839 16.143 -5.2116
    endloop
  endfacet
  facet normal 0.659326 -0.751857 0
    outer loop
      vertex 43.0373 8.04173 -9.91821e-05
      vertex 43.528 8.47204 0
      vertex 43.0373 8.04173 0
    endloop
  endfacet
  facet normal 0.659326 -0.751857 0
    outer loop
      vertex 43.528 8.47204 0
      vertex 43.0373 8.04173 -9.91821e-05
      vertex 43.528 8.47204 -9.91821e-05
    endloop
  endfacet
  facet normal 0.659058 -0.752092 0
    outer loop
      vertex 43.528 8.47204 -1.5447
      vertex 43.528 8.47204 -1.5001
      vertex 43.4453 8.39957 -1.5001
    endloop
  endfacet
  facet normal 0.745447 0.653691 -0.130372
    outer loop
      vertex 43.9583 15.0373 -3.3272
      vertex 43.8905 14.9853 -3.9756
      vertex 43.528 15.528 -3.3272
    endloop
  endfacet
  facet normal 0.351165 0.712114 -0.607928
    outer loop
      vertex 42.0787 15.6004 -5.778
      vertex 41.8796 15.2556 -6.2969
      vertex 41.591 15.8409 -5.778
    endloop
  endfacet
  facet normal 0.310503 0.914794 -0.258342
    outer loop
      vertex 41.8767 16.5306 -3.9756
      vertex 41.8119 16.3742 -4.6073
      vertex 41.2692 16.7368 -3.9756
    endloop
  endfacet
  facet normal 0.571199 0.651502 -0.499277
    outer loop
      vertex 42.7299 15.5577 -5.2116
      vertex 42.9397 14.9397 -5.778
      vertex 42.5308 15.2982 -5.778
    endloop
  endfacet
  facet normal 0.536616 0.803364 -0.258165
    outer loop
      vertex 42.9853 15.8905 -3.9756
      vertex 42.8823 15.7563 -4.6073
      vertex 42.3673 16.1003 -4.6073
    endloop
  endfacet
  facet normal -0.169045 0.849846 -0.499185
    outer loop
      vertex 39.4147 16.446 -5.2116
      vertex 39.4574 16.1218 -5.778
      vertex 38.924 16.0157 -5.778
    endloop
  endfacet
  facet normal -0.0604372 0.922226 -0.381898
    outer loop
      vertex 40 16.7346 -4.6073
      vertex 39.4147 16.446 -5.2116
      vertex 39.382 16.6941 -4.6073
    endloop
  endfacet
  facet normal 0.768439 0.513501 -0.381863
    outer loop
      vertex 44.1003 14.3673 -4.6073
      vertex 43.8836 14.2422 -5.2116
      vertex 43.5577 14.7299 -5.2116
    endloop
  endfacet
  facet normal 0.637064 0.72629 -0.25817
    outer loop
      vertex 42.9853 15.8905 -3.9756
      vertex 43.3479 15.3479 -4.6073
      vertex 42.8823 15.7563 -4.6073
    endloop
  endfacet
  facet normal 0.0648729 0.989349 -0.130306
    outer loop
      vertex 40 16.9893 -3.3272
      vertex 40.6512 16.9466 -3.3272
      vertex 40 16.9039 -3.9756
    endloop
  endfacet
  facet normal 0.188441 0.947507 -0.258305
    outer loop
      vertex 41.2692 16.7368 -3.9756
      vertex 41.2254 16.5733 -4.6073
      vertex 40.618 16.6941 -4.6073
    endloop
  endfacet
  facet normal -0.318724 0.938853 -0.130268
    outer loop
      vertex 38.7087 16.8193 -3.3272
      vertex 38.1233 16.5306 -3.9756
      vertex 38.0907 16.6095 -3.3272
    endloop
  endfacet
  facet normal -0.29709 0.875155 -0.381891
    outer loop
      vertex 38.7746 16.5733 -4.6073
      vertex 38.8394 16.3316 -5.2116
      vertex 38.1881 16.3742 -4.6073
    endloop
  endfacet
  facet normal -0.29712 0.875132 -0.381921
    outer loop
      vertex 38.8394 16.3316 -5.2116
      vertex 38.2839 16.143 -5.2116
      vertex 38.1881 16.3742 -4.6073
    endloop
  endfacet
  facet normal 0.694862 0.609347 -0.38192
    outer loop
      vertex 43.7562 14.8823 -4.6073
      vertex 43.5577 14.7299 -5.2116
      vertex 43.3479 15.3479 -4.6073
    endloop
  endfacet
  facet normal 0.321436 -0.946931 0
    outer loop
      vertex 41.2913 7.18071 -9.91821e-05
      vertex 41.9093 7.39049 0
      vertex 41.2913 7.18071 0
    endloop
  endfacet
  facet normal 0.321436 -0.946931 0
    outer loop
      vertex 41.9093 7.39049 0
      vertex 41.2913 7.18071 -9.91821e-05
      vertex 41.9093 7.39049 -9.91821e-05
    endloop
  endfacet
  facet normal 0.997857 -0.0654307 0
    outer loop
      vertex 44.9466 11.3488 -1.5001
      vertex 44.9893 12 -2.6731
      vertex 44.9893 12 -1.5001
    endloop
  endfacet
  facet normal 0.997857 -0.0654307 0
    outer loop
      vertex 44.9893 12 -2.6731
      vertex 44.9466 11.3488 -1.5001
      vertex 44.9466 11.3488 -2.6731
    endloop
  endfacet
  facet normal 0.997857 -0.0654307 0
    outer loop
      vertex 44.9466 11.3488 0
      vertex 44.9893 12 -9.91821e-05
      vertex 44.9893 12 0
    endloop
  endfacet
  facet normal 0.997857 -0.0654307 0
    outer loop
      vertex 44.9893 12 -9.91821e-05
      vertex 44.9466 11.3488 0
      vertex 44.9466 11.3488 -9.91821e-05
    endloop
  endfacet
  facet normal 0.609405 0.694758 -0.382016
    outer loop
      vertex 42.8823 15.7563 -4.6073
      vertex 43.3479 15.3479 -4.6073
      vertex 42.7299 15.5577 -5.2116
    endloop
  endfacet
  facet normal 0.427264 0.866426 -0.258362
    outer loop
      vertex 42.452 16.2469 -3.9756
      vertex 42.3673 16.1003 -4.6073
      vertex 41.8767 16.5306 -3.9756
    endloop
  endfacet
  facet normal 0.438474 0.889255 -0.130254
    outer loop
      vertex 41.9093 16.6095 -3.3272
      vertex 42.4946 16.3209 -3.3272
      vertex 41.8767 16.5306 -3.9756
    endloop
  endfacet
  facet normal 0.318724 0.938853 -0.130268
    outer loop
      vertex 41.9093 16.6095 -3.3272
      vertex 41.8767 16.5306 -3.9756
      vertex 41.2913 16.8193 -3.3272
    endloop
  endfacet
  facet normal 0.321463 0.946922 -0
    outer loop
      vertex 41.9093 16.6095 -3.3272
      vertex 41.2913 16.8193 -1.5001
      vertex 41.9093 16.6095 -1.5001
    endloop
  endfacet
  facet normal 0.321463 0.946922 0
    outer loop
      vertex 41.2913 16.8193 -1.5001
      vertex 41.9093 16.6095 -3.3272
      vertex 41.2913 16.8193 -3.3272
    endloop
  endfacet
  facet normal 0.321463 0.946922 -0
    outer loop
      vertex 41.9093 16.6095 -9.91821e-05
      vertex 41.2913 16.8193 0
      vertex 41.9093 16.6095 0
    endloop
  endfacet
  facet normal 0.321463 0.946922 0
    outer loop
      vertex 41.2913 16.8193 0
      vertex 41.9093 16.6095 -9.91821e-05
      vertex 41.2913 16.8193 -9.91821e-05
    endloop
  endfacet
  facet normal -0.91479 0.310545 -0.258303
    outer loop
      vertex 35.6258 13.8119 -4.6073
      vertex 35.4267 13.2254 -4.6073
      vertex 35.2632 13.2692 -3.9756
    endloop
  endfacet
  facet normal -0.914794 0.310503 -0.258342
    outer loop
      vertex 35.4694 13.8767 -3.9756
      vertex 35.6258 13.8119 -4.6073
      vertex 35.2632 13.2692 -3.9756
    endloop
  endfacet
  facet normal -0.866422 0.427283 -0.258345
    outer loop
      vertex 35.8997 14.3673 -4.6073
      vertex 35.6258 13.8119 -4.6073
      vertex 35.4694 13.8767 -3.9756
    endloop
  endfacet
  facet normal -0.72637 0.63691 -0.258326
    outer loop
      vertex 36.5324 15.4676 -3.9756
      vertex 36.6521 15.3479 -4.6073
      vertex 36.1095 14.9853 -3.9756
    endloop
  endfacet
  facet normal -0.653691 0.745447 -0.130372
    outer loop
      vertex 36.9627 15.9583 -3.3272
      vertex 37.0147 15.8905 -3.9756
      vertex 36.472 15.528 -3.3272
    endloop
  endfacet
  facet normal -0.40878 0.828902 -0.381865
    outer loop
      vertex 38.1881 16.3742 -4.6073
      vertex 37.7578 15.8836 -5.2116
      vertex 37.6327 16.1003 -4.6073
    endloop
  endfacet
  facet normal -0.408704 0.828911 -0.381926
    outer loop
      vertex 38.1881 16.3742 -4.6073
      vertex 38.2839 16.143 -5.2116
      vertex 37.7578 15.8836 -5.2116
    endloop
  endfacet
  facet normal -0.609392 0.694782 -0.381994
    outer loop
      vertex 37.2701 15.5577 -5.2116
      vertex 36.8291 15.1709 -5.2116
      vertex 36.6521 15.3479 -4.6073
    endloop
  endfacet
  facet normal -0.651443 0.571379 -0.499147
    outer loop
      vertex 36.8291 15.1709 -5.2116
      vertex 37.0603 14.9397 -5.778
      vertex 36.4423 14.7299 -5.2116
    endloop
  endfacet
  facet normal -0.536769 0.803196 -0.258371
    outer loop
      vertex 37.548 16.2469 -3.9756
      vertex 37.6327 16.1003 -4.6073
      vertex 37.0147 15.8905 -3.9756
    endloop
  endfacet
  facet normal -0.536616 0.803364 -0.258165
    outer loop
      vertex 37.6327 16.1003 -4.6073
      vertex 37.1177 15.7563 -4.6073
      vertex 37.0147 15.8905 -3.9756
    endloop
  endfacet
  facet normal -0.255196 0.751865 -0.607926
    outer loop
      vertex 38.924 16.0157 -5.778
      vertex 39.027 15.6311 -6.2969
      vertex 38.409 15.8409 -5.778
    endloop
  endfacet
  facet normal -0.255278 0.751785 -0.60799
    outer loop
      vertex 39.027 15.6311 -6.2969
      vertex 38.5614 15.473 -6.2969
      vertex 38.409 15.8409 -5.778
    endloop
  endfacet
  facet normal 0.0565658 0.86458 -0.499301
    outer loop
      vertex 40 16.4844 -5.2116
      vertex 40.5426 16.1218 -5.778
      vertex 40 16.1573 -5.778
    endloop
  endfacet
  facet normal 0.154839 0.778718 -0.607967
    outer loop
      vertex 40.5426 16.1218 -5.778
      vertex 40.973 15.6311 -6.2969
      vertex 40.4907 15.727 -6.2969
    endloop
  endfacet
  facet normal -0.571379 0.651443 -0.499147
    outer loop
      vertex 37.2701 15.5577 -5.2116
      vertex 37.0603 14.9397 -5.778
      vertex 36.8291 15.1709 -5.2116
    endloop
  endfacet
  facet normal -0.571199 0.651502 -0.499277
    outer loop
      vertex 37.2701 15.5577 -5.2116
      vertex 37.4692 15.2982 -5.778
      vertex 37.0603 14.9397 -5.778
    endloop
  endfacet
  facet normal 0.255278 0.751785 -0.60799
    outer loop
      vertex 41.591 15.8409 -5.778
      vertex 41.4386 15.473 -6.2969
      vertex 40.973 15.6311 -6.2969
    endloop
  endfacet
  facet normal 0.751844 -0.659341 0
    outer loop
      vertex 43.528 8.47204 0
      vertex 43.9583 8.96271 -9.91821e-05
      vertex 43.9583 8.96271 0
    endloop
  endfacet
  facet normal 0.751844 -0.659341 0
    outer loop
      vertex 43.9583 8.96271 -9.91821e-05
      vertex 43.528 8.47204 0
      vertex 43.528 8.47204 -9.91821e-05
    endloop
  endfacet
  facet normal 0.751844 -0.659342 0
    outer loop
      vertex 43.9583 8.96271 -1.7353
      vertex 43.9583 8.96271 -1.5001
      vertex 43.8836 8.87753 -1.669
    endloop
  endfacet
  facet normal 0.751827 -0.659361 1.69918e-05
    outer loop
      vertex 43.8836 8.87753 -1.669
      vertex 43.9583 8.96271 -1.5001
      vertex 43.5577 8.50593 -1.5529
    endloop
  endfacet
  facet normal 0.751844 -0.659341 -0.000289276
    outer loop
      vertex 43.5577 8.50593 -1.5529
      vertex 43.9583 8.96271 -1.5001
      vertex 43.528 8.47204 -1.5001
    endloop
  endfacet
  facet normal 0.752068 -0.659086 0
    outer loop
      vertex 43.5577 8.50593 -1.5529
      vertex 43.528 8.47204 -1.5001
      vertex 43.528 8.47204 -1.5447
    endloop
  endfacet
  facet normal 0.43851 0.889231 -0.130296
    outer loop
      vertex 42.4946 16.3209 -3.3272
      vertex 42.452 16.2469 -3.9756
      vertex 41.8767 16.5306 -3.9756
    endloop
  endfacet
  facet normal 0.427283 0.866422 -0.258345
    outer loop
      vertex 41.8767 16.5306 -3.9756
      vertex 42.3673 16.1003 -4.6073
      vertex 41.8119 16.3742 -4.6073
    endloop
  endfacet
  facet normal 0.180253 0.906462 -0.381884
    outer loop
      vertex 41.2254 16.5733 -4.6073
      vertex 41.1606 16.3316 -5.2116
      vertex 40.5853 16.446 -5.2116
    endloop
  endfacet
  facet normal 0.29709 0.875155 -0.381891
    outer loop
      vertex 41.2254 16.5733 -4.6073
      vertex 41.8119 16.3742 -4.6073
      vertex 41.1606 16.3316 -5.2116
    endloop
  endfacet
  facet normal 0.481497 0.720333 -0.49928
    outer loop
      vertex 42.7299 15.5577 -5.2116
      vertex 42.5308 15.2982 -5.778
      vertex 42.0787 15.6004 -5.778
    endloop
  endfacet
  facet normal 0.914794 0.310503 -0.258342
    outer loop
      vertex 44.5306 13.8767 -3.9756
      vertex 44.7368 13.2692 -3.9756
      vertex 44.3742 13.8119 -4.6073
    endloop
  endfacet
  facet normal 0.831484 0.555548 0
    outer loop
      vertex 44.3209 14.4946 -1.5001
      vertex 43.9583 15.0373 -3.3272
      vertex 43.9583 15.0373 -1.5001
    endloop
  endfacet
  facet normal 0.831484 0.555548 0
    outer loop
      vertex 43.9583 15.0373 -3.3272
      vertex 44.3209 14.4946 -1.5001
      vertex 44.3209 14.4946 -3.3272
    endloop
  endfacet
  facet normal 0.831484 0.555548 0
    outer loop
      vertex 44.3209 14.4946 0
      vertex 43.9583 15.0373 -9.91821e-05
      vertex 43.9583 15.0373 0
    endloop
  endfacet
  facet normal 0.831484 0.555548 0
    outer loop
      vertex 43.9583 15.0373 -9.91821e-05
      vertex 44.3209 14.4946 0
      vertex 44.3209 14.4946 -9.91821e-05
    endloop
  endfacet
  facet normal 0.803265 0.536706 -0.258286
    outer loop
      vertex 43.8905 14.9853 -3.9756
      vertex 44.1003 14.3673 -4.6073
      vertex 43.7562 14.8823 -4.6073
    endloop
  endfacet
  facet normal -0.180275 0.906449 -0.381905
    outer loop
      vertex 39.382 16.6941 -4.6073
      vertex 39.4147 16.446 -5.2116
      vertex 38.7746 16.5733 -4.6073
    endloop
  endfacet
  facet normal -0.188441 0.947507 -0.258305
    outer loop
      vertex 39.382 16.6941 -4.6073
      vertex 38.7746 16.5733 -4.6073
      vertex 38.7308 16.7368 -3.9756
    endloop
  endfacet
  facet normal -0.318673 0.938863 -0.130319
    outer loop
      vertex 38.7087 16.8193 -3.3272
      vertex 38.7308 16.7368 -3.9756
      vertex 38.1233 16.5306 -3.9756
    endloop
  endfacet
  facet normal -0.193392 0.972428 -0.13032
    outer loop
      vertex 39.3488 16.9466 -3.3272
      vertex 38.7308 16.7368 -3.9756
      vertex 38.7087 16.8193 -3.3272
    endloop
  endfacet
  facet normal -0.442242 0.896896 0
    outer loop
      vertex 38.0907 16.6095 -3.3272
      vertex 37.5054 16.3209 -1.5001
      vertex 38.0907 16.6095 -1.5001
    endloop
  endfacet
  facet normal -0.442242 0.896896 0
    outer loop
      vertex 37.5054 16.3209 -1.5001
      vertex 38.0907 16.6095 -3.3272
      vertex 37.5054 16.3209 -3.3272
    endloop
  endfacet
  facet normal -0.442242 0.896896 0
    outer loop
      vertex 38.0907 16.6095 -9.91821e-05
      vertex 37.5054 16.3209 0
      vertex 38.0907 16.6095 0
    endloop
  endfacet
  facet normal -0.442242 0.896896 0
    outer loop
      vertex 37.5054 16.3209 0
      vertex 38.0907 16.6095 -9.91821e-05
      vertex 37.5054 16.3209 -9.91821e-05
    endloop
  endfacet
  facet normal 0.972419 0.193525 -0.130189
    outer loop
      vertex 44.9466 12.6512 -3.3272
      vertex 44.862 12.6401 -3.9756
      vertex 44.7368 13.2692 -3.9756
    endloop
  endfacet
  facet normal 0.442303 -0.896865 0
    outer loop
      vertex 41.9093 7.39049 -9.91821e-05
      vertex 42.4946 7.67914 0
      vertex 41.9093 7.39049 0
    endloop
  endfacet
  facet normal 0.442303 -0.896865 0
    outer loop
      vertex 42.4946 7.67914 0
      vertex 41.9093 7.39049 -9.91821e-05
      vertex 42.4946 7.67914 -9.91821e-05
    endloop
  endfacet
  facet normal 0.653691 0.745447 -0.130372
    outer loop
      vertex 43.0373 15.9583 -3.3272
      vertex 43.528 15.528 -3.3272
      vertex 42.9853 15.8905 -3.9756
    endloop
  endfacet
  facet normal -0.38323 0.777136 -0.499193
    outer loop
      vertex 38.409 15.8409 -5.778
      vertex 37.9213 15.6004 -5.778
      vertex 37.7578 15.8836 -5.2116
    endloop
  endfacet
  facet normal -0.383196 0.777176 -0.499157
    outer loop
      vertex 38.2839 16.143 -5.2116
      vertex 38.409 15.8409 -5.778
      vertex 37.7578 15.8836 -5.2116
    endloop
  endfacet
  facet normal 0.831456 -0.555591 0
    outer loop
      vertex 43.9583 8.96271 0
      vertex 44.3209 9.50535 -9.91821e-05
      vertex 44.3209 9.50535 0
    endloop
  endfacet
  facet normal 0.831456 -0.555591 0
    outer loop
      vertex 44.3209 9.50535 -9.91821e-05
      vertex 43.9583 8.96271 0
      vertex 43.9583 8.96271 -9.91821e-05
    endloop
  endfacet
  facet normal 0.831387 -0.555695 0
    outer loop
      vertex 44.3209 9.50535 -1.9583
      vertex 44.3209 9.50535 -1.5001
      vertex 44.143 9.23919 -1.8334
    endloop
  endfacet
  facet normal 0.831456 -0.555591 -0.000119711
    outer loop
      vertex 44.143 9.23919 -1.8334
      vertex 44.3209 9.50535 -1.5001
      vertex 43.9583 8.96271 -1.5001
    endloop
  endfacet
  facet normal 0.831522 -0.555491 0
    outer loop
      vertex 44.143 9.23919 -1.8334
      vertex 43.9583 8.96271 -1.5001
      vertex 43.9583 8.96271 -1.7353
    endloop
  endfacet
  facet normal 0.5509 0.824341 -0.130274
    outer loop
      vertex 42.4946 16.3209 -3.3272
      vertex 42.9853 15.8905 -3.9756
      vertex 42.452 16.2469 -3.9756
    endloop
  endfacet
  facet normal 0.536769 0.803196 -0.258371
    outer loop
      vertex 42.452 16.2469 -3.9756
      vertex 42.9853 15.8905 -3.9756
      vertex 42.3673 16.1003 -4.6073
    endloop
  endfacet
  facet normal 0.29712 0.875132 -0.381921
    outer loop
      vertex 41.8119 16.3742 -4.6073
      vertex 41.7161 16.143 -5.2116
      vertex 41.1606 16.3316 -5.2116
    endloop
  endfacet
  facet normal 0.310545 0.91479 -0.258303
    outer loop
      vertex 41.2692 16.7368 -3.9756
      vertex 41.8119 16.3742 -4.6073
      vertex 41.2254 16.5733 -4.6073
    endloop
  endfacet
  facet normal -0.0631724 0.963964 -0.258423
    outer loop
      vertex 40 16.7346 -4.6073
      vertex 39.382 16.6941 -4.6073
      vertex 39.3599 16.862 -3.9756
    endloop
  endfacet
  facet normal 0.0647627 0.989371 -0.130197
    outer loop
      vertex 40.6512 16.9466 -3.3272
      vertex 40.6401 16.862 -3.9756
      vertex 40 16.9039 -3.9756
    endloop
  endfacet
  facet normal 0.193525 0.972419 -0.130189
    outer loop
      vertex 40.6512 16.9466 -3.3272
      vertex 41.2692 16.7368 -3.9756
      vertex 40.6401 16.862 -3.9756
    endloop
  endfacet
  facet normal 0.651502 0.571199 -0.499277
    outer loop
      vertex 43.5577 14.7299 -5.2116
      vertex 43.2982 14.5308 -5.778
      vertex 42.9397 14.9397 -5.778
    endloop
  endfacet
  facet normal 0.571379 0.651443 -0.499147
    outer loop
      vertex 43.1709 15.1709 -5.2116
      vertex 42.9397 14.9397 -5.778
      vertex 42.7299 15.5577 -5.2116
    endloop
  endfacet
  facet normal 0.513501 0.768439 -0.381863
    outer loop
      vertex 42.3673 16.1003 -4.6073
      vertex 42.7299 15.5577 -5.2116
      vertex 42.2422 15.8836 -5.2116
    endloop
  endfacet
  facet normal 0.481427 0.720441 -0.499192
    outer loop
      vertex 42.2422 15.8836 -5.2116
      vertex 42.7299 15.5577 -5.2116
      vertex 42.0787 15.6004 -5.778
    endloop
  endfacet
  facet normal 0.63691 0.72637 -0.258326
    outer loop
      vertex 43.4676 15.4676 -3.9756
      vertex 43.3479 15.3479 -4.6073
      vertex 42.9853 15.8905 -3.9756
    endloop
  endfacet
  facet normal 0.513318 0.768485 -0.382014
    outer loop
      vertex 42.8823 15.7563 -4.6073
      vertex 42.7299 15.5577 -5.2116
      vertex 42.3673 16.1003 -4.6073
    endloop
  endfacet
  facet normal 0.896896 0.442242 0
    outer loop
      vertex 44.6095 13.9093 -1.5001
      vertex 44.3209 14.4946 -3.3272
      vertex 44.3209 14.4946 -1.5001
    endloop
  endfacet
  facet normal 0.896896 0.442242 0
    outer loop
      vertex 44.3209 14.4946 -3.3272
      vertex 44.6095 13.9093 -1.5001
      vertex 44.6095 13.9093 -3.3272
    endloop
  endfacet
  facet normal 0.896896 0.442242 0
    outer loop
      vertex 44.6095 13.9093 0
      vertex 44.3209 14.4946 -9.91821e-05
      vertex 44.3209 14.4946 0
    endloop
  endfacet
  facet normal 0.896896 0.442242 0
    outer loop
      vertex 44.3209 14.4946 -9.91821e-05
      vertex 44.6095 13.9093 0
      vertex 44.6095 13.9093 -9.91821e-05
    endloop
  endfacet
  facet normal 0.803196 0.536769 -0.258371
    outer loop
      vertex 44.2469 14.452 -3.9756
      vertex 44.1003 14.3673 -4.6073
      vertex 43.8905 14.9853 -3.9756
    endloop
  endfacet
  facet normal 0.751864 0.659318 0
    outer loop
      vertex 43.9583 15.0373 -1.5001
      vertex 43.528 15.528 -3.3272
      vertex 43.528 15.528 -1.5001
    endloop
  endfacet
  facet normal 0.751864 0.659318 0
    outer loop
      vertex 43.528 15.528 -3.3272
      vertex 43.9583 15.0373 -1.5001
      vertex 43.9583 15.0373 -3.3272
    endloop
  endfacet
  facet normal 0.751864 0.659318 0
    outer loop
      vertex 43.9583 15.0373 0
      vertex 43.528 15.528 -9.91821e-05
      vertex 43.528 15.528 0
    endloop
  endfacet
  facet normal 0.751864 0.659318 0
    outer loop
      vertex 43.528 15.528 -9.91821e-05
      vertex 43.9583 15.0373 0
      vertex 43.9583 15.0373 -9.91821e-05
    endloop
  endfacet
  facet normal 0.745477 0.653664 -0.130333
    outer loop
      vertex 43.528 15.528 -3.3272
      vertex 43.8905 14.9853 -3.9756
      vertex 43.4676 15.4676 -3.9756
    endloop
  endfacet
  facet normal -0.188557 0.947452 -0.258421
    outer loop
      vertex 39.3599 16.862 -3.9756
      vertex 39.382 16.6941 -4.6073
      vertex 38.7308 16.7368 -3.9756
    endloop
  endfacet
  facet normal -0.193525 0.972419 -0.130189
    outer loop
      vertex 39.3488 16.9466 -3.3272
      vertex 39.3599 16.862 -3.9756
      vertex 38.7308 16.7368 -3.9756
    endloop
  endfacet
  facet normal -0.0654307 0.997857 0
    outer loop
      vertex 40 16.9893 -3.3272
      vertex 39.3488 16.9466 -1.5001
      vertex 40 16.9893 -1.5001
    endloop
  endfacet
  facet normal -0.0654307 0.997857 0
    outer loop
      vertex 39.3488 16.9466 -1.5001
      vertex 40 16.9893 -3.3272
      vertex 39.3488 16.9466 -3.3272
    endloop
  endfacet
  facet normal -0.0654307 0.997857 0
    outer loop
      vertex 40 16.9893 -9.91821e-05
      vertex 39.3488 16.9466 0
      vertex 40 16.9893 0
    endloop
  endfacet
  facet normal -0.0654307 0.997857 0
    outer loop
      vertex 39.3488 16.9466 0
      vertex 40 16.9893 -9.91821e-05
      vertex 39.3488 16.9466 -9.91821e-05
    endloop
  endfacet
  facet normal 0.896911 -0.442211 0
    outer loop
      vertex 44.3209 9.50535 0
      vertex 44.6095 10.0907 -9.91821e-05
      vertex 44.6095 10.0907 0
    endloop
  endfacet
  facet normal 0.896911 -0.442211 0
    outer loop
      vertex 44.6095 10.0907 -9.91821e-05
      vertex 44.3209 9.50535 0
      vertex 44.3209 9.50535 -9.91821e-05
    endloop
  endfacet
  facet normal 0.896858 -0.442319 0
    outer loop
      vertex 44.6095 10.0907 -2.207
      vertex 44.6095 10.0907 -1.5001
      vertex 44.5733 10.0173 -2.1502
    endloop
  endfacet
  facet normal 0.896849 -0.442336 2.35395e-06
    outer loop
      vertex 44.5733 10.0173 -2.1502
      vertex 44.6095 10.0907 -1.5001
      vertex 44.3742 9.61362 -1.9675
    endloop
  endfacet
  facet normal 0.896911 -0.442211 -0.000155938
    outer loop
      vertex 44.3742 9.61362 -1.9675
      vertex 44.6095 10.0907 -1.5001
      vertex 44.3209 9.50535 -1.5001
    endloop
  endfacet
  facet normal 0.897178 -0.44167 0
    outer loop
      vertex 44.3742 9.61362 -1.9675
      vertex 44.3209 9.50535 -1.5001
      vertex 44.3209 9.50535 -1.9583
    endloop
  endfacet
  facet normal 0.168992 0.849835 -0.499222
    outer loop
      vertex 41.1606 16.3316 -5.2116
      vertex 41.076 16.0157 -5.778
      vertex 40.5853 16.446 -5.2116
    endloop
  endfacet
  facet normal 0.0604372 0.922226 -0.381898
    outer loop
      vertex 40.618 16.6941 -4.6073
      vertex 40.5853 16.446 -5.2116
      vertex 40 16.7346 -4.6073
    endloop
  endfacet
  facet normal 0.0605061 0.922246 -0.38184
    outer loop
      vertex 40 16.7346 -4.6073
      vertex 40.5853 16.446 -5.2116
      vertex 40 16.4844 -5.2116
    endloop
  endfacet
  facet normal 0.169045 0.849846 -0.499185
    outer loop
      vertex 40.5853 16.446 -5.2116
      vertex 41.076 16.0157 -5.778
      vertex 40.5426 16.1218 -5.778
    endloop
  endfacet
  facet normal 0.1549 0.778733 -0.607931
    outer loop
      vertex 41.076 16.0157 -5.778
      vertex 40.973 15.6311 -6.2969
      vertex 40.5426 16.1218 -5.778
    endloop
  endfacet
  facet normal 0.255196 0.751865 -0.607926
    outer loop
      vertex 41.076 16.0157 -5.778
      vertex 41.591 15.8409 -5.778
      vertex 40.973 15.6311 -6.2969
    endloop
  endfacet
  facet normal 0.441143 0.660261 -0.607823
    outer loop
      vertex 42.5308 15.2982 -5.778
      vertex 42.2885 14.9824 -6.2969
      vertex 41.8796 15.2556 -6.2969
    endloop
  endfacet
  facet normal 0.441236 0.660102 -0.607927
    outer loop
      vertex 42.0787 15.6004 -5.778
      vertex 42.5308 15.2982 -5.778
      vertex 41.8796 15.2556 -6.2969
    endloop
  endfacet
  facet normal 0.694782 0.609392 -0.381994
    outer loop
      vertex 43.3479 15.3479 -4.6073
      vertex 43.5577 14.7299 -5.2116
      vertex 43.1709 15.1709 -5.2116
    endloop
  endfacet
  facet normal 0.651443 0.571379 -0.499147
    outer loop
      vertex 43.1709 15.1709 -5.2116
      vertex 43.5577 14.7299 -5.2116
      vertex 42.9397 14.9397 -5.778
    endloop
  endfacet
  facet normal 0.408704 0.828911 -0.381926
    outer loop
      vertex 41.8119 16.3742 -4.6073
      vertex 42.2422 15.8836 -5.2116
      vertex 41.7161 16.143 -5.2116
    endloop
  endfacet
  facet normal 0.351052 0.712115 -0.607993
    outer loop
      vertex 41.591 15.8409 -5.778
      vertex 41.8796 15.2556 -6.2969
      vertex 41.4386 15.473 -6.2969
    endloop
  endfacet
  facet normal 0.946922 0.321463 0
    outer loop
      vertex 44.8193 13.2913 -1.5001
      vertex 44.6095 13.9093 -3.3272
      vertex 44.6095 13.9093 -1.5001
    endloop
  endfacet
  facet normal 0.946922 0.321463 0
    outer loop
      vertex 44.6095 13.9093 -3.3272
      vertex 44.8193 13.2913 -1.5001
      vertex 44.8193 13.2913 -3.3272
    endloop
  endfacet
  facet normal 0.946922 0.321463 0
    outer loop
      vertex 44.8193 13.2913 0
      vertex 44.6095 13.9093 -9.91821e-05
      vertex 44.6095 13.9093 0
    endloop
  endfacet
  facet normal 0.946922 0.321463 0
    outer loop
      vertex 44.6095 13.9093 -9.91821e-05
      vertex 44.8193 13.2913 0
      vertex 44.8193 13.2913 -9.91821e-05
    endloop
  endfacet
  facet normal 0.824387 0.550807 -0.130375
    outer loop
      vertex 43.9583 15.0373 -3.3272
      vertex 44.3209 14.4946 -3.3272
      vertex 43.8905 14.9853 -3.9756
    endloop
  endfacet
  facet normal 0.824341 0.5509 -0.130274
    outer loop
      vertex 44.3209 14.4946 -3.3272
      vertex 44.2469 14.452 -3.9756
      vertex 43.8905 14.9853 -3.9756
    endloop
  endfacet
  facet normal 0.72637 0.63691 -0.258326
    outer loop
      vertex 43.4676 15.4676 -3.9756
      vertex 43.8905 14.9853 -3.9756
      vertex 43.3479 15.3479 -4.6073
    endloop
  endfacet
  facet normal 0.726346 0.636957 -0.258279
    outer loop
      vertex 43.8905 14.9853 -3.9756
      vertex 43.7562 14.8823 -4.6073
      vertex 43.3479 15.3479 -4.6073
    endloop
  endfacet
  facet normal 0.659318 0.751864 -0
    outer loop
      vertex 43.528 15.528 -3.3272
      vertex 43.0373 15.9583 -1.5001
      vertex 43.528 15.528 -1.5001
    endloop
  endfacet
  facet normal 0.659318 0.751864 0
    outer loop
      vertex 43.0373 15.9583 -1.5001
      vertex 43.528 15.528 -3.3272
      vertex 43.0373 15.9583 -3.3272
    endloop
  endfacet
  facet normal 0.659318 0.751864 -0
    outer loop
      vertex 43.528 15.528 -9.91821e-05
      vertex 43.0373 15.9583 0
      vertex 43.528 15.528 0
    endloop
  endfacet
  facet normal 0.659318 0.751864 0
    outer loop
      vertex 43.0373 15.9583 0
      vertex 43.528 15.528 -9.91821e-05
      vertex 43.0373 15.9583 -9.91821e-05
    endloop
  endfacet
  facet normal 0.828911 0.408704 -0.381926
    outer loop
      vertex 44.3742 13.8119 -4.6073
      vertex 44.143 13.7161 -5.2116
      vertex 43.8836 14.2422 -5.2116
    endloop
  endfacet
  facet normal 0.828902 0.40878 -0.381865
    outer loop
      vertex 44.1003 14.3673 -4.6073
      vertex 44.3742 13.8119 -4.6073
      vertex 43.8836 14.2422 -5.2116
    endloop
  endfacet
  facet normal 0.946922 -0.321463 0
    outer loop
      vertex 44.6095 10.0907 0
      vertex 44.8193 10.7087 -9.91821e-05
      vertex 44.8193 10.7087 0
    endloop
  endfacet
  facet normal 0.946922 -0.321463 0
    outer loop
      vertex 44.8193 10.7087 -9.91821e-05
      vertex 44.6095 10.0907 0
      vertex 44.6095 10.0907 -9.91821e-05
    endloop
  endfacet
  facet normal 0.946875 -0.321602 0
    outer loop
      vertex 44.8193 10.7087 -2.4613
      vertex 44.8193 10.7087 -1.5001
      vertex 44.7368 10.4658 -2.2897
    endloop
  endfacet
  facet normal 0.946922 -0.321463 -4.7698e-05
    outer loop
      vertex 44.7368 10.4658 -2.2897
      vertex 44.8193 10.7087 -1.5001
      vertex 44.6095 10.0907 -1.5001
    endloop
  endfacet
  facet normal 0.946953 -0.321373 0
    outer loop
      vertex 44.7368 10.4658 -2.2897
      vertex 44.6095 10.0907 -1.5001
      vertex 44.6095 10.0907 -2.207
    endloop
  endfacet
  facet normal 0.180275 0.906449 -0.381905
    outer loop
      vertex 40.618 16.6941 -4.6073
      vertex 41.2254 16.5733 -4.6073
      vertex 40.5853 16.446 -5.2116
    endloop
  endfacet
  facet normal -0.0605061 0.922246 -0.38184
    outer loop
      vertex 40 16.7346 -4.6073
      vertex 40 16.4844 -5.2116
      vertex 39.4147 16.446 -5.2116
    endloop
  endfacet
  facet normal 0.0567266 0.864637 -0.499184
    outer loop
      vertex 40.5853 16.446 -5.2116
      vertex 40.5426 16.1218 -5.778
      vertex 40 16.4844 -5.2116
    endloop
  endfacet
  facet normal 0.383196 0.777176 -0.499157
    outer loop
      vertex 41.7161 16.143 -5.2116
      vertex 42.2422 15.8836 -5.2116
      vertex 41.591 15.8409 -5.778
    endloop
  endfacet
  facet normal 0.38323 0.777136 -0.499193
    outer loop
      vertex 42.2422 15.8836 -5.2116
      vertex 42.0787 15.6004 -5.778
      vertex 41.591 15.8409 -5.778
    endloop
  endfacet
  facet normal 0.889255 0.438474 -0.130254
    outer loop
      vertex 44.6095 13.9093 -3.3272
      vertex 44.5306 13.8767 -3.9756
      vertex 44.3209 14.4946 -3.3272
    endloop
  endfacet
  facet normal 0.938853 0.318724 -0.130268
    outer loop
      vertex 44.6095 13.9093 -3.3272
      vertex 44.8193 13.2913 -3.3272
      vertex 44.5306 13.8767 -3.9756
    endloop
  endfacet
  facet normal 0.550807 0.824387 -0.130375
    outer loop
      vertex 43.0373 15.9583 -3.3272
      vertex 42.9853 15.8905 -3.9756
      vertex 42.4946 16.3209 -3.3272
    endloop
  endfacet
  facet normal 0.555548 0.831484 -0
    outer loop
      vertex 43.0373 15.9583 -3.3272
      vertex 42.4946 16.3209 -1.5001
      vertex 43.0373 15.9583 -1.5001
    endloop
  endfacet
  facet normal 0.555548 0.831484 0
    outer loop
      vertex 42.4946 16.3209 -1.5001
      vertex 43.0373 15.9583 -3.3272
      vertex 42.4946 16.3209 -3.3272
    endloop
  endfacet
  facet normal 0.555548 0.831484 -0
    outer loop
      vertex 43.0373 15.9583 -9.91821e-05
      vertex 42.4946 16.3209 0
      vertex 43.0373 15.9583 0
    endloop
  endfacet
  facet normal 0.555548 0.831484 0
    outer loop
      vertex 42.4946 16.3209 0
      vertex 43.0373 15.9583 -9.91821e-05
      vertex 42.4946 16.3209 -9.91821e-05
    endloop
  endfacet
  facet normal 0.91479 0.310545 -0.258303
    outer loop
      vertex 44.7368 13.2692 -3.9756
      vertex 44.5733 13.2254 -4.6073
      vertex 44.3742 13.8119 -4.6073
    endloop
  endfacet
  facet normal 0.0631724 0.963964 -0.258423
    outer loop
      vertex 40.6401 16.862 -3.9756
      vertex 40.618 16.6941 -4.6073
      vertex 40 16.7346 -4.6073
    endloop
  endfacet
  facet normal 0.188557 0.947452 -0.258421
    outer loop
      vertex 40.6401 16.862 -3.9756
      vertex 41.2692 16.7368 -3.9756
      vertex 40.618 16.6941 -4.6073
    endloop
  endfacet
  facet normal -0.0565658 0.86458 -0.499301
    outer loop
      vertex 40 16.4844 -5.2116
      vertex 40 16.1573 -5.778
      vertex 39.4574 16.1218 -5.778
    endloop
  endfacet
  facet normal -0.0567266 0.864637 -0.499184
    outer loop
      vertex 40 16.4844 -5.2116
      vertex 39.4574 16.1218 -5.778
      vertex 39.4147 16.446 -5.2116
    endloop
  endfacet
  facet normal -0.0519931 0.792329 -0.607875
    outer loop
      vertex 40 16.1573 -5.778
      vertex 40 15.7592 -6.2969
      vertex 39.5093 15.727 -6.2969
    endloop
  endfacet
  facet normal 0.0518345 0.792265 -0.607972
    outer loop
      vertex 40.5426 16.1218 -5.778
      vertex 40.4907 15.727 -6.2969
      vertex 40 16.1573 -5.778
    endloop
  endfacet
  facet normal 0.889231 0.43851 -0.130296
    outer loop
      vertex 44.3209 14.4946 -3.3272
      vertex 44.5306 13.8767 -3.9756
      vertex 44.2469 14.452 -3.9756
    endloop
  endfacet
  facet normal 0.866426 0.427264 -0.258362
    outer loop
      vertex 44.2469 14.452 -3.9756
      vertex 44.5306 13.8767 -3.9756
      vertex 44.1003 14.3673 -4.6073
    endloop
  endfacet
  facet normal -0.0463506 0.706343 -0.70635
    outer loop
      vertex 40 15.7592 -6.2969
      vertex 40 4.98929 -17.0667
      vertex 39.5093 15.727 -6.2969
    endloop
  endfacet
  facet normal -0.0462933 0.706346 -0.706351
    outer loop
      vertex 39.5093 15.727 -6.2969
      vertex 40 4.98929 -17.0667
      vertex 39.5093 4.95713 -17.0667
    endloop
  endfacet
  facet normal -0.0518345 0.792265 -0.607972
    outer loop
      vertex 40 16.1573 -5.778
      vertex 39.5093 15.727 -6.2969
      vertex 39.4574 16.1218 -5.778
    endloop
  endfacet
  facet normal 0.0519931 0.792329 -0.607875
    outer loop
      vertex 40 16.1573 -5.778
      vertex 40.4907 15.727 -6.2969
      vertex 40 15.7592 -6.2969
    endloop
  endfacet
  facet normal 0.0463506 0.706343 -0.70635
    outer loop
      vertex 40 15.7592 -6.2969
      vertex 40.4907 15.727 -6.2969
      vertex 40 4.98929 -17.0667
    endloop
  endfacet
  facet normal 0.0462933 0.706346 -0.706351
    outer loop
      vertex 40.4907 15.727 -6.2969
      vertex 40.4907 4.95713 -17.0667
      vertex 40 4.98929 -17.0667
    endloop
  endfacet
  facet normal 0.427049 0.639384 -0.639388
    outer loop
      vertex 42.2885 14.9824 -6.2969
      vertex 42.2885 4.42254 -16.8567
      vertex 41.9093 4.60951 -16.923
    endloop
  endfacet
  facet normal 0.427985 0.639051 -0.639096
    outer loop
      vertex 42.2885 14.9824 -6.2969
      vertex 41.9093 4.60951 -16.923
      vertex 41.8796 4.6196 -16.9328
    endloop
  endfacet
  facet normal 0.427167 0.639344 -0.63935
    outer loop
      vertex 41.8796 15.2556 -6.2969
      vertex 42.2885 14.9824 -6.2969
      vertex 41.8796 4.6196 -16.9328
    endloop
  endfacet
  facet normal -0.13923 0.700217 -0.700222
    outer loop
      vertex 39.5093 15.727 -6.2969
      vertex 39.3488 4.94661 -17.0453
      vertex 39.027 15.6311 -6.2969
    endloop
  endfacet
  facet normal -0.139258 0.700215 -0.700219
    outer loop
      vertex 39.5093 15.727 -6.2969
      vertex 39.5093 4.95713 -17.0667
      vertex 39.3488 4.94661 -17.0453
    endloop
  endfacet
  facet normal -0.139238 0.700216 -0.700221
    outer loop
      vertex 39.027 15.6311 -6.2969
      vertex 39.3488 4.94661 -17.0453
      vertex 39.027 4.88262 -17.0453
    endloop
  endfacet
  facet normal -0.962615 -0.191536 0.191536
    outer loop
      vertex 35.1807 10.7087 -2.4613
      vertex 35.138 10.9233 -2.4613
      vertex 35.138 0 -13.3846
    endloop
  endfacet
  facet normal -0.962612 -0.191543 0.191543
    outer loop
      vertex 35.2632 0 -12.7554
      vertex 35.1807 10.7087 -2.4613
      vertex 35.138 0 -13.3846
    endloop
  endfacet
  facet normal -0.962594 -0.191589 0.191591
    outer loop
      vertex 35.2632 0 -12.7554
      vertex 35.2632 10.4658 -2.2897
      vertex 35.1807 10.7087 -2.4613
    endloop
  endfacet
  facet normal -0.509758 -0.608343 0.60833
    outer loop
      vertex 37.6497 0 -8.7729
      vertex 37.5055 6.94758 -1.946
      vertex 37.4802 6.96878 -1.946
    endloop
  endfacet
  facet normal -0.511929 -0.607467 0.607381
    outer loop
      vertex 37.6497 0 -8.7729
      vertex 37.4802 6.96878 -1.946
      vertex 37.4692 6.97805 -1.946
    endloop
  endfacet
  facet normal -0.509383 -0.608491 0.608496
    outer loop
      vertex 37.6497 0 -8.7729
      vertex 37.4692 6.97805 -1.946
      vertex 37.4692 0 -8.924
    endloop
  endfacet
  facet normal 0.526909 0.600985 -0.600986
    outer loop
      vertex 42.9397 14.9397 -5.778
      vertex 42.9397 4.02349 -16.6942
      vertex 42.5308 15.2982 -5.778
    endloop
  endfacet
  facet normal 0.526899 0.600989 -0.600991
    outer loop
      vertex 42.5308 15.2982 -5.778
      vertex 42.9397 4.02349 -16.6942
      vertex 42.5308 4.29668 -16.7795
    endloop
  endfacet
  facet normal -0.526909 0.600985 -0.600986
    outer loop
      vertex 37.0603 14.9397 -5.778
      vertex 37.4692 15.2982 -5.778
      vertex 37.0603 4.02349 -16.6942
    endloop
  endfacet
  facet normal -0.526899 0.600989 -0.600991
    outer loop
      vertex 37.4692 15.2982 -5.778
      vertex 37.4692 4.29668 -16.7795
      vertex 37.0603 4.02349 -16.6942
    endloop
  endfacet
  facet normal 0.527018 -0.600935 0.60094
    outer loop
      vertex 42.9151 7.31508 -1.946
      vertex 42.5308 6.97805 -1.946
      vertex 42.5308 0 -8.924
    endloop
  endfacet
  facet normal 0.52622 -0.601255 0.601319
    outer loop
      vertex 42.9397 7.33661 -1.946
      vertex 42.9151 7.31508 -1.946
      vertex 42.5308 0 -8.924
    endloop
  endfacet
  facet normal 0.527016 -0.600938 0.600939
    outer loop
      vertex 42.9397 0 -9.2826
      vertex 42.9397 7.33661 -1.946
      vertex 42.5308 0 -8.924
    endloop
  endfacet
  facet normal 0.995728 -0.0652911 0.0652911
    outer loop
      vertex 44.9466 0 -14.0219
      vertex 44.9893 12 -2.6731
      vertex 44.9466 11.3488 -2.6731
    endloop
  endfacet
  facet normal 0.995728 -0.0652911 0.0652911
    outer loop
      vertex 44.9893 12 -2.6731
      vertex 44.9466 0 -14.0219
      vertex 44.9893 0 -14.6731
    endloop
  endfacet
  facet normal 0.841124 0.382433 -0.382434
    outer loop
      vertex 44.3742 13.8119 -4.6073
      vertex 44.3742 2.38638 -16.0328
      vertex 44.143 13.7161 -5.2116
    endloop
  endfacet
  facet normal 0.840989 0.38258 -0.382583
    outer loop
      vertex 44.143 13.7161 -5.2116
      vertex 44.3209 2.49465 -16.0419
      vertex 44.143 2.76081 -16.1668
    endloop
  endfacet
  facet normal 0.841427 0.38211 -0.382089
    outer loop
      vertex 44.3742 2.38638 -16.0328
      vertex 44.3209 2.49465 -16.0419
      vertex 44.143 13.7161 -5.2116
    endloop
  endfacet
  facet normal -0.509878 0.608286 -0.608287
    outer loop
      vertex 37.4692 15.2982 -5.778
      vertex 37.7115 14.9824 -6.2969
      vertex 37.4692 4.29668 -16.7795
    endloop
  endfacet
  facet normal -0.509082 0.608607 -0.608632
    outer loop
      vertex 37.7115 14.9824 -6.2969
      vertex 37.5054 4.32086 -16.7856
      vertex 37.4692 4.29668 -16.7795
    endloop
  endfacet
  facet normal -0.509928 0.608264 -0.608267
    outer loop
      vertex 37.7115 14.9824 -6.2969
      vertex 37.7115 4.42254 -16.8567
      vertex 37.5054 4.32086 -16.7856
    endloop
  endfacet
  facet normal -0.707404 0.49979 -0.499789
    outer loop
      vertex 36.7018 14.5308 -5.778
      vertex 36.7018 3.72942 -16.5794
      vertex 36.472 3.52796 -16.4556
    endloop
  endfacet
  facet normal -0.707849 0.499484 -0.499464
    outer loop
      vertex 36.7018 14.5308 -5.778
      vertex 36.472 3.52796 -16.4556
      vertex 36.4423 3.49407 -16.4474
    endloop
  endfacet
  facet normal -0.707408 0.499786 -0.499788
    outer loop
      vertex 36.4423 14.7299 -5.2116
      vertex 36.7018 14.5308 -5.778
      vertex 36.4423 3.49407 -16.4474
    endloop
  endfacet
  facet normal -0.982831 -0.130468 0.130468
    outer loop
      vertex 35.138 0 -13.3846
      vertex 35.0534 11.3488 -2.6731
      vertex 35.0534 0 -14.0219
    endloop
  endfacet
  facet normal -0.982831 -0.130468 0.130468
    outer loop
      vertex 35.0534 11.3488 -2.6731
      vertex 35.138 0 -13.3846
      vertex 35.138 10.9233 -2.4613
    endloop
  endfacet
  facet normal -1 0 0
    outer loop
      vertex 35.0107 0 -14.6731
      vertex 35.0107 12 -3.3272
      vertex 35.0107 0 -15.3271
    endloop
  endfacet
  facet normal -1 -0 0
    outer loop
      vertex 35.0107 12 -3.3272
      vertex 35.0107 0 -14.6731
      vertex 35.0107 12 -2.6731
    endloop
  endfacet
  facet normal -1 0 0
    outer loop
      vertex 35.0107 -12 -3.3272
      vertex 35.0107 0 -14.6731
      vertex 35.0107 0 -15.3271
    endloop
  endfacet
  facet normal -1 0 0
    outer loop
      vertex 35.0107 0 -14.6731
      vertex 35.0107 -12 -3.3272
      vertex 35.0107 -12 -2.6731
    endloop
  endfacet
  facet normal 1 0 0
    outer loop
      vertex 44.9893 0 -14.6731
      vertex 44.9893 12 -3.3272
      vertex 44.9893 12 -2.6731
    endloop
  endfacet
  facet normal 1 -0 0
    outer loop
      vertex 44.9893 0 -14.6731
      vertex 44.9893 0 -15.3271
      vertex 44.9893 12 -3.3272
    endloop
  endfacet
  facet normal 1 -0 0
    outer loop
      vertex 44.9893 -12 -3.3272
      vertex 44.9893 0 -14.6731
      vertex 44.9893 -12 -2.6731
    endloop
  endfacet
  facet normal 1 0 0
    outer loop
      vertex 44.9893 0 -14.6731
      vertex 44.9893 -12 -3.3272
      vertex 44.9893 0 -15.3271
    endloop
  endfacet
  facet normal 0.70746 -0.499793 0.499707
    outer loop
      vertex 43.4733 8.40521 -1.5341
      vertex 43.528 8.47204 -1.5447
      vertex 43.4453 8.39957 -1.5001
    endloop
  endfacet
  facet normal 0.707221 -0.500434 0.499404
    outer loop
      vertex 43.4733 8.40521 -1.5341
      vertex 43.4453 8.39957 -1.5001
      vertex 43.3999 8.33541 -1.5001
    endloop
  endfacet
  facet normal 0.709788 -0.502617 0.493535
    outer loop
      vertex 43.5577 8.50593 -1.5529
      vertex 43.528 8.47204 -1.5447
      vertex 43.4795 8.41111 -1.537
    endloop
  endfacet
  facet normal 0.709222 -0.501983 0.494992
    outer loop
      vertex 43.4795 8.41111 -1.537
      vertex 43.528 8.47204 -1.5447
      vertex 43.4733 8.40521 -1.5341
    endloop
  endfacet
  facet normal 0.706171 -0.500201 0.501121
    outer loop
      vertex 43.5571 8.48715 -1.5708
      vertex 43.5577 8.50593 -1.5529
      vertex 43.5355 8.46447 -1.563
    endloop
  endfacet
  facet normal 0.708137 -0.500502 0.498035
    outer loop
      vertex 43.5355 8.46447 -1.563
      vertex 43.5577 8.50593 -1.5529
      vertex 43.4795 8.41111 -1.537
    endloop
  endfacet
  facet normal 0.707533 -0.4997 0.499697
    outer loop
      vertex 43.5451 8.09505 -1.946
      vertex 43.2982 7.74546 -1.946
      vertex 43.2982 0 -9.6915
    endloop
  endfacet
  facet normal 0.685593 -0.513627 0.515897
    outer loop
      vertex 43.5577 8.48775 -1.571
      vertex 43.5577 8.50593 -1.5529
      vertex 43.5571 8.48715 -1.5708
    endloop
  endfacet
  facet normal 0.707409 -0.499784 0.499789
    outer loop
      vertex 43.5577 0 -10.0588
      vertex 43.5451 8.09505 -1.946
      vertex 43.2982 0 -9.6915
    endloop
  endfacet
  facet normal 0.705732 -0.50097 0.50097
    outer loop
      vertex 43.5577 0 -10.0588
      vertex 43.5577 8.1128 -1.946
      vertex 43.5451 8.09505 -1.946
    endloop
  endfacet
  facet normal 0.820401 -0.406379 0.402241
    outer loop
      vertex 43.9581 8.94736 -1.7504
      vertex 43.9583 8.96271 -1.7353
      vertex 43.8836 8.87753 -1.669
    endloop
  endfacet
  facet normal 0.820522 -0.403957 0.404429
    outer loop
      vertex 43.9581 8.94736 -1.7504
      vertex 43.8836 8.87753 -1.669
      vertex 43.8836 8.8518 -1.6947
    endloop
  endfacet
  facet normal 0.820288 -0.40443 0.404431
    outer loop
      vertex 43.9565 8.74838 -1.946
      vertex 43.8836 8.60052 -1.946
      vertex 43.8836 0 -10.5465
    endloop
  endfacet
  facet normal 0.820361 -0.404739 0.403974
    outer loop
      vertex 44.1419 9.20023 -1.8702
      vertex 44.143 9.23919 -1.8334
      vertex 44.016 9.0215 -1.7936
    endloop
  endfacet
  facet normal 0.820426 -0.404815 0.403765
    outer loop
      vertex 44.016 9.0215 -1.7936
      vertex 44.143 9.23919 -1.8334
      vertex 43.9583 8.96271 -1.7353
    endloop
  endfacet
  facet normal 0.820427 -0.406353 0.402215
    outer loop
      vertex 44.016 9.0215 -1.7936
      vertex 43.9583 8.96271 -1.7353
      vertex 43.9581 8.94736 -1.7504
    endloop
  endfacet
  facet normal 0.820329 -0.404389 0.404389
    outer loop
      vertex 44.1396 9.11981 -1.946
      vertex 43.9565 8.74838 -1.946
      vertex 43.8836 0 -10.5465
    endloop
  endfacet
  facet normal 0.810151 -0.414465 0.414576
    outer loop
      vertex 44.143 9.20178 -1.8708
      vertex 44.143 9.23919 -1.8334
      vertex 44.1419 9.20023 -1.8702
    endloop
  endfacet
  facet normal 0.820274 -0.404442 0.404446
    outer loop
      vertex 44.143 0 -11.0726
      vertex 44.1396 9.11981 -1.946
      vertex 43.8836 0 -10.5465
    endloop
  endfacet
  facet normal 0.816496 -0.408248 0.408249
    outer loop
      vertex 44.143 0 -11.0726
      vertex 44.143 9.12661 -1.946
      vertex 44.1396 9.11981 -1.946
    endloop
  endfacet
  facet normal 0.726279 -0.486012 0.486119
    outer loop
      vertex 43.8826 8.85053 -1.6945
      vertex 43.8836 8.87753 -1.669
      vertex 43.865 8.82803 -1.6907
    endloop
  endfacet
  facet normal 0.726799 -0.48591 0.485443
    outer loop
      vertex 43.865 8.82803 -1.6907
      vertex 43.8836 8.87753 -1.669
      vertex 43.7047 8.64221 -1.6367
    endloop
  endfacet
  facet normal 0.727082 -0.486228 0.484701
    outer loop
      vertex 43.7047 8.64221 -1.6367
      vertex 43.8836 8.87753 -1.669
      vertex 43.5577 8.50593 -1.5529
    endloop
  endfacet
  facet normal 0.726773 -0.484624 0.486766
    outer loop
      vertex 43.7047 8.64221 -1.6367
      vertex 43.5577 8.50593 -1.5529
      vertex 43.5577 8.48775 -1.571
    endloop
  endfacet
  facet normal 0.726859 -0.485631 0.485631
    outer loop
      vertex 43.8728 8.58442 -1.946
      vertex 43.5577 8.1128 -1.946
      vertex 43.5577 0 -10.0588
    endloop
  endfacet
  facet normal 0.720502 -0.490059 0.490631
    outer loop
      vertex 43.8836 8.8518 -1.6947
      vertex 43.8836 8.87753 -1.669
      vertex 43.8826 8.85053 -1.6945
    endloop
  endfacet
  facet normal 0.726802 -0.485672 0.485677
    outer loop
      vertex 43.8836 0 -10.5465
      vertex 43.8728 8.58442 -1.946
      vertex 43.5577 0 -10.0588
    endloop
  endfacet
  facet normal 0.725482 -0.486659 0.48666
    outer loop
      vertex 43.8836 0 -10.5465
      vertex 43.8836 8.60052 -1.946
      vertex 43.8728 8.58442 -1.946
    endloop
  endfacet
  facet normal 0.901458 -0.306081 0.306085
    outer loop
      vertex 44.5733 10.0173 -2.1502
      vertex 44.3742 9.61362 -1.9675
      vertex 44.3742 0 -11.581
    endloop
  endfacet
  facet normal 0.901493 -0.306031 0.306031
    outer loop
      vertex 44.5733 0 -12.1675
      vertex 44.5733 10.0173 -2.1502
      vertex 44.3742 0 -11.581
    endloop
  endfacet
  facet normal -0.995728 -0.0652911 0.0652911
    outer loop
      vertex 35.0107 0 -14.6731
      vertex 35.0534 11.3488 -2.6731
      vertex 35.0107 12 -2.6731
    endloop
  endfacet
  facet normal -0.995728 -0.0652911 0.0652911
    outer loop
      vertex 35.0534 11.3488 -2.6731
      vertex 35.0107 0 -14.6731
      vertex 35.0534 0 -14.0219
    endloop
  endfacet
  facet normal 0.707408 0.499786 -0.499788
    outer loop
      vertex 43.5577 14.7299 -5.2116
      vertex 43.5577 3.49407 -16.4474
      vertex 43.2982 14.5308 -5.778
    endloop
  endfacet
  facet normal 0.707404 0.49979 -0.499789
    outer loop
      vertex 43.2982 14.5308 -5.778
      vertex 43.528 3.52796 -16.4556
      vertex 43.2982 3.72942 -16.5794
    endloop
  endfacet
  facet normal 0.707849 0.499484 -0.499464
    outer loop
      vertex 43.5577 3.49407 -16.4474
      vertex 43.528 3.52796 -16.4556
      vertex 43.2982 14.5308 -5.778
    endloop
  endfacet
  facet normal 0.509878 0.608286 -0.608287
    outer loop
      vertex 42.5308 15.2982 -5.778
      vertex 42.5308 4.29668 -16.7795
      vertex 42.2885 14.9824 -6.2969
    endloop
  endfacet
  facet normal 0.509082 0.608607 -0.608632
    outer loop
      vertex 42.5308 4.29668 -16.7795
      vertex 42.4946 4.32086 -16.7856
      vertex 42.2885 14.9824 -6.2969
    endloop
  endfacet
  facet normal 0.509928 0.608264 -0.608267
    outer loop
      vertex 42.2885 14.9824 -6.2969
      vertex 42.4946 4.32086 -16.7856
      vertex 42.2885 4.42254 -16.8567
    endloop
  endfacet
  facet normal 0.329157 0.6677 -0.667707
    outer loop
      vertex 41.8796 15.2556 -6.2969
      vertex 41.8796 4.6196 -16.9328
      vertex 41.4386 15.473 -6.2969
    endloop
  endfacet
  facet normal 0.329293 0.66767 -0.66767
    outer loop
      vertex 41.4386 15.473 -6.2969
      vertex 41.8796 4.6196 -16.9328
      vertex 41.4386 4.7693 -17.0006
    endloop
  endfacet
  facet normal 0.23335 0.687586 -0.687586
    outer loop
      vertex 41.4386 15.473 -6.2969
      vertex 41.4386 4.7693 -17.0006
      vertex 41.2913 4.81929 -17.0006
    endloop
  endfacet
  facet normal 0.233471 0.687564 -0.687566
    outer loop
      vertex 41.4386 15.473 -6.2969
      vertex 41.2913 4.81929 -17.0006
      vertex 40.973 15.6311 -6.2969
    endloop
  endfacet
  facet normal 0.233363 0.687581 -0.687586
    outer loop
      vertex 40.973 15.6311 -6.2969
      vertex 41.2913 4.81929 -17.0006
      vertex 40.973 4.88262 -17.0453
    endloop
  endfacet
  facet normal 0.995728 0.0652911 -0.0652915
    outer loop
      vertex 44.9466 12.6512 -3.3272
      vertex 44.9893 12 -3.3272
      vertex 44.9466 0.651233 -15.3271
    endloop
  endfacet
  facet normal 0.995728 0.0652878 -0.0652884
    outer loop
      vertex 44.9893 12 -3.3272
      vertex 44.9893 0 -15.3271
      vertex 44.9466 0.651233 -15.3271
    endloop
  endfacet
  facet normal 0.509573 -0.608418 0.60841
    outer loop
      vertex 42.3503 0 -8.7729
      vertex 42.4945 6.94758 -1.946
      vertex 42.2923 6.77823 -1.946
    endloop
  endfacet
  facet normal 0.509261 -0.608551 0.608539
    outer loop
      vertex 42.3503 0 -8.7729
      vertex 42.2923 6.77823 -1.946
      vertex 42.2885 6.77505 -1.946
    endloop
  endfacet
  facet normal 0.510593 -0.607984 0.607989
    outer loop
      vertex 42.3503 0 -8.7729
      vertex 42.2885 6.77505 -1.946
      vertex 42.2885 0 -8.721
    endloop
  endfacet
  facet normal -0.329267 -0.667678 0.667675
    outer loop
      vertex 38.5614 0 -8.2304
      vertex 38.5614 6.28437 -1.946
      vertex 38.1496 6.48745 -1.946
    endloop
  endfacet
  facet normal -0.329473 -0.667635 0.667616
    outer loop
      vertex 38.5614 0 -8.2304
      vertex 38.1496 6.48745 -1.946
      vertex 38.1204 6.50186 -1.946
    endloop
  endfacet
  facet normal -0.329292 -0.667672 0.667668
    outer loop
      vertex 38.5614 0 -8.2304
      vertex 38.1204 6.50186 -1.946
      vertex 38.1204 0 -8.4479
    endloop
  endfacet
  facet normal -0.627783 0.550404 -0.550404
    outer loop
      vertex 37.0603 14.9397 -5.778
      vertex 37.0603 4.02349 -16.6942
      vertex 36.7018 14.5308 -5.778
    endloop
  endfacet
  facet normal -0.627779 0.550406 -0.550406
    outer loop
      vertex 37.0603 4.02349 -16.6942
      vertex 36.9627 3.95827 -16.6481
      vertex 36.7018 14.5308 -5.778
    endloop
  endfacet
  facet normal -0.627746 0.550425 -0.550424
    outer loop
      vertex 36.7018 14.5308 -5.778
      vertex 36.9627 3.95827 -16.6481
      vertex 36.7018 3.72942 -16.5794
    endloop
  endfacet
  facet normal -0.720502 -0.490059 0.490631
    outer loop
      vertex 36.1174 8.85053 -1.6945
      vertex 36.1164 8.87753 -1.669
      vertex 36.1164 8.8518 -1.6947
    endloop
  endfacet
  facet normal -0.728671 -0.484272 0.484273
    outer loop
      vertex 36.1271 8.58442 -1.946
      vertex 36.1164 8.60052 -1.946
      vertex 36.1164 0 -10.5465
    endloop
  endfacet
  facet normal -0.726799 -0.485679 0.485675
    outer loop
      vertex 36.4423 0 -10.0588
      vertex 36.1271 8.58442 -1.946
      vertex 36.1164 0 -10.5465
    endloop
  endfacet
  facet normal -0.728272 -0.484599 0.484545
    outer loop
      vertex 36.1174 8.85053 -1.6945
      vertex 36.1349 8.82803 -1.6907
      vertex 36.1164 8.87753 -1.669
    endloop
  endfacet
  facet normal -0.726294 -0.484988 0.487118
    outer loop
      vertex 36.1349 8.82803 -1.6907
      vertex 36.2952 8.64221 -1.6367
      vertex 36.1164 8.87753 -1.669
    endloop
  endfacet
  facet normal -0.726654 -0.485391 0.486178
    outer loop
      vertex 36.2952 8.64221 -1.6367
      vertex 36.4423 8.50593 -1.5529
      vertex 36.1164 8.87753 -1.669
    endloop
  endfacet
  facet normal -0.726539 -0.484798 0.486941
    outer loop
      vertex 36.4423 8.48775 -1.571
      vertex 36.4423 8.50593 -1.5529
      vertex 36.2952 8.64221 -1.6367
    endloop
  endfacet
  facet normal -0.726751 -0.485713 0.485713
    outer loop
      vertex 36.4423 0 -10.0588
      vertex 36.4423 8.1128 -1.946
      vertex 36.1271 8.58442 -1.946
    endloop
  endfacet
  facet normal 0.84114 -0.383065 0.381764
    outer loop
      vertex 44.2607 9.38542 -1.946
      vertex 44.3209 9.50535 -1.9583
      vertex 44.143 9.23919 -1.8334
    endloop
  endfacet
  facet normal 0.841138 -0.383039 0.381795
    outer loop
      vertex 44.1573 9.22215 -1.882
      vertex 44.2607 9.38542 -1.946
      vertex 44.143 9.23919 -1.8334
    endloop
  endfacet
  facet normal 0.842038 -0.381375 0.381477
    outer loop
      vertex 44.1573 9.22215 -1.882
      vertex 44.143 9.23919 -1.8334
      vertex 44.143 9.20178 -1.8708
    endloop
  endfacet
  facet normal 0.839627 -0.38184 0.386295
    outer loop
      vertex 44.3209 9.50535 -1.9583
      vertex 44.2607 9.38542 -1.946
      vertex 44.143 9.12661 -1.946
    endloop
  endfacet
  facet normal 0.840977 -0.382595 0.382595
    outer loop
      vertex 44.3209 9.50535 -1.9583
      vertex 44.143 9.12661 -1.946
      vertex 44.143 0 -11.0726
    endloop
  endfacet
  facet normal 0.841642 -0.381884 0.381841
    outer loop
      vertex 44.3742 9.61362 -1.9675
      vertex 44.3209 9.50535 -1.9583
      vertex 44.143 0 -11.0726
    endloop
  endfacet
  facet normal 0.841076 -0.382483 0.382488
    outer loop
      vertex 44.3742 0 -11.581
      vertex 44.3742 9.61362 -1.9675
      vertex 44.143 0 -11.0726
    endloop
  endfacet
  facet normal -0.820273 0.404445 -0.404446
    outer loop
      vertex 36.1164 14.2422 -5.2116
      vertex 36.1164 3.12247 -16.3313
      vertex 35.857 13.7161 -5.2116
    endloop
  endfacet
  facet normal -0.820234 0.404486 -0.404484
    outer loop
      vertex 36.1164 3.12247 -16.3313
      vertex 36.0417 3.03729 -16.265
      vertex 35.857 13.7161 -5.2116
    endloop
  endfacet
  facet normal -0.820331 0.404385 -0.404388
    outer loop
      vertex 35.857 13.7161 -5.2116
      vertex 36.0417 3.03729 -16.265
      vertex 35.857 2.76081 -16.1668
    endloop
  endfacet
  facet normal -0.930624 0.258786 -0.258783
    outer loop
      vertex 35.4267 13.2254 -4.6073
      vertex 35.4267 1.9827 -15.8501
      vertex 35.3905 1.90932 -15.7933
    endloop
  endfacet
  facet normal -0.93065 0.25874 -0.258737
    outer loop
      vertex 35.4267 13.2254 -4.6073
      vertex 35.3905 1.90932 -15.7933
      vertex 35.2632 1.53424 -15.7105
    endloop
  endfacet
  facet normal -0.93061 0.258809 -0.25881
    outer loop
      vertex 35.2632 13.2692 -3.9756
      vertex 35.4267 13.2254 -4.6073
      vertex 35.2632 1.53424 -15.7105
    endloop
  endfacet
  facet normal -0.707438 -0.499677 0.499855
    outer loop
      vertex 36.5267 8.4052 -1.5341
      vertex 36.5547 8.39957 -1.5001
      vertex 36.472 8.47204 -1.5447
    endloop
  endfacet
  facet normal -0.707494 -0.499525 0.499927
    outer loop
      vertex 36.6 8.33541 -1.5001
      vertex 36.5547 8.39957 -1.5001
      vertex 36.5267 8.4052 -1.5341
    endloop
  endfacet
  facet normal -0.709788 -0.502617 0.493535
    outer loop
      vertex 36.5205 8.41111 -1.537
      vertex 36.472 8.47204 -1.5447
      vertex 36.4423 8.50593 -1.5529
    endloop
  endfacet
  facet normal -0.709935 -0.502783 0.493155
    outer loop
      vertex 36.5205 8.41111 -1.537
      vertex 36.5267 8.4052 -1.5341
      vertex 36.472 8.47204 -1.5447
    endloop
  endfacet
  facet normal -0.748905 -0.467549 0.469616
    outer loop
      vertex 36.4428 8.48715 -1.5708
      vertex 36.4423 8.50593 -1.5529
      vertex 36.4423 8.48775 -1.571
    endloop
  endfacet
  facet normal -0.708549 -0.498978 0.498978
    outer loop
      vertex 36.4548 8.09505 -1.946
      vertex 36.4423 8.1128 -1.946
      vertex 36.4423 0 -10.0588
    endloop
  endfacet
  facet normal -0.707406 -0.49979 0.499787
    outer loop
      vertex 36.7018 0 -9.6915
      vertex 36.4548 8.09505 -1.946
      vertex 36.4423 0 -10.0588
    endloop
  endfacet
  facet normal -0.705495 -0.498726 0.503537
    outer loop
      vertex 36.4428 8.48715 -1.5708
      vertex 36.4644 8.46447 -1.563
      vertex 36.4423 8.50593 -1.5529
    endloop
  endfacet
  facet normal -0.706917 -0.498944 0.501322
    outer loop
      vertex 36.4644 8.46447 -1.563
      vertex 36.5205 8.41111 -1.537
      vertex 36.4423 8.50593 -1.5529
    endloop
  endfacet
  facet normal -0.70739 -0.499801 0.499798
    outer loop
      vertex 36.7018 0 -9.6915
      vertex 36.7018 7.74546 -1.946
      vertex 36.4548 8.09505 -1.946
    endloop
  endfacet
  facet normal -0.81144 -0.413203 0.413313
    outer loop
      vertex 35.8581 9.20022 -1.8702
      vertex 35.857 9.23919 -1.8334
      vertex 35.857 9.20178 -1.8708
    endloop
  endfacet
  facet normal -0.8245 -0.400125 0.400125
    outer loop
      vertex 35.8603 9.11981 -1.946
      vertex 35.857 9.12661 -1.946
      vertex 35.857 0 -11.0726
    endloop
  endfacet
  facet normal -0.820271 -0.404449 0.404445
    outer loop
      vertex 36.1164 0 -10.5465
      vertex 35.8603 9.11981 -1.946
      vertex 35.857 0 -11.0726
    endloop
  endfacet
  facet normal -0.820551 -0.4045 0.403825
    outer loop
      vertex 35.8581 9.20022 -1.8702
      vertex 35.9839 9.0215 -1.7936
      vertex 35.857 9.23919 -1.8334
    endloop
  endfacet
  facet normal -0.819956 -0.403807 0.405724
    outer loop
      vertex 35.9839 9.0215 -1.7936
      vertex 36.0417 8.96271 -1.7353
      vertex 35.857 9.23919 -1.8334
    endloop
  endfacet
  facet normal -0.819958 -0.404134 0.405395
    outer loop
      vertex 36.0418 8.94736 -1.7504
      vertex 36.0417 8.96271 -1.7353
      vertex 35.9839 9.0215 -1.7936
    endloop
  endfacet
  facet normal -0.820181 -0.404537 0.404541
    outer loop
      vertex 36.1164 0 -10.5465
      vertex 36.0435 8.74838 -1.946
      vertex 35.8603 9.11981 -1.946
    endloop
  endfacet
  facet normal -0.820181 -0.40391 0.405166
    outer loop
      vertex 36.0418 8.94736 -1.7504
      vertex 36.1164 8.87753 -1.669
      vertex 36.0417 8.96271 -1.7353
    endloop
  endfacet
  facet normal -0.820162 -0.404322 0.404794
    outer loop
      vertex 36.1164 8.8518 -1.6947
      vertex 36.1164 8.87753 -1.669
      vertex 36.0418 8.94736 -1.7504
    endloop
  endfacet
  facet normal -0.820288 -0.40443 0.404431
    outer loop
      vertex 36.1164 0 -10.5465
      vertex 36.1164 8.60052 -1.946
      vertex 36.0435 8.74838 -1.946
    endloop
  endfacet
  facet normal -0.841076 -0.382483 0.382488
    outer loop
      vertex 35.857 0 -11.0726
      vertex 35.6258 9.61362 -1.9675
      vertex 35.6258 0 -11.581
    endloop
  endfacet
  facet normal -0.841642 -0.381884 0.381841
    outer loop
      vertex 35.857 0 -11.0726
      vertex 35.6791 9.50535 -1.9583
      vertex 35.6258 9.61362 -1.9675
    endloop
  endfacet
  facet normal -0.842738 -0.383581 0.3777
    outer loop
      vertex 35.857 9.12661 -1.946
      vertex 35.7392 9.38542 -1.946
      vertex 35.6791 9.50535 -1.9583
    endloop
  endfacet
  facet normal -0.840977 -0.382595 0.382595
    outer loop
      vertex 35.857 0 -11.0726
      vertex 35.857 9.12661 -1.946
      vertex 35.6791 9.50535 -1.9583
    endloop
  endfacet
  facet normal -0.840814 -0.382019 0.383528
    outer loop
      vertex 35.7392 9.38542 -1.946
      vertex 35.857 9.23919 -1.8334
      vertex 35.6791 9.50535 -1.9583
    endloop
  endfacet
  facet normal -0.840841 -0.382307 0.383182
    outer loop
      vertex 35.8426 9.22215 -1.882
      vertex 35.857 9.23919 -1.8334
      vertex 35.7392 9.38542 -1.946
    endloop
  endfacet
  facet normal -0.840324 -0.38326 0.383363
    outer loop
      vertex 35.857 9.20178 -1.8708
      vertex 35.857 9.23919 -1.8334
      vertex 35.8426 9.22215 -1.882
    endloop
  endfacet
  facet normal 0.627783 0.550404 -0.550404
    outer loop
      vertex 42.9397 14.9397 -5.778
      vertex 43.2982 14.5308 -5.778
      vertex 42.9397 4.02349 -16.6942
    endloop
  endfacet
  facet normal 0.627779 0.550406 -0.550406
    outer loop
      vertex 43.2982 14.5308 -5.778
      vertex 43.0373 3.95827 -16.6481
      vertex 42.9397 4.02349 -16.6942
    endloop
  endfacet
  facet normal 0.627746 0.550425 -0.550424
    outer loop
      vertex 43.2982 14.5308 -5.778
      vertex 43.2982 3.72942 -16.5794
      vertex 43.0373 3.95827 -16.6481
    endloop
  endfacet
  facet normal 0.901493 0.306031 -0.306032
    outer loop
      vertex 44.3742 13.8119 -4.6073
      vertex 44.5733 13.2254 -4.6073
      vertex 44.3742 2.38638 -16.0328
    endloop
  endfacet
  facet normal 0.901459 0.306083 -0.30608
    outer loop
      vertex 44.5733 13.2254 -4.6073
      vertex 44.5733 1.9827 -15.8501
      vertex 44.3742 2.38638 -16.0328
    endloop
  endfacet
  facet normal 0.139238 0.700216 -0.700221
    outer loop
      vertex 40.973 15.6311 -6.2969
      vertex 40.973 4.88262 -17.0453
      vertex 40.6512 4.94661 -17.0453
    endloop
  endfacet
  facet normal 0.13923 0.700217 -0.700222
    outer loop
      vertex 40.973 15.6311 -6.2969
      vertex 40.6512 4.94661 -17.0453
      vertex 40.4907 15.727 -6.2969
    endloop
  endfacet
  facet normal 0.139258 0.700215 -0.700219
    outer loop
      vertex 40.4907 15.727 -6.2969
      vertex 40.6512 4.94661 -17.0453
      vertex 40.4907 4.95713 -17.0667
    endloop
  endfacet
  facet normal 0.233426 -0.687572 0.687573
    outer loop
      vertex 41.407 6.27365 -1.946
      vertex 40.973 6.12631 -1.946
      vertex 40.973 0 -8.0723
    endloop
  endfacet
  facet normal 0.23326 -0.687594 0.687608
    outer loop
      vertex 41.4386 6.28437 -1.946
      vertex 41.407 6.27365 -1.946
      vertex 40.973 0 -8.0723
    endloop
  endfacet
  facet normal 0.23347 -0.687567 0.687563
    outer loop
      vertex 41.4386 0 -8.2304
      vertex 41.4386 6.28437 -1.946
      vertex 40.973 0 -8.0723
    endloop
  endfacet
  facet normal -0.427157 -0.639352 0.639348
    outer loop
      vertex 38.1204 0 -8.4479
      vertex 38.1204 6.50186 -1.946
      vertex 37.7115 6.77505 -1.946
    endloop
  endfacet
  facet normal -0.427042 -0.639386 0.639391
    outer loop
      vertex 38.1204 0 -8.4479
      vertex 37.7115 6.77505 -1.946
      vertex 37.7115 0 -8.721
    endloop
  endfacet
  facet normal -0.526919 -0.600979 0.600983
    outer loop
      vertex 37.4692 0 -8.924
      vertex 37.4692 6.97805 -1.946
      vertex 37.0848 7.31508 -1.946
    endloop
  endfacet
  facet normal -0.527811 -0.600621 0.600559
    outer loop
      vertex 37.4692 0 -8.924
      vertex 37.0848 7.31508 -1.946
      vertex 37.0603 7.33661 -1.946
    endloop
  endfacet
  facet normal -0.527016 -0.600938 0.600939
    outer loop
      vertex 37.4692 0 -8.924
      vertex 37.0603 7.33661 -1.946
      vertex 37.0603 0 -9.2826
    endloop
  endfacet
  facet normal -0.427985 0.639051 -0.639096
    outer loop
      vertex 38.1204 4.6196 -16.9328
      vertex 38.0907 4.60951 -16.923
      vertex 37.7115 14.9824 -6.2969
    endloop
  endfacet
  facet normal -0.427049 0.639384 -0.639388
    outer loop
      vertex 37.7115 14.9824 -6.2969
      vertex 38.0907 4.60951 -16.923
      vertex 37.7115 4.42254 -16.8567
    endloop
  endfacet
  facet normal -0.427167 0.639344 -0.63935
    outer loop
      vertex 38.1204 15.2556 -6.2969
      vertex 38.1204 4.6196 -16.9328
      vertex 37.7115 14.9824 -6.2969
    endloop
  endfacet
  facet normal -0.962601 0.191571 -0.191572
    outer loop
      vertex 35.2632 13.2692 -3.9756
      vertex 35.2632 1.53424 -15.7105
      vertex 35.138 12.6401 -3.9756
    endloop
  endfacet
  facet normal -0.96258 0.191625 -0.191623
    outer loop
      vertex 35.2632 1.53424 -15.7105
      vertex 35.1807 1.29132 -15.539
      vertex 35.138 12.6401 -3.9756
    endloop
  endfacet
  facet normal -0.962609 0.191553 -0.191552
    outer loop
      vertex 35.138 12.6401 -3.9756
      vertex 35.1807 1.29132 -15.539
      vertex 35.138 1.07674 -15.539
    endloop
  endfacet
  facet normal -0.995728 0.0652911 -0.0652915
    outer loop
      vertex 35.0534 12.6512 -3.3272
      vertex 35.0534 0.651233 -15.3271
      vertex 35.0107 12 -3.3272
    endloop
  endfacet
  facet normal -0.995728 0.0652878 -0.0652884
    outer loop
      vertex 35.0107 12 -3.3272
      vertex 35.0534 0.651233 -15.3271
      vertex 35.0107 0 -15.3271
    endloop
  endfacet
  facet normal 0.930643 -0.25875 0.25875
    outer loop
      vertex 44.6095 10.0907 -2.207
      vertex 44.5733 10.0173 -2.1502
      vertex 44.5733 0 -12.1675
    endloop
  endfacet
  facet normal 0.930627 -0.258779 0.258779
    outer loop
      vertex 44.7368 10.4658 -2.2897
      vertex 44.6095 10.0907 -2.207
      vertex 44.5733 0 -12.1675
    endloop
  endfacet
  facet normal 0.93061 -0.258808 0.258811
    outer loop
      vertex 44.7368 0 -12.7554
      vertex 44.7368 10.4658 -2.2897
      vertex 44.5733 0 -12.1675
    endloop
  endfacet
  facet normal -0.233426 -0.687572 0.687573
    outer loop
      vertex 39.027 0 -8.0723
      vertex 39.027 6.12631 -1.946
      vertex 38.593 6.27365 -1.946
    endloop
  endfacet
  facet normal -0.23326 -0.687594 0.687608
    outer loop
      vertex 39.027 0 -8.0723
      vertex 38.593 6.27365 -1.946
      vertex 38.5614 6.28437 -1.946
    endloop
  endfacet
  facet normal -0.23347 -0.687567 0.687563
    outer loop
      vertex 39.027 0 -8.0723
      vertex 38.5614 6.28437 -1.946
      vertex 38.5614 0 -8.2304
    endloop
  endfacet
  facet normal 0.627808 -0.550389 0.55039
    outer loop
      vertex 43.2776 7.72204 -1.946
      vertex 42.9397 7.33661 -1.946
      vertex 42.9397 0 -9.2826
    endloop
  endfacet
  facet normal 0.627784 -0.550402 0.550405
    outer loop
      vertex 43.2982 0 -9.6915
      vertex 43.2776 7.72204 -1.946
      vertex 42.9397 0 -9.2826
    endloop
  endfacet
  facet normal 0.62655 -0.551107 0.551104
    outer loop
      vertex 43.2982 0 -9.6915
      vertex 43.2982 7.74546 -1.946
      vertex 43.2776 7.72204 -1.946
    endloop
  endfacet
  facet normal 0.427157 -0.639352 0.639348
    outer loop
      vertex 42.2885 6.77505 -1.946
      vertex 41.8796 6.50186 -1.946
      vertex 41.8796 0 -8.4479
    endloop
  endfacet
  facet normal 0.427042 -0.639386 0.639391
    outer loop
      vertex 42.2885 0 -8.721
      vertex 42.2885 6.77505 -1.946
      vertex 41.8796 0 -8.4479
    endloop
  endfacet
  facet normal 0.962594 -0.191589 0.191591
    outer loop
      vertex 44.8193 10.7087 -2.4613
      vertex 44.7368 10.4658 -2.2897
      vertex 44.7368 0 -12.7554
    endloop
  endfacet
  facet normal 0.962612 -0.191543 0.191543
    outer loop
      vertex 44.862 0 -13.3846
      vertex 44.8193 10.7087 -2.4613
      vertex 44.7368 0 -12.7554
    endloop
  endfacet
  facet normal 0.962615 -0.191536 0.191536
    outer loop
      vertex 44.862 0 -13.3846
      vertex 44.862 10.9233 -2.4613
      vertex 44.8193 10.7087 -2.4613
    endloop
  endfacet
  facet normal 0.982831 -0.130468 0.130468
    outer loop
      vertex 44.862 0 -13.3846
      vertex 44.9466 11.3488 -2.6731
      vertex 44.862 10.9233 -2.4613
    endloop
  endfacet
  facet normal 0.982831 -0.130468 0.130468
    outer loop
      vertex 44.9466 11.3488 -2.6731
      vertex 44.862 0 -13.3846
      vertex 44.9466 0 -14.0219
    endloop
  endfacet
  facet normal 0.726799 0.485675 -0.485677
    outer loop
      vertex 43.5577 14.7299 -5.2116
      vertex 43.8836 14.2422 -5.2116
      vertex 43.5577 3.49407 -16.4474
    endloop
  endfacet
  facet normal 0.7268 0.485675 -0.485677
    outer loop
      vertex 43.8836 14.2422 -5.2116
      vertex 43.8836 3.12247 -16.3313
      vertex 43.5577 3.49407 -16.4474
    endloop
  endfacet
  facet normal 0.93061 0.258809 -0.25881
    outer loop
      vertex 44.7368 13.2692 -3.9756
      vertex 44.7368 1.53424 -15.7105
      vertex 44.5733 13.2254 -4.6073
    endloop
  endfacet
  facet normal 0.930624 0.258786 -0.258783
    outer loop
      vertex 44.5733 13.2254 -4.6073
      vertex 44.6095 1.90932 -15.7933
      vertex 44.5733 1.9827 -15.8501
    endloop
  endfacet
  facet normal 0.93065 0.25874 -0.258737
    outer loop
      vertex 44.7368 1.53424 -15.7105
      vertex 44.6095 1.90932 -15.7933
      vertex 44.5733 13.2254 -4.6073
    endloop
  endfacet
  facet normal 0.962601 0.191571 -0.191572
    outer loop
      vertex 44.7368 13.2692 -3.9756
      vertex 44.862 12.6401 -3.9756
      vertex 44.7368 1.53424 -15.7105
    endloop
  endfacet
  facet normal 0.96258 0.191625 -0.191623
    outer loop
      vertex 44.862 12.6401 -3.9756
      vertex 44.8193 1.29132 -15.539
      vertex 44.7368 1.53424 -15.7105
    endloop
  endfacet
  facet normal 0.962609 0.191553 -0.191552
    outer loop
      vertex 44.862 12.6401 -3.9756
      vertex 44.862 1.07674 -15.539
      vertex 44.8193 1.29132 -15.539
    endloop
  endfacet
  facet normal 0.0462907 -0.706348 0.70635
    outer loop
      vertex 40.4567 6.02815 -1.946
      vertex 40 5.99822 -1.946
      vertex 40 0 -7.9442
    endloop
  endfacet
  facet normal 0.0463508 -0.706348 0.706346
    outer loop
      vertex 40.4907 0 -7.9764
      vertex 40.4567 6.02815 -1.946
      vertex 40 0 -7.9442
    endloop
  endfacet
  facet normal 0.0463282 -0.706349 0.706346
    outer loop
      vertex 40.4907 0 -7.9764
      vertex 40.4907 6.03038 -1.946
      vertex 40.4567 6.02815 -1.946
    endloop
  endfacet
  facet normal -0.0462806 -0.706348 0.70635
    outer loop
      vertex 40 0 -7.9442
      vertex 40 5.99822 -1.946
      vertex 39.5432 6.02815 -1.946
    endloop
  endfacet
  facet normal -0.0464645 -0.706344 0.706342
    outer loop
      vertex 39.5432 6.02815 -1.946
      vertex 39.5093 6.03038 -1.946
      vertex 39.5093 0 -7.9764
    endloop
  endfacet
  facet normal -0.0463508 -0.706348 0.706345
    outer loop
      vertex 40 0 -7.9442
      vertex 39.5432 6.02815 -1.946
      vertex 39.5093 0 -7.9764
    endloop
  endfacet
  facet normal -0.509577 -0.60841 0.608415
    outer loop
      vertex 37.7115 0 -8.721
      vertex 37.7115 6.77505 -1.946
      vertex 37.5094 6.94432 -1.946
    endloop
  endfacet
  facet normal -0.50882 -0.608712 0.608746
    outer loop
      vertex 37.7115 0 -8.721
      vertex 37.5094 6.94432 -1.946
      vertex 37.5055 6.94758 -1.946
    endloop
  endfacet
  facet normal -0.51058 -0.60801 0.607974
    outer loop
      vertex 37.6497 0 -8.7729
      vertex 37.7115 0 -8.721
      vertex 37.5055 6.94758 -1.946
    endloop
  endfacet
  facet normal -0.982836 0.130447 -0.130447
    outer loop
      vertex 35.138 12.6401 -3.9756
      vertex 35.138 1.07674 -15.539
      vertex 35.0534 0.651233 -15.3271
    endloop
  endfacet
  facet normal -0.982831 0.130468 -0.130468
    outer loop
      vertex 35.0534 12.6512 -3.3272
      vertex 35.138 12.6401 -3.9756
      vertex 35.0534 0.651233 -15.3271
    endloop
  endfacet
  facet normal -0.627726 -0.550438 0.550435
    outer loop
      vertex 37.0408 7.35886 -1.946
      vertex 36.7018 7.74546 -1.946
      vertex 36.7018 0 -9.6915
    endloop
  endfacet
  facet normal -0.627783 -0.550403 0.550404
    outer loop
      vertex 37.0603 0 -9.2826
      vertex 37.0408 7.35886 -1.946
      vertex 36.7018 0 -9.6915
    endloop
  endfacet
  facet normal -0.627929 -0.55032 0.550321
    outer loop
      vertex 37.0603 0 -9.2826
      vertex 37.0603 7.33661 -1.946
      vertex 37.0408 7.35886 -1.946
    endloop
  endfacet
  facet normal -0.726799 0.485675 -0.485677
    outer loop
      vertex 36.4423 14.7299 -5.2116
      vertex 36.4423 3.49407 -16.4474
      vertex 36.1164 14.2422 -5.2116
    endloop
  endfacet
  facet normal -0.7268 0.485675 -0.485677
    outer loop
      vertex 36.1164 14.2422 -5.2116
      vertex 36.4423 3.49407 -16.4474
      vertex 36.1164 3.12247 -16.3313
    endloop
  endfacet
  facet normal 0.982831 0.130468 -0.130468
    outer loop
      vertex 44.9466 12.6512 -3.3272
      vertex 44.9466 0.651233 -15.3271
      vertex 44.862 12.6401 -3.9756
    endloop
  endfacet
  facet normal 0.982836 0.130447 -0.130447
    outer loop
      vertex 44.862 12.6401 -3.9756
      vertex 44.9466 0.651233 -15.3271
      vertex 44.862 1.07674 -15.539
    endloop
  endfacet
  facet normal -0.0463506 -0.706343 -0.70635
    outer loop
      vertex 40 -4.98929 -17.0667
      vertex 40 -15.7592 -6.2969
      vertex 39.5093 -15.727 -6.2969
    endloop
  endfacet
  facet normal -0.0462933 -0.706346 -0.706351
    outer loop
      vertex 39.5093 -4.95713 -17.0667
      vertex 40 -4.98929 -17.0667
      vertex 39.5093 -15.727 -6.2969
    endloop
  endfacet
  facet normal 0.139264 -0.700217 0.700215
    outer loop
      vertex 40.9398 6.1197 -1.946
      vertex 40.4907 6.03038 -1.946
      vertex 40.4907 0 -7.9764
    endloop
  endfacet
  facet normal 0.139409 -0.700208 0.700195
    outer loop
      vertex 40.973 6.12631 -1.946
      vertex 40.9398 6.1197 -1.946
      vertex 40.4907 0 -7.9764
    endloop
  endfacet
  facet normal 0.139231 -0.700219 0.70022
    outer loop
      vertex 40.973 0 -8.0723
      vertex 40.973 6.12631 -1.946
      vertex 40.4907 0 -7.9764
    endloop
  endfacet
  facet normal -0.233471 0.687564 -0.687566
    outer loop
      vertex 39.027 15.6311 -6.2969
      vertex 38.7087 4.81929 -17.0006
      vertex 38.5614 15.473 -6.2969
    endloop
  endfacet
  facet normal -0.23335 0.687586 -0.687586
    outer loop
      vertex 38.5614 15.473 -6.2969
      vertex 38.7087 4.81929 -17.0006
      vertex 38.5614 4.7693 -17.0006
    endloop
  endfacet
  facet normal -0.233363 0.687581 -0.687586
    outer loop
      vertex 39.027 15.6311 -6.2969
      vertex 39.027 4.88262 -17.0453
      vertex 38.7087 4.81929 -17.0006
    endloop
  endfacet
  facet normal -0.329157 0.6677 -0.667707
    outer loop
      vertex 38.1204 15.2556 -6.2969
      vertex 38.5614 15.473 -6.2969
      vertex 38.1204 4.6196 -16.9328
    endloop
  endfacet
  facet normal -0.329293 0.66767 -0.66767
    outer loop
      vertex 38.5614 15.473 -6.2969
      vertex 38.5614 4.7693 -17.0006
      vertex 38.1204 4.6196 -16.9328
    endloop
  endfacet
  facet normal 0.0463506 -0.706343 -0.70635
    outer loop
      vertex 40 -4.98929 -17.0667
      vertex 40.4907 -15.727 -6.2969
      vertex 40 -15.7592 -6.2969
    endloop
  endfacet
  facet normal 0.0462933 -0.706346 -0.706351
    outer loop
      vertex 40.4907 -4.95713 -17.0667
      vertex 40.4907 -15.727 -6.2969
      vertex 40 -4.98929 -17.0667
    endloop
  endfacet
  facet normal -0.139264 -0.700217 0.700215
    outer loop
      vertex 39.5093 0 -7.9764
      vertex 39.5093 6.03038 -1.946
      vertex 39.0602 6.1197 -1.946
    endloop
  endfacet
  facet normal -0.139409 -0.700208 0.700195
    outer loop
      vertex 39.5093 0 -7.9764
      vertex 39.0602 6.1197 -1.946
      vertex 39.027 6.12631 -1.946
    endloop
  endfacet
  facet normal -0.139231 -0.700219 0.70022
    outer loop
      vertex 39.5093 0 -7.9764
      vertex 39.027 6.12631 -1.946
      vertex 39.027 0 -8.0723
    endloop
  endfacet
  facet normal 0.511266 -0.607732 0.607675
    outer loop
      vertex 42.5197 6.96878 -1.946
      vertex 42.4945 6.94758 -1.946
      vertex 42.3503 0 -8.7729
    endloop
  endfacet
  facet normal 0.508476 -0.608855 0.608891
    outer loop
      vertex 42.5308 6.97805 -1.946
      vertex 42.5197 6.96878 -1.946
      vertex 42.3503 0 -8.7729
    endloop
  endfacet
  facet normal 0.509383 -0.608491 0.608496
    outer loop
      vertex 42.5308 0 -8.924
      vertex 42.5308 6.97805 -1.946
      vertex 42.3503 0 -8.7729
    endloop
  endfacet
  facet normal -0.840989 0.38258 -0.382583
    outer loop
      vertex 35.857 13.7161 -5.2116
      vertex 35.857 2.76081 -16.1668
      vertex 35.6791 2.49465 -16.0419
    endloop
  endfacet
  facet normal -0.841427 0.38211 -0.382089
    outer loop
      vertex 35.857 13.7161 -5.2116
      vertex 35.6791 2.49465 -16.0419
      vertex 35.6258 2.38638 -16.0328
    endloop
  endfacet
  facet normal -0.841124 0.382433 -0.382434
    outer loop
      vertex 35.6258 13.8119 -4.6073
      vertex 35.857 13.7161 -5.2116
      vertex 35.6258 2.38638 -16.0328
    endloop
  endfacet
  facet normal -0.901493 0.306031 -0.306032
    outer loop
      vertex 35.6258 13.8119 -4.6073
      vertex 35.6258 2.38638 -16.0328
      vertex 35.4267 13.2254 -4.6073
    endloop
  endfacet
  facet normal -0.901459 0.306083 -0.30608
    outer loop
      vertex 35.4267 13.2254 -4.6073
      vertex 35.6258 2.38638 -16.0328
      vertex 35.4267 1.9827 -15.8501
    endloop
  endfacet
  facet normal -0.901493 -0.306031 0.306031
    outer loop
      vertex 35.6258 0 -11.581
      vertex 35.4267 10.0173 -2.1502
      vertex 35.4267 0 -12.1675
    endloop
  endfacet
  facet normal -0.901458 -0.306081 0.306085
    outer loop
      vertex 35.6258 0 -11.581
      vertex 35.6258 9.61362 -1.9675
      vertex 35.4267 10.0173 -2.1502
    endloop
  endfacet
  facet normal 0.820273 0.404445 -0.404446
    outer loop
      vertex 43.8836 14.2422 -5.2116
      vertex 44.143 13.7161 -5.2116
      vertex 43.8836 3.12247 -16.3313
    endloop
  endfacet
  facet normal 0.820234 0.404486 -0.404484
    outer loop
      vertex 44.143 13.7161 -5.2116
      vertex 43.9583 3.03729 -16.265
      vertex 43.8836 3.12247 -16.3313
    endloop
  endfacet
  facet normal 0.820331 0.404385 -0.404388
    outer loop
      vertex 44.143 13.7161 -5.2116
      vertex 44.143 2.76081 -16.1668
      vertex 43.9583 3.03729 -16.265
    endloop
  endfacet
  facet normal -0.93061 -0.258808 0.258811
    outer loop
      vertex 35.4267 0 -12.1675
      vertex 35.2632 10.4658 -2.2897
      vertex 35.2632 0 -12.7554
    endloop
  endfacet
  facet normal -0.930627 -0.258779 0.258779
    outer loop
      vertex 35.4267 0 -12.1675
      vertex 35.3905 10.0907 -2.207
      vertex 35.2632 10.4658 -2.2897
    endloop
  endfacet
  facet normal -0.930643 -0.25875 0.25875
    outer loop
      vertex 35.4267 0 -12.1675
      vertex 35.4267 10.0173 -2.1502
      vertex 35.3905 10.0907 -2.207
    endloop
  endfacet
  facet normal 0.329267 -0.667678 0.667675
    outer loop
      vertex 41.8504 6.48745 -1.946
      vertex 41.4386 6.28437 -1.946
      vertex 41.4386 0 -8.2304
    endloop
  endfacet
  facet normal 0.329473 -0.667635 0.667616
    outer loop
      vertex 41.8796 6.50186 -1.946
      vertex 41.8504 6.48745 -1.946
      vertex 41.4386 0 -8.2304
    endloop
  endfacet
  facet normal 0.329292 -0.667672 0.667668
    outer loop
      vertex 41.8796 0 -8.4479
      vertex 41.8796 6.50186 -1.946
      vertex 41.4386 0 -8.2304
    endloop
  endfacet
  facet normal 0.831456 0.555591 0
    outer loop
      vertex 44.3209 -9.50535 0
      vertex 43.9583 -8.96271 -9.91821e-05
      vertex 43.9583 -8.96271 0
    endloop
  endfacet
  facet normal 0.831456 0.555591 0
    outer loop
      vertex 43.9583 -8.96271 -9.91821e-05
      vertex 44.3209 -9.50535 0
      vertex 44.3209 -9.50535 -9.91821e-05
    endloop
  endfacet
  facet normal 0.831522 0.555491 0
    outer loop
      vertex 43.9583 -8.96271 -1.5001
      vertex 44.143 -9.23919 -1.8334
      vertex 43.9583 -8.96271 -1.7353
    endloop
  endfacet
  facet normal 0.831456 0.555591 -0.000119711
    outer loop
      vertex 44.3209 -9.50535 -1.5001
      vertex 44.143 -9.23919 -1.8334
      vertex 43.9583 -8.96271 -1.5001
    endloop
  endfacet
  facet normal 0.831387 0.555695 0
    outer loop
      vertex 44.3209 -9.50535 -1.5001
      vertex 44.3209 -9.50535 -1.9583
      vertex 44.143 -9.23919 -1.8334
    endloop
  endfacet
  facet normal -0.653691 -0.745447 -0.130372
    outer loop
      vertex 37.0147 -15.8905 -3.9756
      vertex 36.9627 -15.9583 -3.3272
      vertex 36.472 -15.528 -3.3272
    endloop
  endfacet
  facet normal -0.938853 -0.318724 -0.130268
    outer loop
      vertex 35.4694 -13.8767 -3.9756
      vertex 35.3905 -13.9093 -3.3272
      vertex 35.1807 -13.2913 -3.3272
    endloop
  endfacet
  facet normal -0.318673 -0.938863 -0.130319
    outer loop
      vertex 38.7308 -16.7368 -3.9756
      vertex 38.7087 -16.8193 -3.3272
      vertex 38.1233 -16.5306 -3.9756
    endloop
  endfacet
  facet normal -0.972419 -0.193525 -0.130189
    outer loop
      vertex 35.138 -12.6401 -3.9756
      vertex 35.2632 -13.2692 -3.9756
      vertex 35.0534 -12.6512 -3.3272
    endloop
  endfacet
  facet normal -0.609392 -0.694782 -0.381994
    outer loop
      vertex 36.8291 -15.1709 -5.2116
      vertex 37.2701 -15.5577 -5.2116
      vertex 36.6521 -15.3479 -4.6073
    endloop
  endfacet
  facet normal -0.896896 -0.442242 0
    outer loop
      vertex 35.6791 -14.4946 -9.91821e-05
      vertex 35.3905 -13.9093 0
      vertex 35.3905 -13.9093 -9.91821e-05
    endloop
  endfacet
  facet normal -0.896896 -0.442242 0
    outer loop
      vertex 35.3905 -13.9093 0
      vertex 35.6791 -14.4946 -9.91821e-05
      vertex 35.6791 -14.4946 0
    endloop
  endfacet
  facet normal -0.896896 -0.442242 0
    outer loop
      vertex 35.6791 -14.4946 -3.3272
      vertex 35.3905 -13.9093 -1.5001
      vertex 35.3905 -13.9093 -3.3272
    endloop
  endfacet
  facet normal -0.896896 -0.442242 0
    outer loop
      vertex 35.3905 -13.9093 -1.5001
      vertex 35.6791 -14.4946 -3.3272
      vertex 35.6791 -14.4946 -1.5001
    endloop
  endfacet
  facet normal -0.550807 -0.824387 -0.130375
    outer loop
      vertex 37.0147 -15.8905 -3.9756
      vertex 37.5054 -16.3209 -3.3272
      vertex 36.9627 -15.9583 -3.3272
    endloop
  endfacet
  facet normal -0.659326 0.751857 0
    outer loop
      vertex 36.9627 -8.04173 -9.91821e-05
      vertex 36.472 -8.47204 0
      vertex 36.9627 -8.04173 0
    endloop
  endfacet
  facet normal -0.659326 0.751857 0
    outer loop
      vertex 36.472 -8.47204 0
      vertex 36.9627 -8.04173 -9.91821e-05
      vertex 36.472 -8.47204 -9.91821e-05
    endloop
  endfacet
  facet normal -0.659058 0.752092 0
    outer loop
      vertex 36.472 -8.47204 -1.5001
      vertex 36.5547 -8.39957 -1.5001
      vertex 36.472 -8.47204 -1.5447
    endloop
  endfacet
  facet normal -0.938863 -0.318673 -0.130319
    outer loop
      vertex 35.2632 -13.2692 -3.9756
      vertex 35.4694 -13.8767 -3.9756
      vertex 35.1807 -13.2913 -3.3272
    endloop
  endfacet
  facet normal -0.438474 -0.889255 -0.130254
    outer loop
      vertex 38.1233 -16.5306 -3.9756
      vertex 38.0907 -16.6095 -3.3272
      vertex 37.5054 -16.3209 -3.3272
    endloop
  endfacet
  facet normal -0.0518345 -0.792265 -0.607972
    outer loop
      vertex 39.5093 -15.727 -6.2969
      vertex 40 -16.1573 -5.778
      vertex 39.4574 -16.1218 -5.778
    endloop
  endfacet
  facet normal -0.193525 -0.972419 -0.130189
    outer loop
      vertex 39.3599 -16.862 -3.9756
      vertex 39.3488 -16.9466 -3.3272
      vertex 38.7308 -16.7368 -3.9756
    endloop
  endfacet
  facet normal 0.442303 0.896865 -0
    outer loop
      vertex 42.4946 -7.67914 -9.91821e-05
      vertex 41.9093 -7.39049 0
      vertex 42.4946 -7.67914 0
    endloop
  endfacet
  facet normal 0.442303 0.896865 0
    outer loop
      vertex 41.9093 -7.39049 0
      vertex 42.4946 -7.67914 -9.91821e-05
      vertex 41.9093 -7.39049 -9.91821e-05
    endloop
  endfacet
  facet normal -0.751844 0.659341 0
    outer loop
      vertex 36.0417 -8.96271 -9.91821e-05
      vertex 36.472 -8.47204 0
      vertex 36.472 -8.47204 -9.91821e-05
    endloop
  endfacet
  facet normal -0.751844 0.659341 0
    outer loop
      vertex 36.472 -8.47204 0
      vertex 36.0417 -8.96271 -9.91821e-05
      vertex 36.0417 -8.96271 0
    endloop
  endfacet
  facet normal -0.752068 0.659086 0
    outer loop
      vertex 36.472 -8.47204 -1.5001
      vertex 36.472 -8.47204 -1.5447
      vertex 36.4423 -8.50593 -1.5529
    endloop
  endfacet
  facet normal -0.751827 0.659361 1.69918e-05
    outer loop
      vertex 36.4423 -8.50593 -1.5529
      vertex 36.1164 -8.87753 -1.669
      vertex 36.0417 -8.96271 -1.5001
    endloop
  endfacet
  facet normal -0.751844 0.659341 -0.000289276
    outer loop
      vertex 36.472 -8.47204 -1.5001
      vertex 36.4423 -8.50593 -1.5529
      vertex 36.0417 -8.96271 -1.5001
    endloop
  endfacet
  facet normal -0.751844 0.659342 0
    outer loop
      vertex 36.0417 -8.96271 -1.5001
      vertex 36.1164 -8.87753 -1.669
      vertex 36.0417 -8.96271 -1.7353
    endloop
  endfacet
  facet normal -0.637064 -0.72629 -0.25817
    outer loop
      vertex 37.1177 -15.7563 -4.6073
      vertex 37.0147 -15.8905 -3.9756
      vertex 36.6521 -15.3479 -4.6073
    endloop
  endfacet
  facet normal 0.550807 -0.824387 -0.130375
    outer loop
      vertex 42.9853 -15.8905 -3.9756
      vertex 43.0373 -15.9583 -3.3272
      vertex 42.4946 -16.3209 -3.3272
    endloop
  endfacet
  facet normal -0.0631724 -0.963964 -0.258423
    outer loop
      vertex 39.382 -16.6941 -4.6073
      vertex 40 -16.7346 -4.6073
      vertex 39.3599 -16.862 -3.9756
    endloop
  endfacet
  facet normal -0.889255 -0.438474 -0.130254
    outer loop
      vertex 35.4694 -13.8767 -3.9756
      vertex 35.6791 -14.4946 -3.3272
      vertex 35.3905 -13.9093 -3.3272
    endloop
  endfacet
  facet normal -0.653664 -0.745477 -0.130333
    outer loop
      vertex 36.5324 -15.4676 -3.9756
      vertex 37.0147 -15.8905 -3.9756
      vertex 36.472 -15.528 -3.3272
    endloop
  endfacet
  facet normal 0.481497 -0.720333 -0.49928
    outer loop
      vertex 42.5308 -15.2982 -5.778
      vertex 42.7299 -15.5577 -5.2116
      vertex 42.0787 -15.6004 -5.778
    endloop
  endfacet
  facet normal -0.0567266 -0.864637 -0.499184
    outer loop
      vertex 39.4574 -16.1218 -5.778
      vertex 40 -16.4844 -5.2116
      vertex 39.4147 -16.446 -5.2116
    endloop
  endfacet
  facet normal -0.255278 -0.751785 -0.60799
    outer loop
      vertex 38.5614 -15.473 -6.2969
      vertex 39.027 -15.6311 -6.2969
      vertex 38.409 -15.8409 -5.778
    endloop
  endfacet
  facet normal -0.180275 -0.906449 -0.381905
    outer loop
      vertex 39.4147 -16.446 -5.2116
      vertex 39.382 -16.6941 -4.6073
      vertex 38.7746 -16.5733 -4.6073
    endloop
  endfacet
  facet normal -0.188441 -0.947507 -0.258305
    outer loop
      vertex 38.7746 -16.5733 -4.6073
      vertex 39.382 -16.6941 -4.6073
      vertex 38.7308 -16.7368 -3.9756
    endloop
  endfacet
  facet normal 0.0631012 -0.963987 -0.258355
    outer loop
      vertex 40 -16.7346 -4.6073
      vertex 40.6401 -16.862 -3.9756
      vertex 40 -16.9039 -3.9756
    endloop
  endfacet
  facet normal 0.0604372 -0.922226 -0.381898
    outer loop
      vertex 40.5853 -16.446 -5.2116
      vertex 40.618 -16.6941 -4.6073
      vertex 40 -16.7346 -4.6073
    endloop
  endfacet
  facet normal 0.0647627 -0.989371 -0.130197
    outer loop
      vertex 40.6401 -16.862 -3.9756
      vertex 40.6512 -16.9466 -3.3272
      vertex 40 -16.9039 -3.9756
    endloop
  endfacet
  facet normal 0.946922 0.321463 0
    outer loop
      vertex 44.8193 -10.7087 0
      vertex 44.6095 -10.0907 -9.91821e-05
      vertex 44.6095 -10.0907 0
    endloop
  endfacet
  facet normal 0.946922 0.321463 0
    outer loop
      vertex 44.6095 -10.0907 -9.91821e-05
      vertex 44.8193 -10.7087 0
      vertex 44.8193 -10.7087 -9.91821e-05
    endloop
  endfacet
  facet normal 0.946953 0.321373 0
    outer loop
      vertex 44.6095 -10.0907 -1.5001
      vertex 44.7368 -10.4658 -2.2897
      vertex 44.6095 -10.0907 -2.207
    endloop
  endfacet
  facet normal 0.946922 0.321463 -4.7698e-05
    outer loop
      vertex 44.8193 -10.7087 -1.5001
      vertex 44.7368 -10.4658 -2.2897
      vertex 44.6095 -10.0907 -1.5001
    endloop
  endfacet
  facet normal 0.946875 0.321602 0
    outer loop
      vertex 44.8193 -10.7087 -1.5001
      vertex 44.8193 -10.7087 -2.4613
      vertex 44.7368 -10.4658 -2.2897
    endloop
  endfacet
  facet normal 0.0648729 -0.989349 -0.130306
    outer loop
      vertex 40 -16.9039 -3.9756
      vertex 40.6512 -16.9466 -3.3272
      vertex 40 -16.9893 -3.3272
    endloop
  endfacet
  facet normal 0.751844 0.659341 0
    outer loop
      vertex 43.9583 -8.96271 0
      vertex 43.528 -8.47204 -9.91821e-05
      vertex 43.528 -8.47204 0
    endloop
  endfacet
  facet normal 0.751844 0.659341 0
    outer loop
      vertex 43.528 -8.47204 -9.91821e-05
      vertex 43.9583 -8.96271 0
      vertex 43.9583 -8.96271 -9.91821e-05
    endloop
  endfacet
  facet normal 0.752068 0.659086 0
    outer loop
      vertex 43.528 -8.47204 -1.5001
      vertex 43.5577 -8.50593 -1.5529
      vertex 43.528 -8.47204 -1.5447
    endloop
  endfacet
  facet normal 0.751844 0.659341 -0.000289276
    outer loop
      vertex 43.9583 -8.96271 -1.5001
      vertex 43.5577 -8.50593 -1.5529
      vertex 43.528 -8.47204 -1.5001
    endloop
  endfacet
  facet normal 0.751827 0.659361 1.69918e-05
    outer loop
      vertex 43.9583 -8.96271 -1.5001
      vertex 43.8836 -8.87753 -1.669
      vertex 43.5577 -8.50593 -1.5529
    endloop
  endfacet
  facet normal 0.751844 0.659342 0
    outer loop
      vertex 43.9583 -8.96271 -1.5001
      vertex 43.9583 -8.96271 -1.7353
      vertex 43.8836 -8.87753 -1.669
    endloop
  endfacet
  facet normal -0.651443 -0.571379 -0.499147
    outer loop
      vertex 37.0603 -14.9397 -5.778
      vertex 36.8291 -15.1709 -5.2116
      vertex 36.4423 -14.7299 -5.2116
    endloop
  endfacet
  facet normal -0.442242 -0.896896 0
    outer loop
      vertex 37.5054 -16.3209 -9.91821e-05
      vertex 38.0907 -16.6095 0
      vertex 37.5054 -16.3209 0
    endloop
  endfacet
  facet normal -0.442242 -0.896896 -0
    outer loop
      vertex 38.0907 -16.6095 0
      vertex 37.5054 -16.3209 -9.91821e-05
      vertex 38.0907 -16.6095 -9.91821e-05
    endloop
  endfacet
  facet normal -0.442242 -0.896896 0
    outer loop
      vertex 37.5054 -16.3209 -3.3272
      vertex 38.0907 -16.6095 -1.5001
      vertex 37.5054 -16.3209 -1.5001
    endloop
  endfacet
  facet normal -0.442242 -0.896896 -0
    outer loop
      vertex 38.0907 -16.6095 -1.5001
      vertex 37.5054 -16.3209 -3.3272
      vertex 38.0907 -16.6095 -3.3272
    endloop
  endfacet
  facet normal -0.555548 -0.831484 0
    outer loop
      vertex 36.9627 -15.9583 -3.3272
      vertex 37.5054 -16.3209 -1.5001
      vertex 36.9627 -15.9583 -1.5001
    endloop
  endfacet
  facet normal -0.555548 -0.831484 -0
    outer loop
      vertex 37.5054 -16.3209 -1.5001
      vertex 36.9627 -15.9583 -3.3272
      vertex 37.5054 -16.3209 -3.3272
    endloop
  endfacet
  facet normal -0.555548 -0.831484 0
    outer loop
      vertex 36.9627 -15.9583 -9.91821e-05
      vertex 37.5054 -16.3209 0
      vertex 36.9627 -15.9583 0
    endloop
  endfacet
  facet normal -0.555548 -0.831484 -0
    outer loop
      vertex 37.5054 -16.3209 0
      vertex 36.9627 -15.9583 -9.91821e-05
      vertex 37.5054 -16.3209 -9.91821e-05
    endloop
  endfacet
  facet normal -0.659318 -0.751864 0
    outer loop
      vertex 36.472 -15.528 -9.91821e-05
      vertex 36.9627 -15.9583 0
      vertex 36.472 -15.528 0
    endloop
  endfacet
  facet normal -0.659318 -0.751864 -0
    outer loop
      vertex 36.9627 -15.9583 0
      vertex 36.472 -15.528 -9.91821e-05
      vertex 36.9627 -15.9583 -9.91821e-05
    endloop
  endfacet
  facet normal -0.659318 -0.751864 0
    outer loop
      vertex 36.472 -15.528 -3.3272
      vertex 36.9627 -15.9583 -1.5001
      vertex 36.472 -15.528 -1.5001
    endloop
  endfacet
  facet normal -0.659318 -0.751864 -0
    outer loop
      vertex 36.9627 -15.9583 -1.5001
      vertex 36.472 -15.528 -3.3272
      vertex 36.9627 -15.9583 -3.3272
    endloop
  endfacet
  facet normal 0.255278 -0.751785 -0.60799
    outer loop
      vertex 41.4386 -15.473 -6.2969
      vertex 41.591 -15.8409 -5.778
      vertex 40.973 -15.6311 -6.2969
    endloop
  endfacet
  facet normal 0.193525 -0.972419 -0.130189
    outer loop
      vertex 41.2692 -16.7368 -3.9756
      vertex 40.6512 -16.9466 -3.3272
      vertex 40.6401 -16.862 -3.9756
    endloop
  endfacet
  facet normal -0.536769 -0.803196 -0.258371
    outer loop
      vertex 37.6327 -16.1003 -4.6073
      vertex 37.548 -16.2469 -3.9756
      vertex 37.0147 -15.8905 -3.9756
    endloop
  endfacet
  facet normal -0.278503 -0.820534 -0.49916
    outer loop
      vertex 38.409 -15.8409 -5.778
      vertex 38.924 -16.0157 -5.778
      vertex 38.2839 -16.143 -5.2116
    endloop
  endfacet
  facet normal -0.29709 -0.875155 -0.381891
    outer loop
      vertex 38.8394 -16.3316 -5.2116
      vertex 38.7746 -16.5733 -4.6073
      vertex 38.1881 -16.3742 -4.6073
    endloop
  endfacet
  facet normal -0.29712 -0.875132 -0.381921
    outer loop
      vertex 38.2839 -16.143 -5.2116
      vertex 38.8394 -16.3316 -5.2116
      vertex 38.1881 -16.3742 -4.6073
    endloop
  endfacet
  facet normal -0.0565658 -0.86458 -0.499301
    outer loop
      vertex 40 -16.1573 -5.778
      vertex 40 -16.4844 -5.2116
      vertex 39.4574 -16.1218 -5.778
    endloop
  endfacet
  facet normal 0.0605061 -0.922246 -0.38184
    outer loop
      vertex 40 -16.4844 -5.2116
      vertex 40.5853 -16.446 -5.2116
      vertex 40 -16.7346 -4.6073
    endloop
  endfacet
  facet normal -0.0604372 -0.922226 -0.381898
    outer loop
      vertex 39.4147 -16.446 -5.2116
      vertex 40 -16.7346 -4.6073
      vertex 39.382 -16.6941 -4.6073
    endloop
  endfacet
  facet normal -0.0631012 -0.963987 -0.258355
    outer loop
      vertex 40 -16.7346 -4.6073
      vertex 40 -16.9039 -3.9756
      vertex 39.3599 -16.862 -3.9756
    endloop
  endfacet
  facet normal 0.889255 -0.438474 -0.130254
    outer loop
      vertex 44.5306 -13.8767 -3.9756
      vertex 44.6095 -13.9093 -3.3272
      vertex 44.3209 -14.4946 -3.3272
    endloop
  endfacet
  facet normal 0.555538 0.831491 -0
    outer loop
      vertex 43.0373 -8.04173 -9.91821e-05
      vertex 42.4946 -7.67914 0
      vertex 43.0373 -8.04173 0
    endloop
  endfacet
  facet normal 0.555538 0.831491 0
    outer loop
      vertex 42.4946 -7.67914 0
      vertex 43.0373 -8.04173 -9.91821e-05
      vertex 42.4946 -7.67914 -9.91821e-05
    endloop
  endfacet
  facet normal 0.896911 0.442211 0
    outer loop
      vertex 44.6095 -10.0907 0
      vertex 44.3209 -9.50535 -9.91821e-05
      vertex 44.3209 -9.50535 0
    endloop
  endfacet
  facet normal 0.896911 0.442211 0
    outer loop
      vertex 44.3209 -9.50535 -9.91821e-05
      vertex 44.6095 -10.0907 0
      vertex 44.6095 -10.0907 -9.91821e-05
    endloop
  endfacet
  facet normal 0.897178 0.44167 0
    outer loop
      vertex 44.3209 -9.50535 -1.5001
      vertex 44.3742 -9.61362 -1.9675
      vertex 44.3209 -9.50535 -1.9583
    endloop
  endfacet
  facet normal 0.896911 0.442211 -0.000155938
    outer loop
      vertex 44.6095 -10.0907 -1.5001
      vertex 44.3742 -9.61362 -1.9675
      vertex 44.3209 -9.50535 -1.5001
    endloop
  endfacet
  facet normal 0.896849 0.442336 2.35395e-06
    outer loop
      vertex 44.6095 -10.0907 -1.5001
      vertex 44.5733 -10.0173 -2.1502
      vertex 44.3742 -9.61362 -1.9675
    endloop
  endfacet
  facet normal 0.896858 0.442319 0
    outer loop
      vertex 44.6095 -10.0907 -1.5001
      vertex 44.6095 -10.0907 -2.207
      vertex 44.5733 -10.0173 -2.1502
    endloop
  endfacet
  facet normal 0.0654307 -0.997857 0
    outer loop
      vertex 40 -16.9893 -9.91821e-05
      vertex 40.6512 -16.9466 0
      vertex 40 -16.9893 0
    endloop
  endfacet
  facet normal 0.0654307 -0.997857 0
    outer loop
      vertex 40.6512 -16.9466 0
      vertex 40 -16.9893 -9.91821e-05
      vertex 40.6512 -16.9466 -9.91821e-05
    endloop
  endfacet
  facet normal 0.0654307 -0.997857 0
    outer loop
      vertex 40 -16.9893 -3.3272
      vertex 40.6512 -16.9466 -1.5001
      vertex 40 -16.9893 -1.5001
    endloop
  endfacet
  facet normal 0.0654307 -0.997857 0
    outer loop
      vertex 40.6512 -16.9466 -1.5001
      vertex 40 -16.9893 -3.3272
      vertex 40.6512 -16.9466 -3.3272
    endloop
  endfacet
  facet normal 0.0567266 -0.864637 -0.499184
    outer loop
      vertex 40.5426 -16.1218 -5.778
      vertex 40.5853 -16.446 -5.2116
      vertex 40 -16.4844 -5.2116
    endloop
  endfacet
  facet normal 0.0654155 0.997858 -0
    outer loop
      vertex 40.6512 -7.05339 -9.91821e-05
      vertex 40 -7.0107 0
      vertex 40.6512 -7.05339 0
    endloop
  endfacet
  facet normal 0.0654155 0.997858 0
    outer loop
      vertex 40 -7.0107 0
      vertex 40.6512 -7.05339 -9.91821e-05
      vertex 40 -7.0107 -9.91821e-05
    endloop
  endfacet
  facet normal 0.321436 0.946931 -0
    outer loop
      vertex 41.9093 -7.39049 -9.91821e-05
      vertex 41.2913 -7.18071 0
      vertex 41.9093 -7.39049 0
    endloop
  endfacet
  facet normal 0.321436 0.946931 0
    outer loop
      vertex 41.2913 -7.18071 0
      vertex 41.9093 -7.39049 -9.91821e-05
      vertex 41.2913 -7.18071 -9.91821e-05
    endloop
  endfacet
  facet normal -0.0654155 0.997858 0
    outer loop
      vertex 40 -7.0107 -9.91821e-05
      vertex 39.3488 -7.05339 0
      vertex 40 -7.0107 0
    endloop
  endfacet
  facet normal -0.0654155 0.997858 0
    outer loop
      vertex 39.3488 -7.05339 0
      vertex 40 -7.0107 -9.91821e-05
      vertex 39.3488 -7.05339 -9.91821e-05
    endloop
  endfacet
  facet normal -0.768439 -0.513501 -0.381863
    outer loop
      vertex 36.1164 -14.2422 -5.2116
      vertex 36.4423 -14.7299 -5.2116
      vertex 35.8997 -14.3673 -4.6073
    endloop
  endfacet
  facet normal -0.408704 -0.828911 -0.381926
    outer loop
      vertex 38.2839 -16.143 -5.2116
      vertex 38.1881 -16.3742 -4.6073
      vertex 37.7578 -15.8836 -5.2116
    endloop
  endfacet
  facet normal -0.824387 -0.550807 -0.130375
    outer loop
      vertex 36.1095 -14.9853 -3.9756
      vertex 36.0417 -15.0373 -3.3272
      vertex 35.6791 -14.4946 -3.3272
    endloop
  endfacet
  facet normal -0.609405 -0.694758 -0.382016
    outer loop
      vertex 37.2701 -15.5577 -5.2116
      vertex 37.1177 -15.7563 -4.6073
      vertex 36.6521 -15.3479 -4.6073
    endloop
  endfacet
  facet normal -0.980792 0.195055 0
    outer loop
      vertex 35.0534 -11.3488 -9.91821e-05
      vertex 35.1807 -10.7087 0
      vertex 35.1807 -10.7087 -9.91821e-05
    endloop
  endfacet
  facet normal -0.980792 0.195055 0
    outer loop
      vertex 35.1807 -10.7087 0
      vertex 35.0534 -11.3488 -9.91821e-05
      vertex 35.0534 -11.3488 0
    endloop
  endfacet
  facet normal -0.980774 0.195149 0
    outer loop
      vertex 35.1807 -10.7087 -1.5001
      vertex 35.1807 -10.7087 -2.4613
      vertex 35.138 -10.9233 -2.4613
    endloop
  endfacet
  facet normal -0.980802 0.195008 0
    outer loop
      vertex 35.0534 -11.3488 -1.5001
      vertex 35.138 -10.9233 -2.4613
      vertex 35.0534 -11.3488 -2.6731
    endloop
  endfacet
  facet normal -0.980792 0.195055 2.18232e-05
    outer loop
      vertex 35.1807 -10.7087 -1.5001
      vertex 35.138 -10.9233 -2.4613
      vertex 35.0534 -11.3488 -1.5001
    endloop
  endfacet
  facet normal -0.896911 0.442211 0
    outer loop
      vertex 35.3905 -10.0907 -9.91821e-05
      vertex 35.6791 -9.50535 0
      vertex 35.6791 -9.50535 -9.91821e-05
    endloop
  endfacet
  facet normal -0.896911 0.442211 0
    outer loop
      vertex 35.6791 -9.50535 0
      vertex 35.3905 -10.0907 -9.91821e-05
      vertex 35.3905 -10.0907 0
    endloop
  endfacet
  facet normal -0.897178 0.44167 0
    outer loop
      vertex 35.6791 -9.50535 -1.5001
      vertex 35.6791 -9.50535 -1.9583
      vertex 35.6258 -9.61362 -1.9675
    endloop
  endfacet
  facet normal -0.896849 0.442336 2.35395e-06
    outer loop
      vertex 35.6258 -9.61362 -1.9675
      vertex 35.4267 -10.0173 -2.1502
      vertex 35.3905 -10.0907 -1.5001
    endloop
  endfacet
  facet normal -0.896858 0.442319 0
    outer loop
      vertex 35.3905 -10.0907 -1.5001
      vertex 35.4267 -10.0173 -2.1502
      vertex 35.3905 -10.0907 -2.207
    endloop
  endfacet
  facet normal -0.896911 0.442211 -0.000155938
    outer loop
      vertex 35.6791 -9.50535 -1.5001
      vertex 35.6258 -9.61362 -1.9675
      vertex 35.3905 -10.0907 -1.5001
    endloop
  endfacet
  facet normal -0.972428 -0.193392 -0.13032
    outer loop
      vertex 35.2632 -13.2692 -3.9756
      vertex 35.1807 -13.2913 -3.3272
      vertex 35.0534 -12.6512 -3.3272
    endloop
  endfacet
  facet normal -0.442303 0.896865 0
    outer loop
      vertex 38.0907 -7.39049 -9.91821e-05
      vertex 37.5054 -7.67914 0
      vertex 38.0907 -7.39049 0
    endloop
  endfacet
  facet normal -0.442303 0.896865 0
    outer loop
      vertex 37.5054 -7.67914 0
      vertex 38.0907 -7.39049 -9.91821e-05
      vertex 37.5054 -7.67914 -9.91821e-05
    endloop
  endfacet
  facet normal 0.351052 -0.712115 -0.607993
    outer loop
      vertex 41.8796 -15.2556 -6.2969
      vertex 41.591 -15.8409 -5.778
      vertex 41.4386 -15.473 -6.2969
    endloop
  endfacet
  facet normal -0.63691 -0.72637 -0.258326
    outer loop
      vertex 36.6521 -15.3479 -4.6073
      vertex 37.0147 -15.8905 -3.9756
      vertex 36.5324 -15.4676 -3.9756
    endloop
  endfacet
  facet normal -0.768485 -0.513318 -0.382014
    outer loop
      vertex 36.4423 -14.7299 -5.2116
      vertex 36.2437 -14.8823 -4.6073
      vertex 35.8997 -14.3673 -4.6073
    endloop
  endfacet
  facet normal -0.427264 -0.866426 -0.258362
    outer loop
      vertex 37.6327 -16.1003 -4.6073
      vertex 38.1233 -16.5306 -3.9756
      vertex 37.548 -16.2469 -3.9756
    endloop
  endfacet
  facet normal -0.427283 -0.866422 -0.258345
    outer loop
      vertex 38.1881 -16.3742 -4.6073
      vertex 38.1233 -16.5306 -3.9756
      vertex 37.6327 -16.1003 -4.6073
    endloop
  endfacet
  facet normal -0.40878 -0.828902 -0.381865
    outer loop
      vertex 37.7578 -15.8836 -5.2116
      vertex 38.1881 -16.3742 -4.6073
      vertex 37.6327 -16.1003 -4.6073
    endloop
  endfacet
  facet normal -0.169045 -0.849846 -0.499185
    outer loop
      vertex 39.4574 -16.1218 -5.778
      vertex 39.4147 -16.446 -5.2116
      vertex 38.924 -16.0157 -5.778
    endloop
  endfacet
  facet normal -0.168992 -0.849835 -0.499222
    outer loop
      vertex 38.924 -16.0157 -5.778
      vertex 39.4147 -16.446 -5.2116
      vertex 38.8394 -16.3316 -5.2116
    endloop
  endfacet
  facet normal -0.180253 -0.906462 -0.381884
    outer loop
      vertex 38.8394 -16.3316 -5.2116
      vertex 39.4147 -16.446 -5.2116
      vertex 38.7746 -16.5733 -4.6073
    endloop
  endfacet
  facet normal 0.0565658 -0.86458 -0.499301
    outer loop
      vertex 40 -16.1573 -5.778
      vertex 40.5426 -16.1218 -5.778
      vertex 40 -16.4844 -5.2116
    endloop
  endfacet
  facet normal -0.0605061 -0.922246 -0.38184
    outer loop
      vertex 40 -16.4844 -5.2116
      vertex 40 -16.7346 -4.6073
      vertex 39.4147 -16.446 -5.2116
    endloop
  endfacet
  facet normal 0.169045 -0.849846 -0.499185
    outer loop
      vertex 41.076 -16.0157 -5.778
      vertex 40.5853 -16.446 -5.2116
      vertex 40.5426 -16.1218 -5.778
    endloop
  endfacet
  facet normal -0.193392 -0.972428 -0.13032
    outer loop
      vertex 38.7308 -16.7368 -3.9756
      vertex 39.3488 -16.9466 -3.3272
      vertex 38.7087 -16.8193 -3.3272
    endloop
  endfacet
  facet normal -0.188557 -0.947452 -0.258421
    outer loop
      vertex 39.382 -16.6941 -4.6073
      vertex 39.3599 -16.862 -3.9756
      vertex 38.7308 -16.7368 -3.9756
    endloop
  endfacet
  facet normal 0.914794 -0.310503 -0.258342
    outer loop
      vertex 44.7368 -13.2692 -3.9756
      vertex 44.5306 -13.8767 -3.9756
      vertex 44.3742 -13.8119 -4.6073
    endloop
  endfacet
  facet normal 0.745447 -0.653691 -0.130372
    outer loop
      vertex 43.8905 -14.9853 -3.9756
      vertex 43.9583 -15.0373 -3.3272
      vertex 43.528 -15.528 -3.3272
    endloop
  endfacet
  facet normal 0.255196 -0.751865 -0.607926
    outer loop
      vertex 41.591 -15.8409 -5.778
      vertex 41.076 -16.0157 -5.778
      vertex 40.973 -15.6311 -6.2969
    endloop
  endfacet
  facet normal 0.351165 -0.712114 -0.607928
    outer loop
      vertex 41.8796 -15.2556 -6.2969
      vertex 42.0787 -15.6004 -5.778
      vertex 41.591 -15.8409 -5.778
    endloop
  endfacet
  facet normal 0.321463 -0.946922 0
    outer loop
      vertex 41.2913 -16.8193 -3.3272
      vertex 41.9093 -16.6095 -1.5001
      vertex 41.2913 -16.8193 -1.5001
    endloop
  endfacet
  facet normal 0.321463 -0.946922 0
    outer loop
      vertex 41.9093 -16.6095 -1.5001
      vertex 41.2913 -16.8193 -3.3272
      vertex 41.9093 -16.6095 -3.3272
    endloop
  endfacet
  facet normal 0.321463 -0.946922 0
    outer loop
      vertex 41.2913 -16.8193 -9.91821e-05
      vertex 41.9093 -16.6095 0
      vertex 41.2913 -16.8193 0
    endloop
  endfacet
  facet normal 0.321463 -0.946922 0
    outer loop
      vertex 41.9093 -16.6095 0
      vertex 41.2913 -16.8193 -9.91821e-05
      vertex 41.9093 -16.6095 -9.91821e-05
    endloop
  endfacet
  facet normal 0.427283 -0.866422 -0.258345
    outer loop
      vertex 42.3673 -16.1003 -4.6073
      vertex 41.8767 -16.5306 -3.9756
      vertex 41.8119 -16.3742 -4.6073
    endloop
  endfacet
  facet normal 0.659326 0.751857 -0
    outer loop
      vertex 43.528 -8.47204 -9.91821e-05
      vertex 43.0373 -8.04173 0
      vertex 43.528 -8.47204 0
    endloop
  endfacet
  facet normal 0.659326 0.751857 0
    outer loop
      vertex 43.0373 -8.04173 0
      vertex 43.528 -8.47204 -9.91821e-05
      vertex 43.0373 -8.04173 -9.91821e-05
    endloop
  endfacet
  facet normal 0.659058 0.752092 0
    outer loop
      vertex 43.528 -8.47204 -1.5001
      vertex 43.528 -8.47204 -1.5447
      vertex 43.4453 -8.39957 -1.5001
    endloop
  endfacet
  facet normal -0.651502 -0.571199 -0.499277
    outer loop
      vertex 36.7018 -14.5308 -5.778
      vertex 37.0603 -14.9397 -5.778
      vertex 36.4423 -14.7299 -5.2116
    endloop
  endfacet
  facet normal -0.481497 -0.720333 -0.49928
    outer loop
      vertex 37.4692 -15.2982 -5.778
      vertex 37.9213 -15.6004 -5.778
      vertex 37.2701 -15.5577 -5.2116
    endloop
  endfacet
  facet normal -0.571379 -0.651443 -0.499147
    outer loop
      vertex 37.0603 -14.9397 -5.778
      vertex 37.2701 -15.5577 -5.2116
      vertex 36.8291 -15.1709 -5.2116
    endloop
  endfacet
  facet normal -0.1549 -0.778733 -0.607931
    outer loop
      vertex 39.027 -15.6311 -6.2969
      vertex 39.4574 -16.1218 -5.778
      vertex 38.924 -16.0157 -5.778
    endloop
  endfacet
  facet normal -0.694758 -0.609405 -0.382016
    outer loop
      vertex 36.4423 -14.7299 -5.2116
      vertex 36.6521 -15.3479 -4.6073
      vertex 36.2437 -14.8823 -4.6073
    endloop
  endfacet
  facet normal -0.694782 -0.609392 -0.381994
    outer loop
      vertex 36.8291 -15.1709 -5.2116
      vertex 36.6521 -15.3479 -4.6073
      vertex 36.4423 -14.7299 -5.2116
    endloop
  endfacet
  facet normal -0.866422 -0.427283 -0.258345
    outer loop
      vertex 35.6258 -13.8119 -4.6073
      vertex 35.8997 -14.3673 -4.6073
      vertex 35.4694 -13.8767 -3.9756
    endloop
  endfacet
  facet normal -0.914794 -0.310503 -0.258342
    outer loop
      vertex 35.6258 -13.8119 -4.6073
      vertex 35.4694 -13.8767 -3.9756
      vertex 35.2632 -13.2692 -3.9756
    endloop
  endfacet
  facet normal -0.831456 0.555591 0
    outer loop
      vertex 35.6791 -9.50535 -9.91821e-05
      vertex 36.0417 -8.96271 0
      vertex 36.0417 -8.96271 -9.91821e-05
    endloop
  endfacet
  facet normal -0.831456 0.555591 0
    outer loop
      vertex 36.0417 -8.96271 0
      vertex 35.6791 -9.50535 -9.91821e-05
      vertex 35.6791 -9.50535 0
    endloop
  endfacet
  facet normal -0.831522 0.555491 0
    outer loop
      vertex 36.0417 -8.96271 -1.5001
      vertex 36.0417 -8.96271 -1.7353
      vertex 35.857 -9.23919 -1.8334
    endloop
  endfacet
  facet normal -0.831387 0.555695 0
    outer loop
      vertex 35.6791 -9.50535 -1.5001
      vertex 35.857 -9.23919 -1.8334
      vertex 35.6791 -9.50535 -1.9583
    endloop
  endfacet
  facet normal -0.831456 0.555591 -0.000119711
    outer loop
      vertex 36.0417 -8.96271 -1.5001
      vertex 35.857 -9.23919 -1.8334
      vertex 35.6791 -9.50535 -1.5001
    endloop
  endfacet
  facet normal -0.997857 0.0654307 0
    outer loop
      vertex 35.0107 -12 -9.91821e-05
      vertex 35.0534 -11.3488 0
      vertex 35.0534 -11.3488 -9.91821e-05
    endloop
  endfacet
  facet normal -0.997857 0.0654307 0
    outer loop
      vertex 35.0534 -11.3488 0
      vertex 35.0107 -12 -9.91821e-05
      vertex 35.0107 -12 0
    endloop
  endfacet
  facet normal -0.997857 0.0654307 0
    outer loop
      vertex 35.0107 -12 -2.6731
      vertex 35.0534 -11.3488 -1.5001
      vertex 35.0534 -11.3488 -2.6731
    endloop
  endfacet
  facet normal -0.997857 0.0654307 0
    outer loop
      vertex 35.0534 -11.3488 -1.5001
      vertex 35.0107 -12 -2.6731
      vertex 35.0107 -12 -1.5001
    endloop
  endfacet
  facet normal -0.0647627 -0.989371 -0.130197
    outer loop
      vertex 39.3599 -16.862 -3.9756
      vertex 40 -16.9039 -3.9756
      vertex 39.3488 -16.9466 -3.3272
    endloop
  endfacet
  facet normal -0.318724 -0.938853 -0.130268
    outer loop
      vertex 38.1233 -16.5306 -3.9756
      vertex 38.7087 -16.8193 -3.3272
      vertex 38.0907 -16.6095 -3.3272
    endloop
  endfacet
  facet normal -0.831484 -0.555548 0
    outer loop
      vertex 36.0417 -15.0373 -3.3272
      vertex 35.6791 -14.4946 -1.5001
      vertex 35.6791 -14.4946 -3.3272
    endloop
  endfacet
  facet normal -0.831484 -0.555548 0
    outer loop
      vertex 35.6791 -14.4946 -1.5001
      vertex 36.0417 -15.0373 -3.3272
      vertex 36.0417 -15.0373 -1.5001
    endloop
  endfacet
  facet normal -0.831484 -0.555548 0
    outer loop
      vertex 36.0417 -15.0373 -9.91821e-05
      vertex 35.6791 -14.4946 0
      vertex 35.6791 -14.4946 -9.91821e-05
    endloop
  endfacet
  facet normal -0.831484 -0.555548 0
    outer loop
      vertex 35.6791 -14.4946 0
      vertex 36.0417 -15.0373 -9.91821e-05
      vertex 36.0417 -15.0373 0
    endloop
  endfacet
  facet normal 0.0518345 -0.792265 -0.607972
    outer loop
      vertex 40.4907 -15.727 -6.2969
      vertex 40.5426 -16.1218 -5.778
      vertex 40 -16.1573 -5.778
    endloop
  endfacet
  facet normal -0.278564 -0.820479 -0.499216
    outer loop
      vertex 38.924 -16.0157 -5.778
      vertex 38.8394 -16.3316 -5.2116
      vertex 38.2839 -16.143 -5.2116
    endloop
  endfacet
  facet normal -0.255196 -0.751865 -0.607926
    outer loop
      vertex 39.027 -15.6311 -6.2969
      vertex 38.924 -16.0157 -5.778
      vertex 38.409 -15.8409 -5.778
    endloop
  endfacet
  facet normal -0.351165 -0.712114 -0.607928
    outer loop
      vertex 38.1204 -15.2556 -6.2969
      vertex 38.409 -15.8409 -5.778
      vertex 37.9213 -15.6004 -5.778
    endloop
  endfacet
  facet normal -0.513501 -0.768439 -0.381863
    outer loop
      vertex 37.7578 -15.8836 -5.2116
      vertex 37.6327 -16.1003 -4.6073
      vertex 37.2701 -15.5577 -5.2116
    endloop
  endfacet
  facet normal -0.481427 -0.720441 -0.499192
    outer loop
      vertex 37.9213 -15.6004 -5.778
      vertex 37.7578 -15.8836 -5.2116
      vertex 37.2701 -15.5577 -5.2116
    endloop
  endfacet
  facet normal -0.43851 -0.889231 -0.130296
    outer loop
      vertex 37.548 -16.2469 -3.9756
      vertex 38.1233 -16.5306 -3.9756
      vertex 37.5054 -16.3209 -3.3272
    endloop
  endfacet
  facet normal -0.5509 -0.824341 -0.130274
    outer loop
      vertex 37.548 -16.2469 -3.9756
      vertex 37.5054 -16.3209 -3.3272
      vertex 37.0147 -15.8905 -3.9756
    endloop
  endfacet
  facet normal 0.536616 -0.803364 -0.258165
    outer loop
      vertex 42.8823 -15.7563 -4.6073
      vertex 42.9853 -15.8905 -3.9756
      vertex 42.3673 -16.1003 -4.6073
    endloop
  endfacet
  facet normal 0.180275 -0.906449 -0.381905
    outer loop
      vertex 41.2254 -16.5733 -4.6073
      vertex 40.618 -16.6941 -4.6073
      vertex 40.5853 -16.446 -5.2116
    endloop
  endfacet
  facet normal -0.310503 -0.914794 -0.258342
    outer loop
      vertex 38.1881 -16.3742 -4.6073
      vertex 38.7308 -16.7368 -3.9756
      vertex 38.1233 -16.5306 -3.9756
    endloop
  endfacet
  facet normal -0.310545 -0.91479 -0.258303
    outer loop
      vertex 38.7746 -16.5733 -4.6073
      vertex 38.7308 -16.7368 -3.9756
      vertex 38.1881 -16.3742 -4.6073
    endloop
  endfacet
  facet normal -0.0648729 -0.989349 -0.130306
    outer loop
      vertex 40 -16.9039 -3.9756
      vertex 40 -16.9893 -3.3272
      vertex 39.3488 -16.9466 -3.3272
    endloop
  endfacet
  facet normal 0.29712 -0.875132 -0.381921
    outer loop
      vertex 41.7161 -16.143 -5.2116
      vertex 41.8119 -16.3742 -4.6073
      vertex 41.1606 -16.3316 -5.2116
    endloop
  endfacet
  facet normal 0.768453 -0.513446 -0.381908
    outer loop
      vertex 44.1003 -14.3673 -4.6073
      vertex 43.7562 -14.8823 -4.6073
      vertex 43.5577 -14.7299 -5.2116
    endloop
  endfacet
  facet normal 0.803196 -0.536769 -0.258371
    outer loop
      vertex 44.1003 -14.3673 -4.6073
      vertex 44.2469 -14.452 -3.9756
      vertex 43.8905 -14.9853 -3.9756
    endloop
  endfacet
  facet normal 0.751864 -0.659318 0
    outer loop
      vertex 43.528 -15.528 0
      vertex 43.9583 -15.0373 -9.91821e-05
      vertex 43.9583 -15.0373 0
    endloop
  endfacet
  facet normal 0.751864 -0.659318 0
    outer loop
      vertex 43.9583 -15.0373 -9.91821e-05
      vertex 43.528 -15.528 0
      vertex 43.528 -15.528 -9.91821e-05
    endloop
  endfacet
  facet normal 0.751864 -0.659318 0
    outer loop
      vertex 43.528 -15.528 -1.5001
      vertex 43.9583 -15.0373 -3.3272
      vertex 43.9583 -15.0373 -1.5001
    endloop
  endfacet
  facet normal 0.751864 -0.659318 0
    outer loop
      vertex 43.9583 -15.0373 -3.3272
      vertex 43.528 -15.528 -1.5001
      vertex 43.528 -15.528 -3.3272
    endloop
  endfacet
  facet normal 0.997857 0.0654307 0
    outer loop
      vertex 44.9893 -12 0
      vertex 44.9466 -11.3488 -9.91821e-05
      vertex 44.9466 -11.3488 0
    endloop
  endfacet
  facet normal 0.997857 0.0654307 0
    outer loop
      vertex 44.9466 -11.3488 -9.91821e-05
      vertex 44.9893 -12 0
      vertex 44.9893 -12 -9.91821e-05
    endloop
  endfacet
  facet normal 0.997857 0.0654307 0
    outer loop
      vertex 44.9893 -12 -1.5001
      vertex 44.9466 -11.3488 -2.6731
      vertex 44.9466 -11.3488 -1.5001
    endloop
  endfacet
  facet normal 0.997857 0.0654307 0
    outer loop
      vertex 44.9466 -11.3488 -2.6731
      vertex 44.9893 -12 -1.5001
      vertex 44.9893 -12 -2.6731
    endloop
  endfacet
  facet normal 0.0631724 -0.963964 -0.258423
    outer loop
      vertex 40.618 -16.6941 -4.6073
      vertex 40.6401 -16.862 -3.9756
      vertex 40 -16.7346 -4.6073
    endloop
  endfacet
  facet normal 0.188557 -0.947452 -0.258421
    outer loop
      vertex 41.2692 -16.7368 -3.9756
      vertex 40.6401 -16.862 -3.9756
      vertex 40.618 -16.6941 -4.6073
    endloop
  endfacet
  facet normal 0.195055 -0.980792 0
    outer loop
      vertex 40.6512 -16.9466 -9.91821e-05
      vertex 41.2913 -16.8193 0
      vertex 40.6512 -16.9466 0
    endloop
  endfacet
  facet normal 0.195055 -0.980792 0
    outer loop
      vertex 41.2913 -16.8193 0
      vertex 40.6512 -16.9466 -9.91821e-05
      vertex 41.2913 -16.8193 -9.91821e-05
    endloop
  endfacet
  facet normal 0.195055 -0.980792 0
    outer loop
      vertex 40.6512 -16.9466 -3.3272
      vertex 41.2913 -16.8193 -1.5001
      vertex 40.6512 -16.9466 -1.5001
    endloop
  endfacet
  facet normal 0.195055 -0.980792 0
    outer loop
      vertex 41.2913 -16.8193 -1.5001
      vertex 40.6512 -16.9466 -3.3272
      vertex 41.2913 -16.8193 -3.3272
    endloop
  endfacet
  facet normal 0.195085 0.980786 -0
    outer loop
      vertex 41.2913 -7.18071 -9.91821e-05
      vertex 40.6512 -7.05339 0
      vertex 41.2913 -7.18071 0
    endloop
  endfacet
  facet normal 0.195085 0.980786 0
    outer loop
      vertex 40.6512 -7.05339 0
      vertex 41.2913 -7.18071 -9.91821e-05
      vertex 40.6512 -7.05339 -9.91821e-05
    endloop
  endfacet
  facet normal -0.571199 -0.651502 -0.499277
    outer loop
      vertex 37.4692 -15.2982 -5.778
      vertex 37.2701 -15.5577 -5.2116
      vertex 37.0603 -14.9397 -5.778
    endloop
  endfacet
  facet normal -0.441143 -0.660261 -0.607823
    outer loop
      vertex 37.7115 -14.9824 -6.2969
      vertex 38.1204 -15.2556 -6.2969
      vertex 37.4692 -15.2982 -5.778
    endloop
  endfacet
  facet normal -0.513318 -0.768485 -0.382014
    outer loop
      vertex 37.2701 -15.5577 -5.2116
      vertex 37.6327 -16.1003 -4.6073
      vertex 37.1177 -15.7563 -4.6073
    endloop
  endfacet
  facet normal -0.536616 -0.803364 -0.258165
    outer loop
      vertex 37.1177 -15.7563 -4.6073
      vertex 37.6327 -16.1003 -4.6073
      vertex 37.0147 -15.8905 -3.9756
    endloop
  endfacet
  facet normal -0.745477 -0.653664 -0.130333
    outer loop
      vertex 36.5324 -15.4676 -3.9756
      vertex 36.472 -15.528 -3.3272
      vertex 36.1095 -14.9853 -3.9756
    endloop
  endfacet
  facet normal -0.72637 -0.63691 -0.258326
    outer loop
      vertex 36.6521 -15.3479 -4.6073
      vertex 36.5324 -15.4676 -3.9756
      vertex 36.1095 -14.9853 -3.9756
    endloop
  endfacet
  facet normal -0.828911 -0.408704 -0.381926
    outer loop
      vertex 35.857 -13.7161 -5.2116
      vertex 36.1164 -14.2422 -5.2116
      vertex 35.6258 -13.8119 -4.6073
    endloop
  endfacet
  facet normal -0.828902 -0.40878 -0.381865
    outer loop
      vertex 36.1164 -14.2422 -5.2116
      vertex 35.8997 -14.3673 -4.6073
      vertex 35.6258 -13.8119 -4.6073
    endloop
  endfacet
  facet normal -0.980792 -0.195055 0
    outer loop
      vertex 35.1807 -13.2913 -3.3272
      vertex 35.0534 -12.6512 -1.5001
      vertex 35.0534 -12.6512 -3.3272
    endloop
  endfacet
  facet normal -0.980792 -0.195055 0
    outer loop
      vertex 35.0534 -12.6512 -1.5001
      vertex 35.1807 -13.2913 -3.3272
      vertex 35.1807 -13.2913 -1.5001
    endloop
  endfacet
  facet normal -0.980792 -0.195055 0
    outer loop
      vertex 35.1807 -13.2913 -9.91821e-05
      vertex 35.0534 -12.6512 0
      vertex 35.0534 -12.6512 -9.91821e-05
    endloop
  endfacet
  facet normal -0.980792 -0.195055 0
    outer loop
      vertex 35.0534 -12.6512 0
      vertex 35.1807 -13.2913 -9.91821e-05
      vertex 35.1807 -13.2913 0
    endloop
  endfacet
  facet normal -0.946922 0.321463 0
    outer loop
      vertex 35.1807 -10.7087 -9.91821e-05
      vertex 35.3905 -10.0907 0
      vertex 35.3905 -10.0907 -9.91821e-05
    endloop
  endfacet
  facet normal -0.946922 0.321463 0
    outer loop
      vertex 35.3905 -10.0907 0
      vertex 35.1807 -10.7087 -9.91821e-05
      vertex 35.1807 -10.7087 0
    endloop
  endfacet
  facet normal -0.946953 0.321373 0
    outer loop
      vertex 35.3905 -10.0907 -1.5001
      vertex 35.3905 -10.0907 -2.207
      vertex 35.2632 -10.4658 -2.2897
    endloop
  endfacet
  facet normal -0.946875 0.321602 0
    outer loop
      vertex 35.1807 -10.7087 -1.5001
      vertex 35.2632 -10.4658 -2.2897
      vertex 35.1807 -10.7087 -2.4613
    endloop
  endfacet
  facet normal -0.946922 0.321463 -4.7698e-05
    outer loop
      vertex 35.3905 -10.0907 -1.5001
      vertex 35.2632 -10.4658 -2.2897
      vertex 35.1807 -10.7087 -1.5001
    endloop
  endfacet
  facet normal -0.946922 -0.321463 0
    outer loop
      vertex 35.3905 -13.9093 -9.91821e-05
      vertex 35.1807 -13.2913 0
      vertex 35.1807 -13.2913 -9.91821e-05
    endloop
  endfacet
  facet normal -0.946922 -0.321463 0
    outer loop
      vertex 35.1807 -13.2913 0
      vertex 35.3905 -13.9093 -9.91821e-05
      vertex 35.3905 -13.9093 0
    endloop
  endfacet
  facet normal -0.946922 -0.321463 0
    outer loop
      vertex 35.3905 -13.9093 -3.3272
      vertex 35.1807 -13.2913 -1.5001
      vertex 35.1807 -13.2913 -3.3272
    endloop
  endfacet
  facet normal -0.946922 -0.321463 0
    outer loop
      vertex 35.1807 -13.2913 -1.5001
      vertex 35.3905 -13.9093 -3.3272
      vertex 35.3905 -13.9093 -1.5001
    endloop
  endfacet
  facet normal -0.195085 0.980786 0
    outer loop
      vertex 39.3488 -7.05339 -9.91821e-05
      vertex 38.7087 -7.18071 0
      vertex 39.3488 -7.05339 0
    endloop
  endfacet
  facet normal -0.195085 0.980786 0
    outer loop
      vertex 38.7087 -7.18071 0
      vertex 39.3488 -7.05339 -9.91821e-05
      vertex 38.7087 -7.18071 -9.91821e-05
    endloop
  endfacet
  facet normal -0.321463 -0.946922 0
    outer loop
      vertex 38.0907 -16.6095 -9.91821e-05
      vertex 38.7087 -16.8193 0
      vertex 38.0907 -16.6095 0
    endloop
  endfacet
  facet normal -0.321463 -0.946922 -0
    outer loop
      vertex 38.7087 -16.8193 0
      vertex 38.0907 -16.6095 -9.91821e-05
      vertex 38.7087 -16.8193 -9.91821e-05
    endloop
  endfacet
  facet normal -0.321463 -0.946922 0
    outer loop
      vertex 38.0907 -16.6095 -3.3272
      vertex 38.7087 -16.8193 -1.5001
      vertex 38.0907 -16.6095 -1.5001
    endloop
  endfacet
  facet normal -0.321463 -0.946922 -0
    outer loop
      vertex 38.7087 -16.8193 -1.5001
      vertex 38.0907 -16.6095 -3.3272
      vertex 38.7087 -16.8193 -3.3272
    endloop
  endfacet
  facet normal -0.195055 -0.980792 0
    outer loop
      vertex 38.7087 -16.8193 -9.91821e-05
      vertex 39.3488 -16.9466 0
      vertex 38.7087 -16.8193 0
    endloop
  endfacet
  facet normal -0.195055 -0.980792 -0
    outer loop
      vertex 39.3488 -16.9466 0
      vertex 38.7087 -16.8193 -9.91821e-05
      vertex 39.3488 -16.9466 -9.91821e-05
    endloop
  endfacet
  facet normal -0.195055 -0.980792 0
    outer loop
      vertex 38.7087 -16.8193 -3.3272
      vertex 39.3488 -16.9466 -1.5001
      vertex 38.7087 -16.8193 -1.5001
    endloop
  endfacet
  facet normal -0.195055 -0.980792 -0
    outer loop
      vertex 39.3488 -16.9466 -1.5001
      vertex 38.7087 -16.8193 -3.3272
      vertex 39.3488 -16.9466 -3.3272
    endloop
  endfacet
  facet normal 0.0519931 -0.792329 -0.607875
    outer loop
      vertex 40 -15.7592 -6.2969
      vertex 40.4907 -15.727 -6.2969
      vertex 40 -16.1573 -5.778
    endloop
  endfacet
  facet normal -0.0519931 -0.792329 -0.607875
    outer loop
      vertex 40 -15.7592 -6.2969
      vertex 40 -16.1573 -5.778
      vertex 39.5093 -15.727 -6.2969
    endloop
  endfacet
  facet normal -0.441236 -0.660102 -0.607927
    outer loop
      vertex 38.1204 -15.2556 -6.2969
      vertex 37.9213 -15.6004 -5.778
      vertex 37.4692 -15.2982 -5.778
    endloop
  endfacet
  facet normal -0.154839 -0.778718 -0.607967
    outer loop
      vertex 39.5093 -15.727 -6.2969
      vertex 39.4574 -16.1218 -5.778
      vertex 39.027 -15.6311 -6.2969
    endloop
  endfacet
  facet normal 0.154839 -0.778718 -0.607967
    outer loop
      vertex 40.973 -15.6311 -6.2969
      vertex 40.5426 -16.1218 -5.778
      vertex 40.4907 -15.727 -6.2969
    endloop
  endfacet
  facet normal 0.1549 -0.778733 -0.607931
    outer loop
      vertex 40.973 -15.6311 -6.2969
      vertex 41.076 -16.0157 -5.778
      vertex 40.5426 -16.1218 -5.778
    endloop
  endfacet
  facet normal 0.481427 -0.720441 -0.499192
    outer loop
      vertex 42.7299 -15.5577 -5.2116
      vertex 42.2422 -15.8836 -5.2116
      vertex 42.0787 -15.6004 -5.778
    endloop
  endfacet
  facet normal 0.310545 -0.91479 -0.258303
    outer loop
      vertex 41.8119 -16.3742 -4.6073
      vertex 41.2692 -16.7368 -3.9756
      vertex 41.2254 -16.5733 -4.6073
    endloop
  endfacet
  facet normal 0.651443 -0.571379 -0.499147
    outer loop
      vertex 43.5577 -14.7299 -5.2116
      vertex 43.1709 -15.1709 -5.2116
      vertex 42.9397 -14.9397 -5.778
    endloop
  endfacet
  facet normal 0.694862 -0.609347 -0.38192
    outer loop
      vertex 43.5577 -14.7299 -5.2116
      vertex 43.7562 -14.8823 -4.6073
      vertex 43.3479 -15.3479 -4.6073
    endloop
  endfacet
  facet normal 0.824387 -0.550807 -0.130375
    outer loop
      vertex 44.3209 -14.4946 -3.3272
      vertex 43.9583 -15.0373 -3.3272
      vertex 43.8905 -14.9853 -3.9756
    endloop
  endfacet
  facet normal 0.980792 -0.195055 0
    outer loop
      vertex 44.8193 -13.2913 -1.5001
      vertex 44.9466 -12.6512 -3.3272
      vertex 44.9466 -12.6512 -1.5001
    endloop
  endfacet
  facet normal 0.980792 -0.195055 0
    outer loop
      vertex 44.9466 -12.6512 -3.3272
      vertex 44.8193 -13.2913 -1.5001
      vertex 44.8193 -13.2913 -3.3272
    endloop
  endfacet
  facet normal 0.980792 -0.195055 0
    outer loop
      vertex 44.8193 -13.2913 0
      vertex 44.9466 -12.6512 -9.91821e-05
      vertex 44.9466 -12.6512 0
    endloop
  endfacet
  facet normal 0.980792 -0.195055 0
    outer loop
      vertex 44.9466 -12.6512 -9.91821e-05
      vertex 44.8193 -13.2913 0
      vertex 44.8193 -13.2913 -9.91821e-05
    endloop
  endfacet
  facet normal 0.980792 0.195055 0
    outer loop
      vertex 44.9466 -11.3488 0
      vertex 44.8193 -10.7087 -9.91821e-05
      vertex 44.8193 -10.7087 0
    endloop
  endfacet
  facet normal 0.980792 0.195055 0
    outer loop
      vertex 44.8193 -10.7087 -9.91821e-05
      vertex 44.9466 -11.3488 0
      vertex 44.9466 -11.3488 -9.91821e-05
    endloop
  endfacet
  facet normal 0.980774 0.195149 0
    outer loop
      vertex 44.8193 -10.7087 -1.5001
      vertex 44.862 -10.9233 -2.4613
      vertex 44.8193 -10.7087 -2.4613
    endloop
  endfacet
  facet normal 0.980792 0.195055 2.18232e-05
    outer loop
      vertex 44.9466 -11.3488 -1.5001
      vertex 44.862 -10.9233 -2.4613
      vertex 44.8193 -10.7087 -1.5001
    endloop
  endfacet
  facet normal 0.980802 0.195008 0
    outer loop
      vertex 44.9466 -11.3488 -1.5001
      vertex 44.9466 -11.3488 -2.6731
      vertex 44.862 -10.9233 -2.4613
    endloop
  endfacet
  facet normal 0.91479 -0.310545 -0.258303
    outer loop
      vertex 44.5733 -13.2254 -4.6073
      vertex 44.7368 -13.2692 -3.9756
      vertex 44.3742 -13.8119 -4.6073
    endloop
  endfacet
  facet normal 0.768439 -0.513501 -0.381863
    outer loop
      vertex 43.8836 -14.2422 -5.2116
      vertex 44.1003 -14.3673 -4.6073
      vertex 43.5577 -14.7299 -5.2116
    endloop
  endfacet
  facet normal 0.726346 -0.636957 -0.258279
    outer loop
      vertex 43.7562 -14.8823 -4.6073
      vertex 43.8905 -14.9853 -3.9756
      vertex 43.3479 -15.3479 -4.6073
    endloop
  endfacet
  facet normal 0.803265 -0.536706 -0.258286
    outer loop
      vertex 44.1003 -14.3673 -4.6073
      vertex 43.8905 -14.9853 -3.9756
      vertex 43.7562 -14.8823 -4.6073
    endloop
  endfacet
  facet normal 0.828902 -0.40878 -0.381865
    outer loop
      vertex 44.3742 -13.8119 -4.6073
      vertex 44.1003 -14.3673 -4.6073
      vertex 43.8836 -14.2422 -5.2116
    endloop
  endfacet
  facet normal 0.972428 -0.193392 -0.13032
    outer loop
      vertex 44.9466 -12.6512 -3.3272
      vertex 44.8193 -13.2913 -3.3272
      vertex 44.7368 -13.2692 -3.9756
    endloop
  endfacet
  facet normal 0.318724 -0.938853 -0.130268
    outer loop
      vertex 41.8767 -16.5306 -3.9756
      vertex 41.9093 -16.6095 -3.3272
      vertex 41.2913 -16.8193 -3.3272
    endloop
  endfacet
  facet normal 0.193392 -0.972428 -0.13032
    outer loop
      vertex 41.2692 -16.7368 -3.9756
      vertex 41.2913 -16.8193 -3.3272
      vertex 40.6512 -16.9466 -3.3272
    endloop
  endfacet
  facet normal 0.318673 -0.938863 -0.130319
    outer loop
      vertex 41.8767 -16.5306 -3.9756
      vertex 41.2913 -16.8193 -3.3272
      vertex 41.2692 -16.7368 -3.9756
    endloop
  endfacet
  facet normal 0.188441 -0.947507 -0.258305
    outer loop
      vertex 41.2254 -16.5733 -4.6073
      vertex 41.2692 -16.7368 -3.9756
      vertex 40.618 -16.6941 -4.6073
    endloop
  endfacet
  facet normal 0.442242 -0.896896 0
    outer loop
      vertex 41.9093 -16.6095 -3.3272
      vertex 42.4946 -16.3209 -1.5001
      vertex 41.9093 -16.6095 -1.5001
    endloop
  endfacet
  facet normal 0.442242 -0.896896 0
    outer loop
      vertex 42.4946 -16.3209 -1.5001
      vertex 41.9093 -16.6095 -3.3272
      vertex 42.4946 -16.3209 -3.3272
    endloop
  endfacet
  facet normal 0.442242 -0.896896 0
    outer loop
      vertex 41.9093 -16.6095 -9.91821e-05
      vertex 42.4946 -16.3209 0
      vertex 41.9093 -16.6095 0
    endloop
  endfacet
  facet normal 0.442242 -0.896896 0
    outer loop
      vertex 42.4946 -16.3209 0
      vertex 41.9093 -16.6095 -9.91821e-05
      vertex 42.4946 -16.3209 -9.91821e-05
    endloop
  endfacet
  facet normal -0.803196 -0.536769 -0.258371
    outer loop
      vertex 35.8997 -14.3673 -4.6073
      vertex 36.1095 -14.9853 -3.9756
      vertex 35.7531 -14.452 -3.9756
    endloop
  endfacet
  facet normal -0.824341 -0.5509 -0.130274
    outer loop
      vertex 35.7531 -14.452 -3.9756
      vertex 36.1095 -14.9853 -3.9756
      vertex 35.6791 -14.4946 -3.3272
    endloop
  endfacet
  facet normal -0.91479 -0.310545 -0.258303
    outer loop
      vertex 35.4267 -13.2254 -4.6073
      vertex 35.6258 -13.8119 -4.6073
      vertex 35.2632 -13.2692 -3.9756
    endloop
  endfacet
  facet normal -0.997857 -0.0654307 0
    outer loop
      vertex 35.0534 -12.6512 -3.3272
      vertex 35.0107 -12 -2.6731
      vertex 35.0107 -12 -3.3272
    endloop
  endfacet
  facet normal -0.997857 -0.0654307 -0
    outer loop
      vertex 35.0534 -12.6512 -1.5001
      vertex 35.0107 -12 -2.6731
      vertex 35.0534 -12.6512 -3.3272
    endloop
  endfacet
  facet normal -0.997857 -0.0654307 0
    outer loop
      vertex 35.0107 -12 -2.6731
      vertex 35.0534 -12.6512 -1.5001
      vertex 35.0107 -12 -1.5001
    endloop
  endfacet
  facet normal -0.997857 -0.0654307 0
    outer loop
      vertex 35.0534 -12.6512 -9.91821e-05
      vertex 35.0107 -12 0
      vertex 35.0107 -12 -9.91821e-05
    endloop
  endfacet
  facet normal -0.997857 -0.0654307 0
    outer loop
      vertex 35.0107 -12 0
      vertex 35.0534 -12.6512 -9.91821e-05
      vertex 35.0534 -12.6512 0
    endloop
  endfacet
  facet normal -0.321436 0.946931 0
    outer loop
      vertex 38.7087 -7.18071 -9.91821e-05
      vertex 38.0907 -7.39049 0
      vertex 38.7087 -7.18071 0
    endloop
  endfacet
  facet normal -0.321436 0.946931 0
    outer loop
      vertex 38.0907 -7.39049 0
      vertex 38.7087 -7.18071 -9.91821e-05
      vertex 38.0907 -7.39049 -9.91821e-05
    endloop
  endfacet
  facet normal -0.0654307 -0.997857 0
    outer loop
      vertex 39.3488 -16.9466 -9.91821e-05
      vertex 40 -16.9893 0
      vertex 39.3488 -16.9466 0
    endloop
  endfacet
  facet normal -0.0654307 -0.997857 -0
    outer loop
      vertex 40 -16.9893 0
      vertex 39.3488 -16.9466 -9.91821e-05
      vertex 40 -16.9893 -9.91821e-05
    endloop
  endfacet
  facet normal -0.0654307 -0.997857 0
    outer loop
      vertex 39.3488 -16.9466 -3.3272
      vertex 40 -16.9893 -1.5001
      vertex 39.3488 -16.9466 -1.5001
    endloop
  endfacet
  facet normal -0.0654307 -0.997857 -0
    outer loop
      vertex 40 -16.9893 -1.5001
      vertex 39.3488 -16.9466 -3.3272
      vertex 40 -16.9893 -3.3272
    endloop
  endfacet
  facet normal -0.383196 -0.777176 -0.499157
    outer loop
      vertex 38.409 -15.8409 -5.778
      vertex 38.2839 -16.143 -5.2116
      vertex 37.7578 -15.8836 -5.2116
    endloop
  endfacet
  facet normal -0.38323 -0.777136 -0.499193
    outer loop
      vertex 37.9213 -15.6004 -5.778
      vertex 38.409 -15.8409 -5.778
      vertex 37.7578 -15.8836 -5.2116
    endloop
  endfacet
  facet normal 0.72637 -0.63691 -0.258326
    outer loop
      vertex 43.8905 -14.9853 -3.9756
      vertex 43.4676 -15.4676 -3.9756
      vertex 43.3479 -15.3479 -4.6073
    endloop
  endfacet
  facet normal 0.63691 -0.72637 -0.258326
    outer loop
      vertex 43.3479 -15.3479 -4.6073
      vertex 43.4676 -15.4676 -3.9756
      vertex 42.9853 -15.8905 -3.9756
    endloop
  endfacet
  facet normal 0.824341 -0.5509 -0.130274
    outer loop
      vertex 44.2469 -14.452 -3.9756
      vertex 44.3209 -14.4946 -3.3272
      vertex 43.8905 -14.9853 -3.9756
    endloop
  endfacet
  facet normal 0.745477 -0.653664 -0.130333
    outer loop
      vertex 43.8905 -14.9853 -3.9756
      vertex 43.528 -15.528 -3.3272
      vertex 43.4676 -15.4676 -3.9756
    endloop
  endfacet
  facet normal 0.653664 -0.745477 -0.130333
    outer loop
      vertex 43.4676 -15.4676 -3.9756
      vertex 43.528 -15.528 -3.3272
      vertex 42.9853 -15.8905 -3.9756
    endloop
  endfacet
  facet normal 0.831484 -0.555548 0
    outer loop
      vertex 43.9583 -15.0373 0
      vertex 44.3209 -14.4946 -9.91821e-05
      vertex 44.3209 -14.4946 0
    endloop
  endfacet
  facet normal 0.831484 -0.555548 0
    outer loop
      vertex 44.3209 -14.4946 -9.91821e-05
      vertex 43.9583 -15.0373 0
      vertex 43.9583 -15.0373 -9.91821e-05
    endloop
  endfacet
  facet normal 0.831484 -0.555548 0
    outer loop
      vertex 43.9583 -15.0373 -1.5001
      vertex 44.3209 -14.4946 -3.3272
      vertex 44.3209 -14.4946 -1.5001
    endloop
  endfacet
  facet normal 0.831484 -0.555548 0
    outer loop
      vertex 44.3209 -14.4946 -3.3272
      vertex 43.9583 -15.0373 -1.5001
      vertex 43.9583 -15.0373 -3.3272
    endloop
  endfacet
  facet normal 0.896896 -0.442242 0
    outer loop
      vertex 44.3209 -14.4946 0
      vertex 44.6095 -13.9093 -9.91821e-05
      vertex 44.6095 -13.9093 0
    endloop
  endfacet
  facet normal 0.896896 -0.442242 0
    outer loop
      vertex 44.6095 -13.9093 -9.91821e-05
      vertex 44.3209 -14.4946 0
      vertex 44.3209 -14.4946 -9.91821e-05
    endloop
  endfacet
  facet normal 0.896896 -0.442242 0
    outer loop
      vertex 44.3209 -14.4946 -1.5001
      vertex 44.6095 -13.9093 -3.3272
      vertex 44.6095 -13.9093 -1.5001
    endloop
  endfacet
  facet normal 0.896896 -0.442242 0
    outer loop
      vertex 44.6095 -13.9093 -3.3272
      vertex 44.3209 -14.4946 -1.5001
      vertex 44.3209 -14.4946 -3.3272
    endloop
  endfacet
  facet normal 0.938853 -0.318724 -0.130268
    outer loop
      vertex 44.8193 -13.2913 -3.3272
      vertex 44.6095 -13.9093 -3.3272
      vertex 44.5306 -13.8767 -3.9756
    endloop
  endfacet
  facet normal 0.889231 -0.43851 -0.130296
    outer loop
      vertex 44.5306 -13.8767 -3.9756
      vertex 44.3209 -14.4946 -3.3272
      vertex 44.2469 -14.452 -3.9756
    endloop
  endfacet
  facet normal 0.310503 -0.914794 -0.258342
    outer loop
      vertex 41.8119 -16.3742 -4.6073
      vertex 41.8767 -16.5306 -3.9756
      vertex 41.2692 -16.7368 -3.9756
    endloop
  endfacet
  facet normal 0.29709 -0.875155 -0.381891
    outer loop
      vertex 41.8119 -16.3742 -4.6073
      vertex 41.2254 -16.5733 -4.6073
      vertex 41.1606 -16.3316 -5.2116
    endloop
  endfacet
  facet normal 0.180253 -0.906462 -0.381884
    outer loop
      vertex 41.1606 -16.3316 -5.2116
      vertex 41.2254 -16.5733 -4.6073
      vertex 40.5853 -16.446 -5.2116
    endloop
  endfacet
  facet normal 0.168992 -0.849835 -0.499222
    outer loop
      vertex 41.076 -16.0157 -5.778
      vertex 41.1606 -16.3316 -5.2116
      vertex 40.5853 -16.446 -5.2116
    endloop
  endfacet
  facet normal 0.5509 -0.824341 -0.130274
    outer loop
      vertex 42.9853 -15.8905 -3.9756
      vertex 42.4946 -16.3209 -3.3272
      vertex 42.452 -16.2469 -3.9756
    endloop
  endfacet
  facet normal 0.278564 -0.820479 -0.499216
    outer loop
      vertex 41.7161 -16.143 -5.2116
      vertex 41.1606 -16.3316 -5.2116
      vertex 41.076 -16.0157 -5.778
    endloop
  endfacet
  facet normal 0.653691 -0.745447 -0.130372
    outer loop
      vertex 43.528 -15.528 -3.3272
      vertex 43.0373 -15.9583 -3.3272
      vertex 42.9853 -15.8905 -3.9756
    endloop
  endfacet
  facet normal 0.555548 -0.831484 0
    outer loop
      vertex 42.4946 -16.3209 -9.91821e-05
      vertex 43.0373 -15.9583 0
      vertex 42.4946 -16.3209 0
    endloop
  endfacet
  facet normal 0.555548 -0.831484 0
    outer loop
      vertex 43.0373 -15.9583 0
      vertex 42.4946 -16.3209 -9.91821e-05
      vertex 43.0373 -15.9583 -9.91821e-05
    endloop
  endfacet
  facet normal 0.555548 -0.831484 0
    outer loop
      vertex 42.4946 -16.3209 -3.3272
      vertex 43.0373 -15.9583 -1.5001
      vertex 42.4946 -16.3209 -1.5001
    endloop
  endfacet
  facet normal 0.555548 -0.831484 0
    outer loop
      vertex 43.0373 -15.9583 -1.5001
      vertex 42.4946 -16.3209 -3.3272
      vertex 43.0373 -15.9583 -3.3272
    endloop
  endfacet
  facet normal -0.555538 0.831491 0
    outer loop
      vertex 37.5054 -7.67914 -9.91821e-05
      vertex 36.9627 -8.04173 0
      vertex 37.5054 -7.67914 0
    endloop
  endfacet
  facet normal -0.555538 0.831491 0
    outer loop
      vertex 36.9627 -8.04173 0
      vertex 37.5054 -7.67914 -9.91821e-05
      vertex 36.9627 -8.04173 -9.91821e-05
    endloop
  endfacet
  facet normal -0.72629 -0.637064 -0.25817
    outer loop
      vertex 36.2437 -14.8823 -4.6073
      vertex 36.6521 -15.3479 -4.6073
      vertex 36.1095 -14.9853 -3.9756
    endloop
  endfacet
  facet normal -0.803364 -0.536616 -0.258165
    outer loop
      vertex 36.2437 -14.8823 -4.6073
      vertex 36.1095 -14.9853 -3.9756
      vertex 35.8997 -14.3673 -4.6073
    endloop
  endfacet
  facet normal -0.745447 -0.653691 -0.130372
    outer loop
      vertex 36.1095 -14.9853 -3.9756
      vertex 36.472 -15.528 -3.3272
      vertex 36.0417 -15.0373 -3.3272
    endloop
  endfacet
  facet normal -0.751864 -0.659318 0
    outer loop
      vertex 36.472 -15.528 -3.3272
      vertex 36.0417 -15.0373 -1.5001
      vertex 36.0417 -15.0373 -3.3272
    endloop
  endfacet
  facet normal -0.751864 -0.659318 0
    outer loop
      vertex 36.0417 -15.0373 -1.5001
      vertex 36.472 -15.528 -3.3272
      vertex 36.472 -15.528 -1.5001
    endloop
  endfacet
  facet normal -0.751864 -0.659318 0
    outer loop
      vertex 36.472 -15.528 -9.91821e-05
      vertex 36.0417 -15.0373 0
      vertex 36.0417 -15.0373 -9.91821e-05
    endloop
  endfacet
  facet normal -0.751864 -0.659318 0
    outer loop
      vertex 36.0417 -15.0373 0
      vertex 36.472 -15.528 -9.91821e-05
      vertex 36.472 -15.528 0
    endloop
  endfacet
  facet normal -0.889231 -0.43851 -0.130296
    outer loop
      vertex 35.7531 -14.452 -3.9756
      vertex 35.6791 -14.4946 -3.3272
      vertex 35.4694 -13.8767 -3.9756
    endloop
  endfacet
  facet normal -0.866426 -0.427264 -0.258362
    outer loop
      vertex 35.8997 -14.3673 -4.6073
      vertex 35.7531 -14.452 -3.9756
      vertex 35.4694 -13.8767 -3.9756
    endloop
  endfacet
  facet normal -0.351052 -0.712115 -0.607993
    outer loop
      vertex 38.5614 -15.473 -6.2969
      vertex 38.409 -15.8409 -5.778
      vertex 38.1204 -15.2556 -6.2969
    endloop
  endfacet
  facet normal 0.571199 -0.651502 -0.499277
    outer loop
      vertex 42.9397 -14.9397 -5.778
      vertex 42.7299 -15.5577 -5.2116
      vertex 42.5308 -15.2982 -5.778
    endloop
  endfacet
  facet normal 0.972419 -0.193525 -0.130189
    outer loop
      vertex 44.862 -12.6401 -3.9756
      vertex 44.9466 -12.6512 -3.3272
      vertex 44.7368 -13.2692 -3.9756
    endloop
  endfacet
  facet normal 0.828911 -0.408704 -0.381926
    outer loop
      vertex 44.143 -13.7161 -5.2116
      vertex 44.3742 -13.8119 -4.6073
      vertex 43.8836 -14.2422 -5.2116
    endloop
  endfacet
  facet normal 0.637064 -0.72629 -0.25817
    outer loop
      vertex 43.3479 -15.3479 -4.6073
      vertex 42.9853 -15.8905 -3.9756
      vertex 42.8823 -15.7563 -4.6073
    endloop
  endfacet
  facet normal 0.694782 -0.609392 -0.381994
    outer loop
      vertex 43.5577 -14.7299 -5.2116
      vertex 43.3479 -15.3479 -4.6073
      vertex 43.1709 -15.1709 -5.2116
    endloop
  endfacet
  facet normal 0.938863 -0.318673 -0.130319
    outer loop
      vertex 44.7368 -13.2692 -3.9756
      vertex 44.8193 -13.2913 -3.3272
      vertex 44.5306 -13.8767 -3.9756
    endloop
  endfacet
  facet normal 0.946922 -0.321463 0
    outer loop
      vertex 44.6095 -13.9093 -1.5001
      vertex 44.8193 -13.2913 -3.3272
      vertex 44.8193 -13.2913 -1.5001
    endloop
  endfacet
  facet normal 0.946922 -0.321463 0
    outer loop
      vertex 44.8193 -13.2913 -3.3272
      vertex 44.6095 -13.9093 -1.5001
      vertex 44.6095 -13.9093 -3.3272
    endloop
  endfacet
  facet normal 0.946922 -0.321463 0
    outer loop
      vertex 44.6095 -13.9093 0
      vertex 44.8193 -13.2913 -9.91821e-05
      vertex 44.8193 -13.2913 0
    endloop
  endfacet
  facet normal 0.946922 -0.321463 0
    outer loop
      vertex 44.8193 -13.2913 -9.91821e-05
      vertex 44.6095 -13.9093 0
      vertex 44.6095 -13.9093 -9.91821e-05
    endloop
  endfacet
  facet normal 0.43851 -0.889231 -0.130296
    outer loop
      vertex 42.452 -16.2469 -3.9756
      vertex 42.4946 -16.3209 -3.3272
      vertex 41.8767 -16.5306 -3.9756
    endloop
  endfacet
  facet normal 0.438474 -0.889255 -0.130254
    outer loop
      vertex 42.4946 -16.3209 -3.3272
      vertex 41.9093 -16.6095 -3.3272
      vertex 41.8767 -16.5306 -3.9756
    endloop
  endfacet
  facet normal 0.278503 -0.820534 -0.49916
    outer loop
      vertex 41.591 -15.8409 -5.778
      vertex 41.7161 -16.143 -5.2116
      vertex 41.076 -16.0157 -5.778
    endloop
  endfacet
  facet normal 0.513318 -0.768485 -0.382014
    outer loop
      vertex 42.7299 -15.5577 -5.2116
      vertex 42.8823 -15.7563 -4.6073
      vertex 42.3673 -16.1003 -4.6073
    endloop
  endfacet
  facet normal 0.659318 -0.751864 0
    outer loop
      vertex 43.0373 -15.9583 -9.91821e-05
      vertex 43.528 -15.528 0
      vertex 43.0373 -15.9583 0
    endloop
  endfacet
  facet normal 0.659318 -0.751864 0
    outer loop
      vertex 43.528 -15.528 0
      vertex 43.0373 -15.9583 -9.91821e-05
      vertex 43.528 -15.528 -9.91821e-05
    endloop
  endfacet
  facet normal 0.659318 -0.751864 0
    outer loop
      vertex 43.0373 -15.9583 -3.3272
      vertex 43.528 -15.528 -1.5001
      vertex 43.0373 -15.9583 -1.5001
    endloop
  endfacet
  facet normal 0.659318 -0.751864 0
    outer loop
      vertex 43.528 -15.528 -1.5001
      vertex 43.0373 -15.9583 -3.3272
      vertex 43.528 -15.528 -3.3272
    endloop
  endfacet
  facet normal 0.609392 -0.694782 -0.381994
    outer loop
      vertex 43.1709 -15.1709 -5.2116
      vertex 43.3479 -15.3479 -4.6073
      vertex 42.7299 -15.5577 -5.2116
    endloop
  endfacet
  facet normal 0.571379 -0.651443 -0.499147
    outer loop
      vertex 42.9397 -14.9397 -5.778
      vertex 43.1709 -15.1709 -5.2116
      vertex 42.7299 -15.5577 -5.2116
    endloop
  endfacet
  facet normal 0.441236 -0.660102 -0.607927
    outer loop
      vertex 42.5308 -15.2982 -5.778
      vertex 42.0787 -15.6004 -5.778
      vertex 41.8796 -15.2556 -6.2969
    endloop
  endfacet
  facet normal 0.441143 -0.660261 -0.607823
    outer loop
      vertex 42.2885 -14.9824 -6.2969
      vertex 42.5308 -15.2982 -5.778
      vertex 41.8796 -15.2556 -6.2969
    endloop
  endfacet
  facet normal 0.651502 -0.571199 -0.499277
    outer loop
      vertex 43.2982 -14.5308 -5.778
      vertex 43.5577 -14.7299 -5.2116
      vertex 42.9397 -14.9397 -5.778
    endloop
  endfacet
  facet normal 0.997857 -0.0654307 0
    outer loop
      vertex 44.9466 -12.6512 -1.5001
      vertex 44.9893 -12 -2.6731
      vertex 44.9893 -12 -1.5001
    endloop
  endfacet
  facet normal 0.997857 -0.0654307 0
    outer loop
      vertex 44.9466 -12.6512 -3.3272
      vertex 44.9893 -12 -2.6731
      vertex 44.9466 -12.6512 -1.5001
    endloop
  endfacet
  facet normal 0.997857 -0.0654307 0
    outer loop
      vertex 44.9893 -12 -2.6731
      vertex 44.9466 -12.6512 -3.3272
      vertex 44.9893 -12 -3.3272
    endloop
  endfacet
  facet normal 0.997857 -0.0654307 0
    outer loop
      vertex 44.9466 -12.6512 0
      vertex 44.9893 -12 -9.91821e-05
      vertex 44.9893 -12 0
    endloop
  endfacet
  facet normal 0.997857 -0.0654307 0
    outer loop
      vertex 44.9893 -12 -9.91821e-05
      vertex 44.9466 -12.6512 0
      vertex 44.9466 -12.6512 -9.91821e-05
    endloop
  endfacet
  facet normal 0.408704 -0.828911 -0.381926
    outer loop
      vertex 42.2422 -15.8836 -5.2116
      vertex 41.8119 -16.3742 -4.6073
      vertex 41.7161 -16.143 -5.2116
    endloop
  endfacet
  facet normal 0.609405 -0.694758 -0.382016
    outer loop
      vertex 43.3479 -15.3479 -4.6073
      vertex 42.8823 -15.7563 -4.6073
      vertex 42.7299 -15.5577 -5.2116
    endloop
  endfacet
  facet normal 0.866426 -0.427264 -0.258362
    outer loop
      vertex 44.5306 -13.8767 -3.9756
      vertex 44.2469 -14.452 -3.9756
      vertex 44.1003 -14.3673 -4.6073
    endloop
  endfacet
  facet normal 0.866422 -0.427283 -0.258345
    outer loop
      vertex 44.3742 -13.8119 -4.6073
      vertex 44.5306 -13.8767 -3.9756
      vertex 44.1003 -14.3673 -4.6073
    endloop
  endfacet
  facet normal 0.40878 -0.828902 -0.381865
    outer loop
      vertex 42.2422 -15.8836 -5.2116
      vertex 42.3673 -16.1003 -4.6073
      vertex 41.8119 -16.3742 -4.6073
    endloop
  endfacet
  facet normal 0.513501 -0.768439 -0.381863
    outer loop
      vertex 42.7299 -15.5577 -5.2116
      vertex 42.3673 -16.1003 -4.6073
      vertex 42.2422 -15.8836 -5.2116
    endloop
  endfacet
  facet normal 0.383196 -0.777176 -0.499157
    outer loop
      vertex 42.2422 -15.8836 -5.2116
      vertex 41.7161 -16.143 -5.2116
      vertex 41.591 -15.8409 -5.778
    endloop
  endfacet
  facet normal 0.38323 -0.777136 -0.499193
    outer loop
      vertex 42.0787 -15.6004 -5.778
      vertex 42.2422 -15.8836 -5.2116
      vertex 41.591 -15.8409 -5.778
    endloop
  endfacet
  facet normal 0.536769 -0.803196 -0.258371
    outer loop
      vertex 42.9853 -15.8905 -3.9756
      vertex 42.452 -16.2469 -3.9756
      vertex 42.3673 -16.1003 -4.6073
    endloop
  endfacet
  facet normal 0.427264 -0.866426 -0.258362
    outer loop
      vertex 42.3673 -16.1003 -4.6073
      vertex 42.452 -16.2469 -3.9756
      vertex 41.8767 -16.5306 -3.9756
    endloop
  endfacet
  facet normal 0.526909 -0.600985 -0.600986
    outer loop
      vertex 42.9397 -4.02349 -16.6942
      vertex 42.9397 -14.9397 -5.778
      vertex 42.5308 -15.2982 -5.778
    endloop
  endfacet
  facet normal 0.526899 -0.600989 -0.600991
    outer loop
      vertex 42.5308 -4.29668 -16.7795
      vertex 42.9397 -4.02349 -16.6942
      vertex 42.5308 -15.2982 -5.778
    endloop
  endfacet
  facet normal -0.7268 -0.485675 -0.485677
    outer loop
      vertex 36.1164 -3.12247 -16.3313
      vertex 36.4423 -3.49407 -16.4474
      vertex 36.1164 -14.2422 -5.2116
    endloop
  endfacet
  facet normal -0.726799 -0.485675 -0.485677
    outer loop
      vertex 36.4423 -3.49407 -16.4474
      vertex 36.4423 -14.7299 -5.2116
      vertex 36.1164 -14.2422 -5.2116
    endloop
  endfacet
  facet normal 0.233471 -0.687564 -0.687566
    outer loop
      vertex 41.2913 -4.81929 -17.0006
      vertex 41.4386 -15.473 -6.2969
      vertex 40.973 -15.6311 -6.2969
    endloop
  endfacet
  facet normal 0.23335 -0.687586 -0.687586
    outer loop
      vertex 41.4386 -4.7693 -17.0006
      vertex 41.4386 -15.473 -6.2969
      vertex 41.2913 -4.81929 -17.0006
    endloop
  endfacet
  facet normal 0.233363 -0.687581 -0.687586
    outer loop
      vertex 40.973 -4.88262 -17.0453
      vertex 41.2913 -4.81929 -17.0006
      vertex 40.973 -15.6311 -6.2969
    endloop
  endfacet
  facet normal 0.995728 0.0652911 0.0652911
    outer loop
      vertex 44.9466 -11.3488 -2.6731
      vertex 44.9893 0 -14.6731
      vertex 44.9466 0 -14.0219
    endloop
  endfacet
  facet normal 0.995728 0.0652911 0.0652911
    outer loop
      vertex 44.9893 0 -14.6731
      vertex 44.9466 -11.3488 -2.6731
      vertex 44.9893 -12 -2.6731
    endloop
  endfacet
  facet normal 0.820288 0.40443 0.404431
    outer loop
      vertex 43.9565 -8.74838 -1.946
      vertex 43.8836 0 -10.5465
      vertex 43.8836 -8.60052 -1.946
    endloop
  endfacet
  facet normal 0.820522 0.403957 0.404429
    outer loop
      vertex 43.9581 -8.94736 -1.7504
      vertex 43.8836 -8.8518 -1.6947
      vertex 43.8836 -8.87753 -1.669
    endloop
  endfacet
  facet normal 0.820401 0.406379 0.402241
    outer loop
      vertex 43.9583 -8.96271 -1.7353
      vertex 43.9581 -8.94736 -1.7504
      vertex 43.8836 -8.87753 -1.669
    endloop
  endfacet
  facet normal 0.820329 0.404389 0.404389
    outer loop
      vertex 43.9565 -8.74838 -1.946
      vertex 44.1396 -9.11981 -1.946
      vertex 43.8836 0 -10.5465
    endloop
  endfacet
  facet normal 0.820427 0.406353 0.402215
    outer loop
      vertex 43.9583 -8.96271 -1.7353
      vertex 44.016 -9.0215 -1.7936
      vertex 43.9581 -8.94736 -1.7504
    endloop
  endfacet
  facet normal 0.820426 0.404815 0.403765
    outer loop
      vertex 44.143 -9.23919 -1.8334
      vertex 44.016 -9.0215 -1.7936
      vertex 43.9583 -8.96271 -1.7353
    endloop
  endfacet
  facet normal 0.820361 0.404739 0.403974
    outer loop
      vertex 44.143 -9.23919 -1.8334
      vertex 44.1419 -9.20023 -1.8702
      vertex 44.016 -9.0215 -1.7936
    endloop
  endfacet
  facet normal 0.820274 0.404442 0.404446
    outer loop
      vertex 44.1396 -9.11981 -1.946
      vertex 44.143 0 -11.0726
      vertex 43.8836 0 -10.5465
    endloop
  endfacet
  facet normal 0.816496 0.408248 0.408249
    outer loop
      vertex 44.143 -9.12661 -1.946
      vertex 44.143 0 -11.0726
      vertex 44.1396 -9.11981 -1.946
    endloop
  endfacet
  facet normal 0.810151 0.414465 0.414576
    outer loop
      vertex 44.143 -9.23919 -1.8334
      vertex 44.143 -9.20178 -1.8708
      vertex 44.1419 -9.20023 -1.8702
    endloop
  endfacet
  facet normal 0.962594 0.191589 0.191591
    outer loop
      vertex 44.8193 -10.7087 -2.4613
      vertex 44.7368 0 -12.7554
      vertex 44.7368 -10.4658 -2.2897
    endloop
  endfacet
  facet normal 0.962612 0.191543 0.191543
    outer loop
      vertex 44.8193 -10.7087 -2.4613
      vertex 44.862 0 -13.3846
      vertex 44.7368 0 -12.7554
    endloop
  endfacet
  facet normal 0.962615 0.191536 0.191536
    outer loop
      vertex 44.862 -10.9233 -2.4613
      vertex 44.862 0 -13.3846
      vertex 44.8193 -10.7087 -2.4613
    endloop
  endfacet
  facet normal -0.329158 -0.667703 -0.667703
    outer loop
      vertex 38.5614 -4.7693 -17.0006
      vertex 38.5614 -15.473 -6.2969
      vertex 38.1204 -15.2556 -6.2969
    endloop
  endfacet
  facet normal -0.329292 -0.667667 -0.667673
    outer loop
      vertex 38.1204 -4.6196 -16.9328
      vertex 38.5614 -4.7693 -17.0006
      vertex 38.1204 -15.2556 -6.2969
    endloop
  endfacet
  facet normal 0.7268 -0.485675 -0.485677
    outer loop
      vertex 43.8836 -3.12247 -16.3313
      vertex 43.8836 -14.2422 -5.2116
      vertex 43.5577 -3.49407 -16.4474
    endloop
  endfacet
  facet normal 0.726799 -0.485675 -0.485677
    outer loop
      vertex 43.5577 -3.49407 -16.4474
      vertex 43.8836 -14.2422 -5.2116
      vertex 43.5577 -14.7299 -5.2116
    endloop
  endfacet
  facet normal 0.627746 -0.550425 -0.550424
    outer loop
      vertex 43.2982 -3.72942 -16.5794
      vertex 43.2982 -14.5308 -5.778
      vertex 43.0373 -3.95827 -16.6481
    endloop
  endfacet
  facet normal 0.627779 -0.550406 -0.550406
    outer loop
      vertex 43.0373 -3.95827 -16.6481
      vertex 43.2982 -14.5308 -5.778
      vertex 42.9397 -4.02349 -16.6942
    endloop
  endfacet
  facet normal 0.627783 -0.550404 -0.550404
    outer loop
      vertex 42.9397 -4.02349 -16.6942
      vertex 43.2982 -14.5308 -5.778
      vertex 42.9397 -14.9397 -5.778
    endloop
  endfacet
  facet normal 0.726859 0.485631 0.485631
    outer loop
      vertex 43.8728 -8.58442 -1.946
      vertex 43.5577 0 -10.0588
      vertex 43.5577 -8.1128 -1.946
    endloop
  endfacet
  facet normal 0.726773 0.484624 0.486766
    outer loop
      vertex 43.7047 -8.64221 -1.6367
      vertex 43.5577 -8.48775 -1.571
      vertex 43.5577 -8.50593 -1.5529
    endloop
  endfacet
  facet normal 0.727082 0.486228 0.484701
    outer loop
      vertex 43.8836 -8.87753 -1.669
      vertex 43.7047 -8.64221 -1.6367
      vertex 43.5577 -8.50593 -1.5529
    endloop
  endfacet
  facet normal 0.726799 0.48591 0.485443
    outer loop
      vertex 43.8836 -8.87753 -1.669
      vertex 43.865 -8.82803 -1.6907
      vertex 43.7047 -8.64221 -1.6367
    endloop
  endfacet
  facet normal 0.726279 0.486012 0.486119
    outer loop
      vertex 43.8836 -8.87753 -1.669
      vertex 43.8826 -8.85053 -1.6945
      vertex 43.865 -8.82803 -1.6907
    endloop
  endfacet
  facet normal 0.726802 0.485672 0.485677
    outer loop
      vertex 43.8728 -8.58442 -1.946
      vertex 43.8836 0 -10.5465
      vertex 43.5577 0 -10.0588
    endloop
  endfacet
  facet normal 0.725482 0.486659 0.48666
    outer loop
      vertex 43.8836 -8.60052 -1.946
      vertex 43.8836 0 -10.5465
      vertex 43.8728 -8.58442 -1.946
    endloop
  endfacet
  facet normal 0.720502 0.490059 0.490631
    outer loop
      vertex 43.8836 -8.87753 -1.669
      vertex 43.8836 -8.8518 -1.6947
      vertex 43.8826 -8.85053 -1.6945
    endloop
  endfacet
  facet normal 0.982831 0.130468 0.130468
    outer loop
      vertex 44.9466 -11.3488 -2.6731
      vertex 44.862 0 -13.3846
      vertex 44.862 -10.9233 -2.4613
    endloop
  endfacet
  facet normal 0.982831 0.130468 0.130468
    outer loop
      vertex 44.862 0 -13.3846
      vertex 44.9466 -11.3488 -2.6731
      vertex 44.9466 0 -14.0219
    endloop
  endfacet
  facet normal 0.901458 0.306081 0.306085
    outer loop
      vertex 44.5733 -10.0173 -2.1502
      vertex 44.3742 0 -11.581
      vertex 44.3742 -9.61362 -1.9675
    endloop
  endfacet
  facet normal 0.901493 0.306031 0.306031
    outer loop
      vertex 44.5733 -10.0173 -2.1502
      vertex 44.5733 0 -12.1675
      vertex 44.3742 0 -11.581
    endloop
  endfacet
  facet normal -0.707404 -0.49979 -0.499789
    outer loop
      vertex 36.7018 -3.72942 -16.5794
      vertex 36.7018 -14.5308 -5.778
      vertex 36.472 -3.52796 -16.4556
    endloop
  endfacet
  facet normal -0.707849 -0.499484 -0.499464
    outer loop
      vertex 36.472 -3.52796 -16.4556
      vertex 36.7018 -14.5308 -5.778
      vertex 36.4423 -3.49407 -16.4474
    endloop
  endfacet
  facet normal -0.707408 -0.499786 -0.499788
    outer loop
      vertex 36.4423 -3.49407 -16.4474
      vertex 36.7018 -14.5308 -5.778
      vertex 36.4423 -14.7299 -5.2116
    endloop
  endfacet
  facet normal -0.23335 -0.687586 -0.687586
    outer loop
      vertex 38.5614 -4.7693 -17.0006
      vertex 38.7087 -4.81929 -17.0006
      vertex 38.5614 -15.473 -6.2969
    endloop
  endfacet
  facet normal -0.233471 -0.687564 -0.687566
    outer loop
      vertex 38.7087 -4.81929 -17.0006
      vertex 39.027 -15.6311 -6.2969
      vertex 38.5614 -15.473 -6.2969
    endloop
  endfacet
  facet normal -0.233363 -0.687581 -0.687586
    outer loop
      vertex 39.027 -4.88262 -17.0453
      vertex 39.027 -15.6311 -6.2969
      vertex 38.7087 -4.81929 -17.0006
    endloop
  endfacet
  facet normal 0.930624 -0.258786 -0.258783
    outer loop
      vertex 44.5733 -1.9827 -15.8501
      vertex 44.6095 -1.90932 -15.7933
      vertex 44.5733 -13.2254 -4.6073
    endloop
  endfacet
  facet normal 0.93065 -0.25874 -0.258737
    outer loop
      vertex 44.6095 -1.90932 -15.7933
      vertex 44.7368 -1.53424 -15.7105
      vertex 44.5733 -13.2254 -4.6073
    endloop
  endfacet
  facet normal 0.93061 -0.258809 -0.25881
    outer loop
      vertex 44.7368 -1.53424 -15.7105
      vertex 44.7368 -13.2692 -3.9756
      vertex 44.5733 -13.2254 -4.6073
    endloop
  endfacet
  facet normal 0.930643 0.25875 0.25875
    outer loop
      vertex 44.6095 -10.0907 -2.207
      vertex 44.5733 0 -12.1675
      vertex 44.5733 -10.0173 -2.1502
    endloop
  endfacet
  facet normal 0.930627 0.258779 0.258779
    outer loop
      vertex 44.6095 -10.0907 -2.207
      vertex 44.7368 -10.4658 -2.2897
      vertex 44.5733 0 -12.1675
    endloop
  endfacet
  facet normal 0.93061 0.258808 0.258811
    outer loop
      vertex 44.7368 -10.4658 -2.2897
      vertex 44.7368 0 -12.7554
      vertex 44.5733 0 -12.1675
    endloop
  endfacet
  facet normal -0.627746 -0.550425 -0.550424
    outer loop
      vertex 36.7018 -3.72942 -16.5794
      vertex 36.9627 -3.95827 -16.6481
      vertex 36.7018 -14.5308 -5.778
    endloop
  endfacet
  facet normal -0.627779 -0.550406 -0.550406
    outer loop
      vertex 36.9627 -3.95827 -16.6481
      vertex 37.0603 -4.02349 -16.6942
      vertex 36.7018 -14.5308 -5.778
    endloop
  endfacet
  facet normal -0.627783 -0.550404 -0.550404
    outer loop
      vertex 37.0603 -4.02349 -16.6942
      vertex 37.0603 -14.9397 -5.778
      vertex 36.7018 -14.5308 -5.778
    endloop
  endfacet
  facet normal -0.526909 -0.600985 -0.600986
    outer loop
      vertex 37.0603 -4.02349 -16.6942
      vertex 37.4692 -15.2982 -5.778
      vertex 37.0603 -14.9397 -5.778
    endloop
  endfacet
  facet normal -0.526899 -0.600989 -0.600991
    outer loop
      vertex 37.4692 -4.29668 -16.7795
      vertex 37.4692 -15.2982 -5.778
      vertex 37.0603 -4.02349 -16.6942
    endloop
  endfacet
  facet normal -0.982831 0.130468 0.130468
    outer loop
      vertex 35.0534 -11.3488 -2.6731
      vertex 35.138 0 -13.3846
      vertex 35.0534 0 -14.0219
    endloop
  endfacet
  facet normal -0.982831 0.130468 0.130468
    outer loop
      vertex 35.138 0 -13.3846
      vertex 35.0534 -11.3488 -2.6731
      vertex 35.138 -10.9233 -2.4613
    endloop
  endfacet
  facet normal 0.13923 -0.700217 -0.700222
    outer loop
      vertex 40.6512 -4.94661 -17.0453
      vertex 40.973 -15.6311 -6.2969
      vertex 40.4907 -15.727 -6.2969
    endloop
  endfacet
  facet normal 0.139258 -0.700215 -0.700219
    outer loop
      vertex 40.4907 -4.95713 -17.0667
      vertex 40.6512 -4.94661 -17.0453
      vertex 40.4907 -15.727 -6.2969
    endloop
  endfacet
  facet normal 0.139238 -0.700216 -0.700221
    outer loop
      vertex 40.973 -4.88262 -17.0453
      vertex 40.973 -15.6311 -6.2969
      vertex 40.6512 -4.94661 -17.0453
    endloop
  endfacet
  facet normal -0.139238 -0.700216 -0.700221
    outer loop
      vertex 39.027 -4.88262 -17.0453
      vertex 39.3488 -4.94661 -17.0453
      vertex 39.027 -15.6311 -6.2969
    endloop
  endfacet
  facet normal -0.13923 -0.700217 -0.700222
    outer loop
      vertex 39.3488 -4.94661 -17.0453
      vertex 39.5093 -15.727 -6.2969
      vertex 39.027 -15.6311 -6.2969
    endloop
  endfacet
  facet normal -0.139258 -0.700215 -0.700219
    outer loop
      vertex 39.5093 -4.95713 -17.0667
      vertex 39.5093 -15.727 -6.2969
      vertex 39.3488 -4.94661 -17.0453
    endloop
  endfacet
  facet normal -0.526919 0.600979 0.600983
    outer loop
      vertex 37.4692 -6.97805 -1.946
      vertex 37.4692 0 -8.924
      vertex 37.0848 -7.31508 -1.946
    endloop
  endfacet
  facet normal -0.527811 0.600621 0.600559
    outer loop
      vertex 37.0848 -7.31508 -1.946
      vertex 37.4692 0 -8.924
      vertex 37.0603 -7.33661 -1.946
    endloop
  endfacet
  facet normal -0.527016 0.600938 0.600939
    outer loop
      vertex 37.4692 0 -8.924
      vertex 37.0603 0 -9.2826
      vertex 37.0603 -7.33661 -1.946
    endloop
  endfacet
  facet normal -0.901493 0.306031 0.306031
    outer loop
      vertex 35.6258 0 -11.581
      vertex 35.4267 0 -12.1675
      vertex 35.4267 -10.0173 -2.1502
    endloop
  endfacet
  facet normal -0.901458 0.306081 0.306085
    outer loop
      vertex 35.6258 -9.61362 -1.9675
      vertex 35.6258 0 -11.581
      vertex 35.4267 -10.0173 -2.1502
    endloop
  endfacet
  facet normal 0.527018 0.600935 0.60094
    outer loop
      vertex 42.9151 -7.31508 -1.946
      vertex 42.5308 0 -8.924
      vertex 42.5308 -6.97805 -1.946
    endloop
  endfacet
  facet normal 0.52622 0.601255 0.601319
    outer loop
      vertex 42.9151 -7.31508 -1.946
      vertex 42.9397 -7.33661 -1.946
      vertex 42.5308 0 -8.924
    endloop
  endfacet
  facet normal 0.527016 0.600938 0.600939
    outer loop
      vertex 42.9397 -7.33661 -1.946
      vertex 42.9397 0 -9.2826
      vertex 42.5308 0 -8.924
    endloop
  endfacet
  facet normal 0.982836 -0.130447 -0.130447
    outer loop
      vertex 44.862 -1.07674 -15.539
      vertex 44.9466 -0.651233 -15.3271
      vertex 44.862 -12.6401 -3.9756
    endloop
  endfacet
  facet normal 0.982831 -0.130468 -0.130468
    outer loop
      vertex 44.9466 -0.651233 -15.3271
      vertex 44.9466 -12.6512 -3.3272
      vertex 44.862 -12.6401 -3.9756
    endloop
  endfacet
  facet normal 0.511266 0.607732 0.607675
    outer loop
      vertex 42.4945 -6.94758 -1.946
      vertex 42.5197 -6.96878 -1.946
      vertex 42.3503 0 -8.7729
    endloop
  endfacet
  facet normal 0.508476 0.608855 0.608891
    outer loop
      vertex 42.5197 -6.96878 -1.946
      vertex 42.5308 -6.97805 -1.946
      vertex 42.3503 0 -8.7729
    endloop
  endfacet
  facet normal 0.509383 0.608491 0.608496
    outer loop
      vertex 42.5308 -6.97805 -1.946
      vertex 42.5308 0 -8.924
      vertex 42.3503 0 -8.7729
    endloop
  endfacet
  facet normal 0.0462907 0.706348 0.70635
    outer loop
      vertex 40.4567 -6.02815 -1.946
      vertex 40 0 -7.9442
      vertex 40 -5.99822 -1.946
    endloop
  endfacet
  facet normal 0.0463282 0.706349 0.706346
    outer loop
      vertex 40.4907 -6.03038 -1.946
      vertex 40.4907 0 -7.9764
      vertex 40.4567 -6.02815 -1.946
    endloop
  endfacet
  facet normal 0.0463508 0.706348 0.706346
    outer loop
      vertex 40.4567 -6.02815 -1.946
      vertex 40.4907 0 -7.9764
      vertex 40 0 -7.9442
    endloop
  endfacet
  facet normal -0.509878 -0.608286 -0.608287
    outer loop
      vertex 37.4692 -4.29668 -16.7795
      vertex 37.7115 -14.9824 -6.2969
      vertex 37.4692 -15.2982 -5.778
    endloop
  endfacet
  facet normal -0.509082 -0.608607 -0.608632
    outer loop
      vertex 37.5054 -4.32086 -16.7856
      vertex 37.7115 -14.9824 -6.2969
      vertex 37.4692 -4.29668 -16.7795
    endloop
  endfacet
  facet normal -0.509928 -0.608264 -0.608267
    outer loop
      vertex 37.7115 -4.42254 -16.8567
      vertex 37.7115 -14.9824 -6.2969
      vertex 37.5054 -4.32086 -16.7856
    endloop
  endfacet
  facet normal -0.627783 0.550403 0.550404
    outer loop
      vertex 37.0408 -7.35886 -1.946
      vertex 37.0603 0 -9.2826
      vertex 36.7018 0 -9.6915
    endloop
  endfacet
  facet normal -0.627929 0.55032 0.550321
    outer loop
      vertex 37.0603 -7.33661 -1.946
      vertex 37.0603 0 -9.2826
      vertex 37.0408 -7.35886 -1.946
    endloop
  endfacet
  facet normal -0.627726 0.550438 0.550435
    outer loop
      vertex 37.0408 -7.35886 -1.946
      vertex 36.7018 0 -9.6915
      vertex 36.7018 -7.74546 -1.946
    endloop
  endfacet
  facet normal -0.427157 0.639352 0.639348
    outer loop
      vertex 38.1204 -6.50186 -1.946
      vertex 38.1204 0 -8.4479
      vertex 37.7115 -6.77505 -1.946
    endloop
  endfacet
  facet normal -0.427042 0.639386 0.639391
    outer loop
      vertex 38.1204 0 -8.4479
      vertex 37.7115 0 -8.721
      vertex 37.7115 -6.77505 -1.946
    endloop
  endfacet
  facet normal 0.329158 -0.667703 -0.667703
    outer loop
      vertex 41.4386 -4.7693 -17.0006
      vertex 41.8796 -15.2556 -6.2969
      vertex 41.4386 -15.473 -6.2969
    endloop
  endfacet
  facet normal 0.329292 -0.667667 -0.667673
    outer loop
      vertex 41.8796 -4.6196 -16.9328
      vertex 41.8796 -15.2556 -6.2969
      vertex 41.4386 -4.7693 -17.0006
    endloop
  endfacet
  facet normal 0.427168 -0.639345 -0.639348
    outer loop
      vertex 42.2885 -4.42254 -16.8567
      vertex 42.2885 -14.9824 -6.2969
      vertex 41.8796 -15.2556 -6.2969
    endloop
  endfacet
  facet normal 0.427049 -0.639382 -0.639391
    outer loop
      vertex 41.9093 -4.60951 -16.923
      vertex 42.2885 -4.42254 -16.8567
      vertex 41.8796 -15.2556 -6.2969
    endloop
  endfacet
  facet normal 0.427985 -0.63907 -0.639076
    outer loop
      vertex 41.8796 -4.6196 -16.9328
      vertex 41.9093 -4.60951 -16.923
      vertex 41.8796 -15.2556 -6.2969
    endloop
  endfacet
  facet normal 0.707404 -0.49979 -0.499789
    outer loop
      vertex 43.2982 -3.72942 -16.5794
      vertex 43.528 -3.52796 -16.4556
      vertex 43.2982 -14.5308 -5.778
    endloop
  endfacet
  facet normal 0.707849 -0.499484 -0.499464
    outer loop
      vertex 43.528 -3.52796 -16.4556
      vertex 43.5577 -3.49407 -16.4474
      vertex 43.2982 -14.5308 -5.778
    endloop
  endfacet
  facet normal 0.707408 -0.499786 -0.499788
    outer loop
      vertex 43.5577 -3.49407 -16.4474
      vertex 43.5577 -14.7299 -5.2116
      vertex 43.2982 -14.5308 -5.778
    endloop
  endfacet
  facet normal 0.901459 -0.306083 -0.30608
    outer loop
      vertex 44.5733 -1.9827 -15.8501
      vertex 44.5733 -13.2254 -4.6073
      vertex 44.3742 -2.38638 -16.0328
    endloop
  endfacet
  facet normal 0.901493 -0.306031 -0.306032
    outer loop
      vertex 44.3742 -2.38638 -16.0328
      vertex 44.5733 -13.2254 -4.6073
      vertex 44.3742 -13.8119 -4.6073
    endloop
  endfacet
  facet normal 0.840989 -0.38258 -0.382583
    outer loop
      vertex 44.143 -2.76081 -16.1668
      vertex 44.3209 -2.49465 -16.0419
      vertex 44.143 -13.7161 -5.2116
    endloop
  endfacet
  facet normal 0.841427 -0.38211 -0.382089
    outer loop
      vertex 44.3209 -2.49465 -16.0419
      vertex 44.3742 -2.38638 -16.0328
      vertex 44.143 -13.7161 -5.2116
    endloop
  endfacet
  facet normal 0.841124 -0.382433 -0.382434
    outer loop
      vertex 44.3742 -2.38638 -16.0328
      vertex 44.3742 -13.8119 -4.6073
      vertex 44.143 -13.7161 -5.2116
    endloop
  endfacet
  facet normal 0.820331 -0.404385 -0.404388
    outer loop
      vertex 44.143 -2.76081 -16.1668
      vertex 44.143 -13.7161 -5.2116
      vertex 43.9583 -3.03729 -16.265
    endloop
  endfacet
  facet normal 0.820234 -0.404486 -0.404484
    outer loop
      vertex 43.9583 -3.03729 -16.265
      vertex 44.143 -13.7161 -5.2116
      vertex 43.8836 -3.12247 -16.3313
    endloop
  endfacet
  facet normal 0.820273 -0.404445 -0.404446
    outer loop
      vertex 43.8836 -3.12247 -16.3313
      vertex 44.143 -13.7161 -5.2116
      vertex 43.8836 -14.2422 -5.2116
    endloop
  endfacet
  facet normal -0.840989 -0.38258 -0.382583
    outer loop
      vertex 35.857 -2.76081 -16.1668
      vertex 35.857 -13.7161 -5.2116
      vertex 35.6791 -2.49465 -16.0419
    endloop
  endfacet
  facet normal -0.841427 -0.38211 -0.382089
    outer loop
      vertex 35.6791 -2.49465 -16.0419
      vertex 35.857 -13.7161 -5.2116
      vertex 35.6258 -2.38638 -16.0328
    endloop
  endfacet
  facet normal -0.841124 -0.382433 -0.382434
    outer loop
      vertex 35.6258 -2.38638 -16.0328
      vertex 35.857 -13.7161 -5.2116
      vertex 35.6258 -13.8119 -4.6073
    endloop
  endfacet
  facet normal 0.962609 -0.191553 -0.191552
    outer loop
      vertex 44.862 -1.07674 -15.539
      vertex 44.862 -12.6401 -3.9756
      vertex 44.8193 -1.29132 -15.539
    endloop
  endfacet
  facet normal 0.96258 -0.191625 -0.191623
    outer loop
      vertex 44.8193 -1.29132 -15.539
      vertex 44.862 -12.6401 -3.9756
      vertex 44.7368 -1.53424 -15.7105
    endloop
  endfacet
  facet normal 0.962601 -0.191571 -0.191572
    outer loop
      vertex 44.7368 -1.53424 -15.7105
      vertex 44.862 -12.6401 -3.9756
      vertex 44.7368 -13.2692 -3.9756
    endloop
  endfacet
  facet normal -0.427168 -0.639345 -0.639348
    outer loop
      vertex 37.7115 -4.42254 -16.8567
      vertex 38.1204 -15.2556 -6.2969
      vertex 37.7115 -14.9824 -6.2969
    endloop
  endfacet
  facet normal -0.427049 -0.639382 -0.639391
    outer loop
      vertex 38.0907 -4.60951 -16.923
      vertex 38.1204 -15.2556 -6.2969
      vertex 37.7115 -4.42254 -16.8567
    endloop
  endfacet
  facet normal -0.427985 -0.63907 -0.639076
    outer loop
      vertex 38.1204 -4.6196 -16.9328
      vertex 38.1204 -15.2556 -6.2969
      vertex 38.0907 -4.60951 -16.923
    endloop
  endfacet
  facet normal 0.995728 -0.0652878 -0.0652884
    outer loop
      vertex 44.9893 0 -15.3271
      vertex 44.9893 -12 -3.3272
      vertex 44.9466 -0.651233 -15.3271
    endloop
  endfacet
  facet normal 0.995728 -0.0652911 -0.0652915
    outer loop
      vertex 44.9466 -0.651233 -15.3271
      vertex 44.9893 -12 -3.3272
      vertex 44.9466 -12.6512 -3.3272
    endloop
  endfacet
  facet normal -0.93061 0.258808 0.258811
    outer loop
      vertex 35.4267 0 -12.1675
      vertex 35.2632 0 -12.7554
      vertex 35.2632 -10.4658 -2.2897
    endloop
  endfacet
  facet normal -0.930643 0.25875 0.25875
    outer loop
      vertex 35.4267 -10.0173 -2.1502
      vertex 35.4267 0 -12.1675
      vertex 35.3905 -10.0907 -2.207
    endloop
  endfacet
  facet normal -0.930627 0.258779 0.258779
    outer loop
      vertex 35.3905 -10.0907 -2.207
      vertex 35.4267 0 -12.1675
      vertex 35.2632 -10.4658 -2.2897
    endloop
  endfacet
  facet normal 0.509577 0.60841 0.608415
    outer loop
      vertex 42.4906 -6.94432 -1.946
      vertex 42.2885 0 -8.721
      vertex 42.2885 -6.77505 -1.946
    endloop
  endfacet
  facet normal 0.50882 0.608712 0.608746
    outer loop
      vertex 42.4906 -6.94432 -1.946
      vertex 42.4945 -6.94758 -1.946
      vertex 42.2885 0 -8.721
    endloop
  endfacet
  facet normal 0.51058 0.60801 0.607974
    outer loop
      vertex 42.4945 -6.94758 -1.946
      vertex 42.3503 0 -8.7729
      vertex 42.2885 0 -8.721
    endloop
  endfacet
  facet normal 0.842038 0.381375 0.381477
    outer loop
      vertex 44.1573 -9.22215 -1.882
      vertex 44.143 -9.20178 -1.8708
      vertex 44.143 -9.23919 -1.8334
    endloop
  endfacet
  facet normal 0.841138 0.383039 0.381795
    outer loop
      vertex 44.2607 -9.38542 -1.946
      vertex 44.1573 -9.22215 -1.882
      vertex 44.143 -9.23919 -1.8334
    endloop
  endfacet
  facet normal 0.84114 0.383065 0.381764
    outer loop
      vertex 44.3209 -9.50535 -1.9583
      vertex 44.2607 -9.38542 -1.946
      vertex 44.143 -9.23919 -1.8334
    endloop
  endfacet
  facet normal 0.839627 0.38184 0.386295
    outer loop
      vertex 44.2607 -9.38542 -1.946
      vertex 44.3209 -9.50535 -1.9583
      vertex 44.143 -9.12661 -1.946
    endloop
  endfacet
  facet normal 0.840977 0.382595 0.382595
    outer loop
      vertex 44.3209 -9.50535 -1.9583
      vertex 44.143 0 -11.0726
      vertex 44.143 -9.12661 -1.946
    endloop
  endfacet
  facet normal 0.841642 0.381884 0.381841
    outer loop
      vertex 44.3209 -9.50535 -1.9583
      vertex 44.3742 -9.61362 -1.9675
      vertex 44.143 0 -11.0726
    endloop
  endfacet
  facet normal 0.841076 0.382483 0.382488
    outer loop
      vertex 44.3742 -9.61362 -1.9675
      vertex 44.3742 0 -11.581
      vertex 44.143 0 -11.0726
    endloop
  endfacet
  facet normal 0.233426 0.687572 0.687573
    outer loop
      vertex 41.407 -6.27365 -1.946
      vertex 40.973 0 -8.0723
      vertex 40.973 -6.12631 -1.946
    endloop
  endfacet
  facet normal 0.23326 0.687594 0.687608
    outer loop
      vertex 41.407 -6.27365 -1.946
      vertex 41.4386 -6.28437 -1.946
      vertex 40.973 0 -8.0723
    endloop
  endfacet
  facet normal 0.23347 0.687567 0.687563
    outer loop
      vertex 41.4386 -6.28437 -1.946
      vertex 41.4386 0 -8.2304
      vertex 40.973 0 -8.0723
    endloop
  endfacet
  facet normal -0.138982 0.700245 0.700243
    outer loop
      vertex 39.5093 -6.03038 -1.946
      vertex 39.5093 0 -7.9764
      vertex 39.4765 -6.03689 -1.946
    endloop
  endfacet
  facet normal -0.139231 0.700221 0.700218
    outer loop
      vertex 39.4765 -6.03689 -1.946
      vertex 39.5093 0 -7.9764
      vertex 39.027 0 -8.0723
    endloop
  endfacet
  facet normal -0.139295 0.700213 0.700214
    outer loop
      vertex 39.4765 -6.03689 -1.946
      vertex 39.027 0 -8.0723
      vertex 39.027 -6.12631 -1.946
    endloop
  endfacet
  facet normal 0.509878 -0.608286 -0.608287
    outer loop
      vertex 42.5308 -4.29668 -16.7795
      vertex 42.5308 -15.2982 -5.778
      vertex 42.2885 -14.9824 -6.2969
    endloop
  endfacet
  facet normal 0.509082 -0.608607 -0.608632
    outer loop
      vertex 42.4946 -4.32086 -16.7856
      vertex 42.5308 -4.29668 -16.7795
      vertex 42.2885 -14.9824 -6.2969
    endloop
  endfacet
  facet normal 0.509928 -0.608264 -0.608267
    outer loop
      vertex 42.2885 -4.42254 -16.8567
      vertex 42.4946 -4.32086 -16.7856
      vertex 42.2885 -14.9824 -6.2969
    endloop
  endfacet
  facet normal -0.962609 -0.191553 -0.191552
    outer loop
      vertex 35.138 -1.07674 -15.539
      vertex 35.1807 -1.29132 -15.539
      vertex 35.138 -12.6401 -3.9756
    endloop
  endfacet
  facet normal -0.96258 -0.191625 -0.191623
    outer loop
      vertex 35.1807 -1.29132 -15.539
      vertex 35.2632 -1.53424 -15.7105
      vertex 35.138 -12.6401 -3.9756
    endloop
  endfacet
  facet normal -0.962601 -0.191571 -0.191572
    outer loop
      vertex 35.2632 -1.53424 -15.7105
      vertex 35.2632 -13.2692 -3.9756
      vertex 35.138 -12.6401 -3.9756
    endloop
  endfacet
  facet normal -0.820331 -0.404385 -0.404388
    outer loop
      vertex 35.857 -2.76081 -16.1668
      vertex 36.0417 -3.03729 -16.265
      vertex 35.857 -13.7161 -5.2116
    endloop
  endfacet
  facet normal -0.820234 -0.404486 -0.404484
    outer loop
      vertex 36.0417 -3.03729 -16.265
      vertex 36.1164 -3.12247 -16.3313
      vertex 35.857 -13.7161 -5.2116
    endloop
  endfacet
  facet normal -0.820273 -0.404445 -0.404446
    outer loop
      vertex 36.1164 -3.12247 -16.3313
      vertex 36.1164 -14.2422 -5.2116
      vertex 35.857 -13.7161 -5.2116
    endloop
  endfacet
  facet normal -0.982836 -0.130447 -0.130447
    outer loop
      vertex 35.138 -1.07674 -15.539
      vertex 35.138 -12.6401 -3.9756
      vertex 35.0534 -0.651233 -15.3271
    endloop
  endfacet
  facet normal -0.982831 -0.130468 -0.130468
    outer loop
      vertex 35.0534 -0.651233 -15.3271
      vertex 35.138 -12.6401 -3.9756
      vertex 35.0534 -12.6512 -3.3272
    endloop
  endfacet
  facet normal -0.962612 0.191543 0.191543
    outer loop
      vertex 35.1807 -10.7087 -2.4613
      vertex 35.2632 0 -12.7554
      vertex 35.138 0 -13.3846
    endloop
  endfacet
  facet normal -0.962594 0.191589 0.191591
    outer loop
      vertex 35.2632 -10.4658 -2.2897
      vertex 35.2632 0 -12.7554
      vertex 35.1807 -10.7087 -2.4613
    endloop
  endfacet
  facet normal -0.962615 0.191536 0.191536
    outer loop
      vertex 35.1807 -10.7087 -2.4613
      vertex 35.138 0 -13.3846
      vertex 35.138 -10.9233 -2.4613
    endloop
  endfacet
  facet normal -0.509577 0.60841 0.608415
    outer loop
      vertex 37.7115 -6.77505 -1.946
      vertex 37.7115 0 -8.721
      vertex 37.5094 -6.94432 -1.946
    endloop
  endfacet
  facet normal -0.50882 0.608712 0.608746
    outer loop
      vertex 37.5094 -6.94432 -1.946
      vertex 37.7115 0 -8.721
      vertex 37.5055 -6.94758 -1.946
    endloop
  endfacet
  facet normal -0.51058 0.60801 0.607974
    outer loop
      vertex 37.7115 0 -8.721
      vertex 37.6497 0 -8.7729
      vertex 37.5055 -6.94758 -1.946
    endloop
  endfacet
  facet normal 0.627929 0.55032 0.550321
    outer loop
      vertex 42.9592 -7.35886 -1.946
      vertex 42.9397 0 -9.2826
      vertex 42.9397 -7.33661 -1.946
    endloop
  endfacet
  facet normal 0.627783 0.550403 0.550404
    outer loop
      vertex 42.9592 -7.35886 -1.946
      vertex 43.2982 0 -9.6915
      vertex 42.9397 0 -9.2826
    endloop
  endfacet
  facet normal 0.627726 0.550438 0.550435
    outer loop
      vertex 43.2982 -7.74546 -1.946
      vertex 43.2982 0 -9.6915
      vertex 42.9592 -7.35886 -1.946
    endloop
  endfacet
  facet normal 0.329267 0.667678 0.667675
    outer loop
      vertex 41.8504 -6.48745 -1.946
      vertex 41.4386 0 -8.2304
      vertex 41.4386 -6.28437 -1.946
    endloop
  endfacet
  facet normal 0.329473 0.667635 0.667616
    outer loop
      vertex 41.8504 -6.48745 -1.946
      vertex 41.8796 -6.50186 -1.946
      vertex 41.4386 0 -8.2304
    endloop
  endfacet
  facet normal 0.329292 0.667672 0.667668
    outer loop
      vertex 41.8796 -6.50186 -1.946
      vertex 41.8796 0 -8.4479
      vertex 41.4386 0 -8.2304
    endloop
  endfacet
  facet normal 0.139264 0.700217 0.700215
    outer loop
      vertex 40.9398 -6.1197 -1.946
      vertex 40.4907 0 -7.9764
      vertex 40.4907 -6.03038 -1.946
    endloop
  endfacet
  facet normal 0.139409 0.700208 0.700195
    outer loop
      vertex 40.9398 -6.1197 -1.946
      vertex 40.973 -6.12631 -1.946
      vertex 40.4907 0 -7.9764
    endloop
  endfacet
  facet normal 0.139231 0.700219 0.70022
    outer loop
      vertex 40.973 -6.12631 -1.946
      vertex 40.973 0 -8.0723
      vertex 40.4907 0 -7.9764
    endloop
  endfacet
  facet normal -0.233426 0.687572 0.687573
    outer loop
      vertex 39.027 -6.12631 -1.946
      vertex 39.027 0 -8.0723
      vertex 38.593 -6.27365 -1.946
    endloop
  endfacet
  facet normal -0.23326 0.687594 0.687608
    outer loop
      vertex 38.593 -6.27365 -1.946
      vertex 39.027 0 -8.0723
      vertex 38.5614 -6.28437 -1.946
    endloop
  endfacet
  facet normal -0.23347 0.687567 0.687563
    outer loop
      vertex 39.027 0 -8.0723
      vertex 38.5614 0 -8.2304
      vertex 38.5614 -6.28437 -1.946
    endloop
  endfacet
  facet normal -0.901459 -0.306083 -0.30608
    outer loop
      vertex 35.4267 -1.9827 -15.8501
      vertex 35.6258 -2.38638 -16.0328
      vertex 35.4267 -13.2254 -4.6073
    endloop
  endfacet
  facet normal -0.901493 -0.306031 -0.306032
    outer loop
      vertex 35.6258 -2.38638 -16.0328
      vertex 35.6258 -13.8119 -4.6073
      vertex 35.4267 -13.2254 -4.6073
    endloop
  endfacet
  facet normal -0.930624 -0.258786 -0.258783
    outer loop
      vertex 35.4267 -1.9827 -15.8501
      vertex 35.4267 -13.2254 -4.6073
      vertex 35.3905 -1.90932 -15.7933
    endloop
  endfacet
  facet normal -0.93065 -0.25874 -0.258737
    outer loop
      vertex 35.3905 -1.90932 -15.7933
      vertex 35.4267 -13.2254 -4.6073
      vertex 35.2632 -1.53424 -15.7105
    endloop
  endfacet
  facet normal -0.93061 -0.258809 -0.25881
    outer loop
      vertex 35.2632 -1.53424 -15.7105
      vertex 35.4267 -13.2254 -4.6073
      vertex 35.2632 -13.2692 -3.9756
    endloop
  endfacet
  facet normal -0.995728 -0.0652878 -0.0652884
    outer loop
      vertex 35.0107 0 -15.3271
      vertex 35.0534 -0.651233 -15.3271
      vertex 35.0107 -12 -3.3272
    endloop
  endfacet
  facet normal -0.995728 -0.0652911 -0.0652915
    outer loop
      vertex 35.0534 -0.651233 -15.3271
      vertex 35.0534 -12.6512 -3.3272
      vertex 35.0107 -12 -3.3272
    endloop
  endfacet
  facet normal -0.329267 0.667678 0.667675
    outer loop
      vertex 38.5614 -6.28437 -1.946
      vertex 38.5614 0 -8.2304
      vertex 38.1496 -6.48745 -1.946
    endloop
  endfacet
  facet normal -0.329473 0.667635 0.667616
    outer loop
      vertex 38.1496 -6.48745 -1.946
      vertex 38.5614 0 -8.2304
      vertex 38.1204 -6.50186 -1.946
    endloop
  endfacet
  facet normal -0.329292 0.667672 0.667668
    outer loop
      vertex 38.5614 0 -8.2304
      vertex 38.1204 0 -8.4479
      vertex 38.1204 -6.50186 -1.946
    endloop
  endfacet
  facet normal 0.427157 0.639352 0.639348
    outer loop
      vertex 42.2885 -6.77505 -1.946
      vertex 41.8796 0 -8.4479
      vertex 41.8796 -6.50186 -1.946
    endloop
  endfacet
  facet normal 0.427042 0.639386 0.639391
    outer loop
      vertex 42.2885 -6.77505 -1.946
      vertex 42.2885 0 -8.721
      vertex 41.8796 0 -8.4479
    endloop
  endfacet
  facet normal 0.707533 0.4997 0.499697
    outer loop
      vertex 43.5451 -8.09505 -1.946
      vertex 43.2982 0 -9.6915
      vertex 43.2982 -7.74546 -1.946
    endloop
  endfacet
  facet normal 0.708137 0.500502 0.498035
    outer loop
      vertex 43.5577 -8.50593 -1.5529
      vertex 43.5355 -8.46447 -1.563
      vertex 43.4795 -8.41111 -1.537
    endloop
  endfacet
  facet normal 0.706171 0.500201 0.501121
    outer loop
      vertex 43.5577 -8.50593 -1.5529
      vertex 43.5571 -8.48715 -1.5708
      vertex 43.5355 -8.46447 -1.563
    endloop
  endfacet
  facet normal 0.707221 0.500434 0.499404
    outer loop
      vertex 43.4453 -8.39957 -1.5001
      vertex 43.4733 -8.40521 -1.5341
      vertex 43.3999 -8.33541 -1.5001
    endloop
  endfacet
  facet normal 0.70746 0.499793 0.499707
    outer loop
      vertex 43.528 -8.47204 -1.5447
      vertex 43.4733 -8.40521 -1.5341
      vertex 43.4453 -8.39957 -1.5001
    endloop
  endfacet
  facet normal 0.709222 0.501983 0.494992
    outer loop
      vertex 43.528 -8.47204 -1.5447
      vertex 43.4795 -8.41111 -1.537
      vertex 43.4733 -8.40521 -1.5341
    endloop
  endfacet
  facet normal 0.709788 0.502617 0.493535
    outer loop
      vertex 43.528 -8.47204 -1.5447
      vertex 43.5577 -8.50593 -1.5529
      vertex 43.4795 -8.41111 -1.537
    endloop
  endfacet
  facet normal 0.707409 0.499784 0.499789
    outer loop
      vertex 43.5451 -8.09505 -1.946
      vertex 43.5577 0 -10.0588
      vertex 43.2982 0 -9.6915
    endloop
  endfacet
  facet normal 0.705732 0.50097 0.50097
    outer loop
      vertex 43.5577 -8.1128 -1.946
      vertex 43.5577 0 -10.0588
      vertex 43.5451 -8.09505 -1.946
    endloop
  endfacet
  facet normal 0.685593 0.513627 0.515897
    outer loop
      vertex 43.5577 -8.50593 -1.5529
      vertex 43.5577 -8.48775 -1.571
      vertex 43.5571 -8.48715 -1.5708
    endloop
  endfacet
  facet normal -0.995728 0.0652911 0.0652911
    outer loop
      vertex 35.0107 0 -14.6731
      vertex 35.0534 -11.3488 -2.6731
      vertex 35.0534 0 -14.0219
    endloop
  endfacet
  facet normal -0.995728 0.0652911 0.0652911
    outer loop
      vertex 35.0534 -11.3488 -2.6731
      vertex 35.0107 0 -14.6731
      vertex 35.0107 -12 -2.6731
    endloop
  endfacet
  facet normal -0.841076 0.382483 0.382488
    outer loop
      vertex 35.857 0 -11.0726
      vertex 35.6258 0 -11.581
      vertex 35.6258 -9.61362 -1.9675
    endloop
  endfacet
  facet normal -0.840977 0.382595 0.382595
    outer loop
      vertex 35.857 -9.12661 -1.946
      vertex 35.857 0 -11.0726
      vertex 35.6791 -9.50535 -1.9583
    endloop
  endfacet
  facet normal -0.842738 0.383581 0.3777
    outer loop
      vertex 35.7392 -9.38542 -1.946
      vertex 35.857 -9.12661 -1.946
      vertex 35.6791 -9.50535 -1.9583
    endloop
  endfacet
  facet normal -0.840324 0.38326 0.383363
    outer loop
      vertex 35.857 -9.23919 -1.8334
      vertex 35.857 -9.20178 -1.8708
      vertex 35.8426 -9.22215 -1.882
    endloop
  endfacet
  facet normal -0.840841 0.382307 0.383182
    outer loop
      vertex 35.857 -9.23919 -1.8334
      vertex 35.8426 -9.22215 -1.882
      vertex 35.7392 -9.38542 -1.946
    endloop
  endfacet
  facet normal -0.840814 0.382019 0.383528
    outer loop
      vertex 35.857 -9.23919 -1.8334
      vertex 35.7392 -9.38542 -1.946
      vertex 35.6791 -9.50535 -1.9583
    endloop
  endfacet
  facet normal -0.841642 0.381884 0.381841
    outer loop
      vertex 35.6791 -9.50535 -1.9583
      vertex 35.857 0 -11.0726
      vertex 35.6258 -9.61362 -1.9675
    endloop
  endfacet
  facet normal -0.509758 0.608343 0.60833
    outer loop
      vertex 37.5055 -6.94758 -1.946
      vertex 37.6497 0 -8.7729
      vertex 37.4802 -6.96878 -1.946
    endloop
  endfacet
  facet normal -0.511929 0.607467 0.607381
    outer loop
      vertex 37.4802 -6.96878 -1.946
      vertex 37.6497 0 -8.7729
      vertex 37.4692 -6.97805 -1.946
    endloop
  endfacet
  facet normal -0.509383 0.608491 0.608496
    outer loop
      vertex 37.6497 0 -8.7729
      vertex 37.4692 0 -8.924
      vertex 37.4692 -6.97805 -1.946
    endloop
  endfacet
  facet normal -0.0462806 0.706348 0.70635
    outer loop
      vertex 40 -5.99822 -1.946
      vertex 40 0 -7.9442
      vertex 39.5432 -6.02815 -1.946
    endloop
  endfacet
  facet normal -0.0463508 0.706348 0.706345
    outer loop
      vertex 39.5432 -6.02815 -1.946
      vertex 40 0 -7.9442
      vertex 39.5093 0 -7.9764
    endloop
  endfacet
  facet normal -0.0464645 0.706344 0.706342
    outer loop
      vertex 39.5432 -6.02815 -1.946
      vertex 39.5093 0 -7.9764
      vertex 39.5093 -6.03038 -1.946
    endloop
  endfacet
  facet normal -0.820271 0.404449 0.404445
    outer loop
      vertex 35.8603 -9.11981 -1.946
      vertex 36.1164 0 -10.5465
      vertex 35.857 0 -11.0726
    endloop
  endfacet
  facet normal -0.8245 0.400125 0.400125
    outer loop
      vertex 35.8603 -9.11981 -1.946
      vertex 35.857 0 -11.0726
      vertex 35.857 -9.12661 -1.946
    endloop
  endfacet
  facet normal -0.81144 0.413203 0.413313
    outer loop
      vertex 35.8581 -9.20022 -1.8702
      vertex 35.857 -9.20178 -1.8708
      vertex 35.857 -9.23919 -1.8334
    endloop
  endfacet
  facet normal -0.820288 0.40443 0.404431
    outer loop
      vertex 36.1164 -8.60052 -1.946
      vertex 36.1164 0 -10.5465
      vertex 36.0435 -8.74838 -1.946
    endloop
  endfacet
  facet normal -0.820162 0.404322 0.404794
    outer loop
      vertex 36.1164 -8.87753 -1.669
      vertex 36.1164 -8.8518 -1.6947
      vertex 36.0418 -8.94736 -1.7504
    endloop
  endfacet
  facet normal -0.820181 0.40391 0.405166
    outer loop
      vertex 36.1164 -8.87753 -1.669
      vertex 36.0418 -8.94736 -1.7504
      vertex 36.0417 -8.96271 -1.7353
    endloop
  endfacet
  facet normal -0.820181 0.404537 0.404541
    outer loop
      vertex 36.0435 -8.74838 -1.946
      vertex 36.1164 0 -10.5465
      vertex 35.8603 -9.11981 -1.946
    endloop
  endfacet
  facet normal -0.819958 0.404134 0.405395
    outer loop
      vertex 36.0417 -8.96271 -1.7353
      vertex 36.0418 -8.94736 -1.7504
      vertex 35.9839 -9.0215 -1.7936
    endloop
  endfacet
  facet normal -0.820551 0.4045 0.403825
    outer loop
      vertex 35.9839 -9.0215 -1.7936
      vertex 35.8581 -9.20022 -1.8702
      vertex 35.857 -9.23919 -1.8334
    endloop
  endfacet
  facet normal -0.819956 0.403807 0.405724
    outer loop
      vertex 36.0417 -8.96271 -1.7353
      vertex 35.9839 -9.0215 -1.7936
      vertex 35.857 -9.23919 -1.8334
    endloop
  endfacet
  facet normal -0.726799 0.485679 0.485675
    outer loop
      vertex 36.1271 -8.58442 -1.946
      vertex 36.4423 0 -10.0588
      vertex 36.1164 0 -10.5465
    endloop
  endfacet
  facet normal -0.728671 0.484272 0.484273
    outer loop
      vertex 36.1271 -8.58442 -1.946
      vertex 36.1164 0 -10.5465
      vertex 36.1164 -8.60052 -1.946
    endloop
  endfacet
  facet normal -0.720502 0.490059 0.490631
    outer loop
      vertex 36.1174 -8.85053 -1.6945
      vertex 36.1164 -8.8518 -1.6947
      vertex 36.1164 -8.87753 -1.669
    endloop
  endfacet
  facet normal -0.726751 0.485713 0.485713
    outer loop
      vertex 36.4423 -8.1128 -1.946
      vertex 36.4423 0 -10.0588
      vertex 36.1271 -8.58442 -1.946
    endloop
  endfacet
  facet normal -0.726539 0.484798 0.486941
    outer loop
      vertex 36.4423 -8.50593 -1.5529
      vertex 36.4423 -8.48775 -1.571
      vertex 36.2952 -8.64221 -1.6367
    endloop
  endfacet
  facet normal -0.726294 0.484988 0.487118
    outer loop
      vertex 36.2952 -8.64221 -1.6367
      vertex 36.1349 -8.82803 -1.6907
      vertex 36.1164 -8.87753 -1.669
    endloop
  endfacet
  facet normal -0.728272 0.484599 0.484545
    outer loop
      vertex 36.1349 -8.82803 -1.6907
      vertex 36.1174 -8.85053 -1.6945
      vertex 36.1164 -8.87753 -1.669
    endloop
  endfacet
  facet normal -0.726654 0.485391 0.486178
    outer loop
      vertex 36.4423 -8.50593 -1.5529
      vertex 36.2952 -8.64221 -1.6367
      vertex 36.1164 -8.87753 -1.669
    endloop
  endfacet
  facet normal -0.707406 0.49979 0.499787
    outer loop
      vertex 36.4548 -8.09505 -1.946
      vertex 36.7018 0 -9.6915
      vertex 36.4423 0 -10.0588
    endloop
  endfacet
  facet normal -0.708549 0.498978 0.498978
    outer loop
      vertex 36.4548 -8.09505 -1.946
      vertex 36.4423 0 -10.0588
      vertex 36.4423 -8.1128 -1.946
    endloop
  endfacet
  facet normal -0.748905 0.467549 0.469616
    outer loop
      vertex 36.4428 -8.48715 -1.5708
      vertex 36.4423 -8.48775 -1.571
      vertex 36.4423 -8.50593 -1.5529
    endloop
  endfacet
  facet normal -0.70739 0.499801 0.499798
    outer loop
      vertex 36.7018 -7.74546 -1.946
      vertex 36.7018 0 -9.6915
      vertex 36.4548 -8.09505 -1.946
    endloop
  endfacet
  facet normal -0.705495 0.498726 0.503537
    outer loop
      vertex 36.4644 -8.46447 -1.563
      vertex 36.4428 -8.48715 -1.5708
      vertex 36.4423 -8.50593 -1.5529
    endloop
  endfacet
  facet normal -0.706917 0.498944 0.501322
    outer loop
      vertex 36.5205 -8.41111 -1.537
      vertex 36.4644 -8.46447 -1.563
      vertex 36.4423 -8.50593 -1.5529
    endloop
  endfacet
  facet normal -0.707494 0.499525 0.499927
    outer loop
      vertex 36.5547 -8.39957 -1.5001
      vertex 36.6 -8.33541 -1.5001
      vertex 36.5267 -8.4052 -1.5341
    endloop
  endfacet
  facet normal -0.707438 0.499677 0.499855
    outer loop
      vertex 36.5547 -8.39957 -1.5001
      vertex 36.5267 -8.4052 -1.5341
      vertex 36.472 -8.47204 -1.5447
    endloop
  endfacet
  facet normal -0.709935 0.502783 0.493155
    outer loop
      vertex 36.5267 -8.4052 -1.5341
      vertex 36.5205 -8.41111 -1.537
      vertex 36.472 -8.47204 -1.5447
    endloop
  endfacet
  facet normal -0.709788 0.502617 0.493535
    outer loop
      vertex 36.472 -8.47204 -1.5447
      vertex 36.5205 -8.41111 -1.537
      vertex 36.4423 -8.50593 -1.5529
    endloop
  endfacet
  facet normal 0.555604 0.831447 0
    outer loop
      vertex 43.0373 3.95827 -16.6481
      vertex 43.0373 3.95827 -32.3271
      vertex 42.9397 4.02349 -16.6942
    endloop
  endfacet
  facet normal 0.555531 0.831496 -6.64353e-07
    outer loop
      vertex 42.9397 4.02349 -16.6942
      vertex 43.0373 3.95827 -32.3271
      vertex 42.5308 4.29668 -16.7795
    endloop
  endfacet
  facet normal 0.555443 0.831555 -4.80789e-06
    outer loop
      vertex 42.5308 4.29668 -16.7795
      vertex 43.0373 3.95827 -32.3271
      vertex 42.4946 4.32086 -16.7856
    endloop
  endfacet
  facet normal 0.555538 0.831491 0
    outer loop
      vertex 42.4946 4.32086 -16.7856
      vertex 43.0373 3.95827 -32.3271
      vertex 42.4946 4.32086 -32.3271
    endloop
  endfacet
  facet normal 0.536679 -0.803271 -0.258324
    outer loop
      vertex 42.8823 -3.75625 -33.6073
      vertex 42.9853 -3.89055 -32.9757
      vertex 42.3673 -4.10033 -33.6073
    endloop
  endfacet
  facet normal -0.831456 0.555591 0
    outer loop
      vertex 36.0417 3.03729 -16.265
      vertex 36.0417 3.03729 -32.3271
      vertex 35.6791 2.49465 -32.3271
    endloop
  endfacet
  facet normal -0.831522 0.555492 4.81802e-06
    outer loop
      vertex 35.857 2.76081 -16.1668
      vertex 36.0417 3.03729 -16.265
      vertex 35.6791 2.49465 -32.3271
    endloop
  endfacet
  facet normal -0.831387 0.555695 0
    outer loop
      vertex 35.6791 2.49465 -16.0419
      vertex 35.857 2.76081 -16.1668
      vertex 35.6791 2.49465 -32.3271
    endloop
  endfacet
  facet normal -0.777197 0.383214 -0.499111
    outer loop
      vertex 36.1164 2.24218 -34.2115
      vertex 36.1591 1.59095 -34.778
      vertex 35.857 1.71609 -34.2115
    endloop
  endfacet
  facet normal -0.481438 -0.72048 -0.499126
    outer loop
      vertex 37.9213 -3.60037 -34.778
      vertex 37.7578 -3.88357 -34.2115
      vertex 37.2701 -3.55768 -34.2115
    endloop
  endfacet
  facet normal -0.0648549 -0.989362 -0.130218
    outer loop
      vertex 39.3599 -4.86197 -32.9757
      vertex 40 -4.90393 -32.9757
      vertex 39.3488 -4.94661 -32.3271
    endloop
  endfacet
  facet normal -0.65371 0.745453 -0.130242
    outer loop
      vertex 36.9627 3.95827 -32.3271
      vertex 37.0147 3.89055 -32.9757
      vertex 36.472 3.52796 -32.3271
    endloop
  endfacet
  facet normal -0.866431 -0.427249 -0.258371
    outer loop
      vertex 35.6258 -1.81187 -33.6073
      vertex 35.8997 -2.36732 -33.6073
      vertex 35.4694 -1.87665 -32.9757
    endloop
  endfacet
  facet normal 0.608325 -0.0398663 -0.792686
    outer loop
      vertex 43.2967 0 -35.7593
      vertex 43.2685 -0.430307 -35.7593
      vertex 42.7931 -0.0133944 -36.1451
    endloop
  endfacet
  facet normal 0.608317 -0.0408742 -0.792641
    outer loop
      vertex 42.794 0 -36.1451
      vertex 43.2967 0 -35.7593
      vertex 42.7931 -0.0133944 -36.1451
    endloop
  endfacet
  facet normal 0.972433 0.193397 -0.130277
    outer loop
      vertex 44.8193 1.29132 -32.3271
      vertex 44.9466 0.651233 -32.3271
      vertex 44.7368 1.26923 -32.9757
    endloop
  endfacet
  facet normal 0.188468 0.947487 -0.258357
    outer loop
      vertex 41.2692 4.73683 -32.9757
      vertex 41.2254 4.57332 -33.6073
      vertex 40.618 4.69414 -33.6073
    endloop
  endfacet
  facet normal -0.0394959 0.608328 -0.792703
    outer loop
      vertex 40 3.29673 -35.7593
      vertex 40 2.794 -36.1451
      vertex 39.9866 2.79313 -36.1451
    endloop
  endfacet
  facet normal -0.0398811 0.608325 -0.792685
    outer loop
      vertex 40 3.29673 -35.7593
      vertex 39.9866 2.79313 -36.1451
      vertex 39.5697 3.26852 -35.7593
    endloop
  endfacet
  facet normal -0.972433 -0.193397 -0.130277
    outer loop
      vertex 35.2632 -1.26923 -32.9757
      vertex 35.1807 -1.29132 -32.3271
      vertex 35.0534 -0.651233 -32.3271
    endloop
  endfacet
  facet normal -0.889263 -0.438456 -0.130261
    outer loop
      vertex 35.4694 -1.87665 -32.9757
      vertex 35.6791 -2.49465 -32.3271
      vertex 35.3905 -1.90932 -32.3271
    endloop
  endfacet
  facet normal -0.889232 -0.438503 -0.130316
    outer loop
      vertex 35.7531 -2.45196 -32.9757
      vertex 35.6791 -2.49465 -32.3271
      vertex 35.4694 -1.87665 -32.9757
    endloop
  endfacet
  facet normal 0.3187 -0.938873 -0.130186
    outer loop
      vertex 41.8767 -4.53064 -32.9757
      vertex 41.9093 -4.60951 -32.3271
      vertex 41.2913 -4.81929 -32.3271
    endloop
  endfacet
  facet normal 0.651469 -0.571389 -0.499103
    outer loop
      vertex 43.5577 -2.72991 -34.2115
      vertex 43.1709 -3.17092 -34.2115
      vertex 42.9397 -2.93969 -34.778
    endloop
  endfacet
  facet normal -0.777197 -0.383214 -0.499111
    outer loop
      vertex 36.1591 -1.59095 -34.778
      vertex 36.1164 -2.24218 -34.2115
      vertex 35.857 -1.71609 -34.2115
    endloop
  endfacet
  facet normal -0.889263 0.438456 -0.130261
    outer loop
      vertex 35.6791 2.49465 -32.3271
      vertex 35.4694 1.87665 -32.9757
      vertex 35.3905 1.90932 -32.3271
    endloop
  endfacet
  facet normal -0.864676 -0.0567268 -0.499116
    outer loop
      vertex 35.8782 -0.542643 -34.778
      vertex 35.554 -0.585324 -34.2115
      vertex 35.5156 0 -34.2115
    endloop
  endfacet
  facet normal 0.922205 0.0604365 -0.381949
    outer loop
      vertex 44.6941 0.617993 -33.6073
      vertex 44.7346 0 -33.6073
      vertex 44.446 0.585324 -34.2115
    endloop
  endfacet
  facet normal -0.227557 -0.670308 -0.706332
    outer loop
      vertex 39.1467 -3.18439 -35.7593
      vertex 39.027 -3.63111 -35.2968
      vertex 38.7384 -3.04578 -35.7593
    endloop
  endfacet
  facet normal 0.89681 -0.442416 0
    outer loop
      vertex 44.6095 -1.90932 -32.3271
      vertex 44.6095 -1.90932 -15.7933
      vertex 44.5733 -1.9827 -15.8501
    endloop
  endfacet
  facet normal 0.896849 -0.442337 4.3841e-07
    outer loop
      vertex 44.6095 -1.90932 -32.3271
      vertex 44.5733 -1.9827 -15.8501
      vertex 44.3742 -2.38638 -16.0328
    endloop
  endfacet
  facet normal 0.897177 -0.441671 2.46716e-05
    outer loop
      vertex 44.6095 -1.90932 -32.3271
      vertex 44.3742 -2.38638 -16.0328
      vertex 44.3209 -2.49465 -16.0419
    endloop
  endfacet
  facet normal 0.896905 -0.442224 0
    outer loop
      vertex 44.6095 -1.90932 -32.3271
      vertex 44.3209 -2.49465 -16.0419
      vertex 44.3209 -2.49465 -32.3271
    endloop
  endfacet
  facet normal -0.726294 -0.637026 -0.258255
    outer loop
      vertex 36.2437 -2.88227 -33.6073
      vertex 36.6521 -3.3479 -33.6073
      vertex 36.1095 -2.98532 -32.9757
    endloop
  endfacet
  facet normal -0.571302 -0.65151 -0.499148
    outer loop
      vertex 37.4692 -3.29825 -34.778
      vertex 37.2701 -3.55768 -34.2115
      vertex 37.0603 -2.93969 -34.778
    endloop
  endfacet
  facet normal -0.608346 0.0398294 -0.792672
    outer loop
      vertex 37.2299 0.364691 -36.1451
      vertex 37.2069 0.0133944 -36.1451
      vertex 36.7315 0.430307 -35.7593
    endloop
  endfacet
  facet normal -0.659326 0.751857 0
    outer loop
      vertex 36.9627 3.95827 -16.6481
      vertex 36.9627 3.95827 -32.3271
      vertex 36.472 3.52796 -32.3271
    endloop
  endfacet
  facet normal -0.659421 0.751774 5.25247e-06
    outer loop
      vertex 36.7018 3.72942 -16.5794
      vertex 36.9627 3.95827 -16.6481
      vertex 36.472 3.52796 -32.3271
    endloop
  endfacet
  facet normal -0.659218 0.751952 0
    outer loop
      vertex 36.472 3.52796 -16.4556
      vertex 36.7018 3.72942 -16.5794
      vertex 36.472 3.52796 -32.3271
    endloop
  endfacet
  facet normal 0.989355 -0.0648699 -0.130267
    outer loop
      vertex 44.9893 0 -32.3271
      vertex 44.9466 -0.651233 -32.3271
      vertex 44.9039 0 -32.9757
    endloop
  endfacet
  facet normal 0.828888 -0.408736 -0.381942
    outer loop
      vertex 44.3742 -1.81187 -33.6073
      vertex 44.1003 -2.36732 -33.6073
      vertex 43.8836 -2.24218 -34.2115
    endloop
  endfacet
  facet normal 0.875106 -0.297137 -0.381967
    outer loop
      vertex 44.3316 -1.16064 -34.2115
      vertex 44.3742 -1.81187 -33.6073
      vertex 44.143 -1.71609 -34.2115
    endloop
  endfacet
  facet normal 0.963977 -0.0631015 -0.258393
    outer loop
      vertex 44.9039 0 -32.9757
      vertex 44.862 -0.64009 -32.9757
      vertex 44.7346 0 -33.6073
    endloop
  endfacet
  facet normal 0.997857 -0.0654274 0
    outer loop
      vertex 44.9466 -0.651233 -15.3271
      vertex 44.9893 0 -32.3271
      vertex 44.9893 0 -15.3271
    endloop
  endfacet
  facet normal 0.997857 -0.0654274 0
    outer loop
      vertex 44.9893 0 -32.3271
      vertex 44.9466 -0.651233 -15.3271
      vertex 44.9466 -0.651233 -32.3271
    endloop
  endfacet
  facet normal 0.997857 0.0654274 0
    outer loop
      vertex 44.9893 0 -15.3271
      vertex 44.9466 0.651233 -32.3271
      vertex 44.9466 0.651233 -15.3271
    endloop
  endfacet
  facet normal 0.997857 0.0654274 0
    outer loop
      vertex 44.9466 0.651233 -32.3271
      vertex 44.9893 0 -15.3271
      vertex 44.9893 0 -32.3271
    endloop
  endfacet
  facet normal -0.63491 0.313055 -0.706319
    outer loop
      vertex 37.1449 1.64836 -35.7593
      vertex 36.9542 1.2616 -35.7593
      vertex 36.7444 1.8796 -35.2968
    endloop
  endfacet
  facet normal 0.0604492 0.922182 -0.382004
    outer loop
      vertex 40.618 4.69414 -33.6073
      vertex 40.5853 4.446 -34.2115
      vertex 40 4.73465 -33.6073
    endloop
  endfacet
  facet normal 0.745434 0.653719 -0.130303
    outer loop
      vertex 43.9583 3.03729 -32.3271
      vertex 43.8905 2.98532 -32.9757
      vertex 43.528 3.52796 -32.3271
    endloop
  endfacet
  facet normal -0.778668 -0.154899 -0.608015
    outer loop
      vertex 36.3689 -0.972952 -35.2968
      vertex 35.9843 -1.076 -34.778
      vertex 35.8782 -0.542643 -34.778
    endloop
  endfacet
  facet normal -0.803226 -0.536729 -0.258362
    outer loop
      vertex 35.8997 -2.36732 -33.6073
      vertex 36.1095 -2.98532 -32.9757
      vertex 35.7531 -2.45196 -32.9757
    endloop
  endfacet
  facet normal -0.938856 -0.318712 -0.130274
    outer loop
      vertex 35.2632 -1.26923 -32.9757
      vertex 35.4694 -1.87665 -32.9757
      vertex 35.1807 -1.29132 -32.3271
    endloop
  endfacet
  facet normal -0.803323 -0.53664 -0.258244
    outer loop
      vertex 36.2437 -2.88227 -33.6073
      vertex 36.1095 -2.98532 -32.9757
      vertex 35.8997 -2.36732 -33.6073
    endloop
  endfacet
  facet normal 0.193424 -0.972435 -0.130221
    outer loop
      vertex 41.2692 -4.73683 -32.9757
      vertex 41.2913 -4.81929 -32.3271
      vertex 40.6512 -4.94661 -32.3271
    endloop
  endfacet
  facet normal 0.0648435 -0.989364 -0.130207
    outer loop
      vertex 40 -4.90393 -32.9757
      vertex 40.6512 -4.94661 -32.3271
      vertex 40 -4.98929 -32.3271
    endloop
  endfacet
  facet normal -0.0654048 -0.997859 0
    outer loop
      vertex 39.5093 -4.95713 -17.0667
      vertex 39.3488 -4.94661 -17.0453
      vertex 39.3488 -4.94661 -32.3271
    endloop
  endfacet
  facet normal -0.0654002 -0.997859 -4.85998e-08
    outer loop
      vertex 40 -4.98929 -32.3271
      vertex 39.5093 -4.95713 -17.0667
      vertex 39.3488 -4.94661 -32.3271
    endloop
  endfacet
  facet normal -0.0653987 -0.997859 0
    outer loop
      vertex 40 -4.98929 -32.3271
      vertex 40 -4.98929 -17.0667
      vertex 39.5093 -4.95713 -17.0667
    endloop
  endfacet
  facet normal 0.0463084 -0.706364 -0.706333
    outer loop
      vertex 40.4303 -3.26852 -35.7593
      vertex 40.4907 -3.72704 -35.2968
      vertex 40 -3.29673 -35.7593
    endloop
  endfacet
  facet normal -0.609356 -0.694787 -0.382042
    outer loop
      vertex 37.2701 -3.55768 -34.2115
      vertex 37.1177 -3.75625 -33.6073
      vertex 36.6521 -3.3479 -33.6073
    endloop
  endfacet
  facet normal -0.195138 -0.980776 0
    outer loop
      vertex 39.027 -4.88262 -17.0453
      vertex 38.7087 -4.81929 -17.0006
      vertex 38.7087 -4.81929 -32.3271
    endloop
  endfacet
  facet normal -0.195085 -0.980786 -1.16078e-06
    outer loop
      vertex 39.3488 -4.94661 -32.3271
      vertex 39.027 -4.88262 -17.0453
      vertex 38.7087 -4.81929 -32.3271
    endloop
  endfacet
  facet normal -0.195032 -0.980797 0
    outer loop
      vertex 39.3488 -4.94661 -32.3271
      vertex 39.3488 -4.94661 -17.0453
      vertex 39.027 -4.88262 -17.0453
    endloop
  endfacet
  facet normal -0.636994 -0.7263 -0.258316
    outer loop
      vertex 37.1177 -3.75625 -33.6073
      vertex 37.0147 -3.89055 -32.9757
      vertex 36.6521 -3.3479 -33.6073
    endloop
  endfacet
  facet normal -0.694304 -0.138057 -0.706316
    outer loop
      vertex 36.7315 -0.430307 -35.7593
      vertex 36.8156 -0.853254 -35.7593
      vertex 36.3689 -0.972952 -35.2968
    endloop
  endfacet
  facet normal -0.459528 0.400777 -0.792598
    outer loop
      vertex 38.0243 1.97566 -36.1451
      vertex 38.0155 1.96557 -36.1451
      vertex 37.6689 2.33114 -35.7593
    endloop
  endfacet
  facet normal -0.458306 0.402018 -0.792677
    outer loop
      vertex 37.6689 2.33114 -35.7593
      vertex 38.0155 1.96557 -36.1451
      vertex 37.3845 2.00692 -35.7593
    endloop
  endfacet
  facet normal 0.0519353 0.792244 -0.607991
    outer loop
      vertex 40.5426 4.12178 -34.778
      vertex 40.4907 3.72704 -35.2968
      vertex 40 4.15735 -34.778
    endloop
  endfacet
  facet normal 0.255183 -0.751825 -0.607981
    outer loop
      vertex 41.591 -3.84089 -34.778
      vertex 41.076 -4.01569 -34.778
      vertex 40.973 -3.63111 -35.2968
    endloop
  endfacet
  facet normal 0.946883 -0.321578 0
    outer loop
      vertex 44.8193 -1.29132 -32.3271
      vertex 44.8193 -1.29132 -15.539
      vertex 44.7368 -1.53424 -15.7105
    endloop
  endfacet
  facet normal 0.946947 -0.321389 3.08709e-06
    outer loop
      vertex 44.8193 -1.29132 -32.3271
      vertex 44.7368 -1.53424 -15.7105
      vertex 44.6095 -1.90932 -15.7933
    endloop
  endfacet
  facet normal 0.946922 -0.321463 0
    outer loop
      vertex 44.8193 -1.29132 -32.3271
      vertex 44.6095 -1.90932 -15.7933
      vertex 44.6095 -1.90932 -32.3271
    endloop
  endfacet
  facet normal 0.972425 0.193514 -0.130163
    outer loop
      vertex 44.9466 0.651233 -32.3271
      vertex 44.862 0.64009 -32.9757
      vertex 44.7368 1.26923 -32.9757
    endloop
  endfacet
  facet normal 0.889232 -0.438503 -0.130316
    outer loop
      vertex 44.5306 -1.87665 -32.9757
      vertex 44.3209 -2.49465 -32.3271
      vertex 44.2469 -2.45196 -32.9757
    endloop
  endfacet
  facet normal 0.634972 -0.313008 -0.706284
    outer loop
      vertex 43.473 -1.43858 -35.2968
      vertex 43.2556 -1.8796 -35.2968
      vertex 43.0458 -1.2616 -35.7593
    endloop
  endfacet
  facet normal 0.922205 -0.0604365 -0.381949
    outer loop
      vertex 44.7346 0 -33.6073
      vertex 44.6941 -0.617993 -33.6073
      vertex 44.446 -0.585324 -34.2115
    endloop
  endfacet
  facet normal 0.318663 0.93888 -0.130223
    outer loop
      vertex 41.2913 4.81929 -32.3271
      vertex 41.8767 4.53064 -32.9757
      vertex 41.2692 4.73683 -32.9757
    endloop
  endfacet
  facet normal -0.255215 -0.751793 -0.608007
    outer loop
      vertex 38.5614 -3.47305 -35.2968
      vertex 39.027 -3.63111 -35.2968
      vertex 38.409 -3.84089 -34.778
    endloop
  endfacet
  facet normal 0.914774 -0.310537 -0.258371
    outer loop
      vertex 44.7368 -1.26923 -32.9757
      vertex 44.5306 -1.87665 -32.9757
      vertex 44.3742 -1.81187 -33.6073
    endloop
  endfacet
  facet normal 0.745434 -0.653719 -0.130303
    outer loop
      vertex 43.8905 -2.98532 -32.9757
      vertex 43.9583 -3.03729 -32.3271
      vertex 43.528 -3.52796 -32.3271
    endloop
  endfacet
  facet normal 0.550876 -0.824375 -0.13016
    outer loop
      vertex 42.9853 -3.89055 -32.9757
      vertex 42.4946 -4.32086 -32.3271
      vertex 42.452 -4.24692 -32.9757
    endloop
  endfacet
  facet normal 0.0648549 0.989362 -0.130218
    outer loop
      vertex 40.6512 4.94661 -32.3271
      vertex 40.6401 4.86197 -32.9757
      vertex 40 4.90393 -32.9757
    endloop
  endfacet
  facet normal -0.297033 0.875118 -0.38202
    outer loop
      vertex 38.7746 4.57332 -33.6073
      vertex 38.8394 4.33156 -34.2115
      vertex 38.1881 4.37425 -33.6073
    endloop
  endfacet
  facet normal 0.745472 0.653686 -0.130254
    outer loop
      vertex 43.528 3.52796 -32.3271
      vertex 43.8905 2.98532 -32.9757
      vertex 43.4676 3.4676 -32.9757
    endloop
  endfacet
  facet normal -0.577225 0.196005 -0.792713
    outer loop
      vertex 37.4187 1.06922 -36.1451
      vertex 37.3055 0.735852 -36.1451
      vertex 36.9542 1.2616 -35.7593
    endloop
  endfacet
  facet normal -0.866429 -0.427258 -0.258362
    outer loop
      vertex 35.8997 -2.36732 -33.6073
      vertex 35.7531 -2.45196 -32.9757
      vertex 35.4694 -1.87665 -32.9757
    endloop
  endfacet
  facet normal -0.963954 -0.0631725 -0.258461
    outer loop
      vertex 35.2654 0 -33.6073
      vertex 35.3059 -0.617993 -33.6073
      vertex 35.138 -0.64009 -32.9757
    endloop
  endfacet
  facet normal -0.0648549 0.989362 -0.130218
    outer loop
      vertex 40 4.90393 -32.9757
      vertex 39.3599 4.86197 -32.9757
      vertex 39.3488 4.94661 -32.3271
    endloop
  endfacet
  facet normal -0.89681 -0.442416 0
    outer loop
      vertex 35.4267 -1.9827 -15.8501
      vertex 35.3905 -1.90932 -15.7933
      vertex 35.3905 -1.90932 -32.3271
    endloop
  endfacet
  facet normal -0.896849 -0.442337 4.3841e-07
    outer loop
      vertex 35.6258 -2.38638 -16.0328
      vertex 35.4267 -1.9827 -15.8501
      vertex 35.3905 -1.90932 -32.3271
    endloop
  endfacet
  facet normal -0.896905 -0.442224 0
    outer loop
      vertex 35.6791 -2.49465 -32.3271
      vertex 35.6791 -2.49465 -16.0419
      vertex 35.3905 -1.90932 -32.3271
    endloop
  endfacet
  facet normal -0.897177 -0.441671 2.46716e-05
    outer loop
      vertex 35.6791 -2.49465 -16.0419
      vertex 35.6258 -2.38638 -16.0328
      vertex 35.3905 -1.90932 -32.3271
    endloop
  endfacet
  facet normal -0.778668 0.154899 -0.608015
    outer loop
      vertex 35.9843 1.076 -34.778
      vertex 36.3689 0.972952 -35.2968
      vertex 35.8782 0.542643 -34.778
    endloop
  endfacet
  facet normal -0.989375 0.0647641 -0.130162
    outer loop
      vertex 35.138 0.64009 -32.9757
      vertex 35.0961 0 -32.9757
      vertex 35.0534 0.651233 -32.3271
    endloop
  endfacet
  facet normal -0.997857 0.0654274 0
    outer loop
      vertex 35.0107 0 -32.3271
      vertex 35.0534 0.651233 -15.3271
      vertex 35.0534 0.651233 -32.3271
    endloop
  endfacet
  facet normal -0.997857 0.0654274 0
    outer loop
      vertex 35.0534 0.651233 -15.3271
      vertex 35.0107 0 -32.3271
      vertex 35.0107 0 -15.3271
    endloop
  endfacet
  facet normal -0.550806 -0.824409 -0.130236
    outer loop
      vertex 37.0147 -3.89055 -32.9757
      vertex 37.5054 -4.32086 -32.3271
      vertex 36.9627 -3.95827 -32.3271
    endloop
  endfacet
  facet normal -0.831387 -0.555695 0
    outer loop
      vertex 35.857 -2.76081 -16.1668
      vertex 35.6791 -2.49465 -16.0419
      vertex 35.6791 -2.49465 -32.3271
    endloop
  endfacet
  facet normal -0.831456 -0.555591 0
    outer loop
      vertex 36.0417 -3.03729 -32.3271
      vertex 36.0417 -3.03729 -16.265
      vertex 35.6791 -2.49465 -32.3271
    endloop
  endfacet
  facet normal -0.831522 -0.555492 4.81802e-06
    outer loop
      vertex 36.0417 -3.03729 -16.265
      vertex 35.857 -2.76081 -16.1668
      vertex 35.6791 -2.49465 -32.3271
    endloop
  endfacet
  facet normal -0.408737 -0.828849 -0.382026
    outer loop
      vertex 38.2839 -4.14301 -34.2115
      vertex 38.1881 -4.37425 -33.6073
      vertex 37.7578 -3.88357 -34.2115
    endloop
  endfacet
  facet normal -0.523473 -0.596965 -0.607955
    outer loop
      vertex 37.7115 -2.98237 -35.2968
      vertex 37.4692 -3.29825 -34.778
      vertex 37.0603 -2.93969 -34.778
    endloop
  endfacet
  facet normal 0.195975 -0.577279 -0.792681
    outer loop
      vertex 41.2616 -3.04578 -35.7593
      vertex 40.8533 -3.18439 -35.7593
      vertex 40.7359 -2.69449 -36.1451
    endloop
  endfacet
  facet normal 0.194516 -0.577681 -0.792747
    outer loop
      vertex 40.7359 -2.69449 -36.1451
      vertex 40.8533 -3.18439 -35.7593
      vertex 40.7231 -2.6988 -36.1451
    endloop
  endfacet
  facet normal -0.318663 -0.93888 -0.130223
    outer loop
      vertex 38.7308 -4.73683 -32.9757
      vertex 38.7087 -4.81929 -32.3271
      vertex 38.1233 -4.53064 -32.9757
    endloop
  endfacet
  facet normal -0.3187 -0.938873 -0.130186
    outer loop
      vertex 38.1233 -4.53064 -32.9757
      vertex 38.7087 -4.81929 -32.3271
      vertex 38.0907 -4.60951 -32.3271
    endloop
  endfacet
  facet normal 0.180302 -0.906397 -0.382016
    outer loop
      vertex 41.1606 -4.33156 -34.2115
      vertex 41.2254 -4.57332 -33.6073
      vertex 40.5853 -4.446 -34.2115
    endloop
  endfacet
  facet normal -0.906432 -0.180264 -0.381951
    outer loop
      vertex 35.554 -0.585324 -34.2115
      vertex 35.4267 -1.22542 -33.6073
      vertex 35.3059 -0.617993 -33.6073
    endloop
  endfacet
  facet normal -0.768425 -0.513459 -0.381946
    outer loop
      vertex 36.1164 -2.24218 -34.2115
      vertex 36.4423 -2.72991 -34.2115
      vertex 35.8997 -2.36732 -33.6073
    endloop
  endfacet
  facet normal 0.195032 -0.980797 0
    outer loop
      vertex 40.973 -4.88262 -17.0453
      vertex 40.6512 -4.94661 -17.0453
      vertex 40.6512 -4.94661 -32.3271
    endloop
  endfacet
  facet normal 0.195085 -0.980786 -1.16078e-06
    outer loop
      vertex 41.2913 -4.81929 -32.3271
      vertex 40.973 -4.88262 -17.0453
      vertex 40.6512 -4.94661 -32.3271
    endloop
  endfacet
  facet normal 0.195138 -0.980776 0
    outer loop
      vertex 41.2913 -4.81929 -32.3271
      vertex 41.2913 -4.81929 -17.0006
      vertex 40.973 -4.88262 -17.0453
    endloop
  endfacet
  facet normal 0.555538 -0.831491 0
    outer loop
      vertex 43.0373 -3.95827 -32.3271
      vertex 42.4946 -4.32086 -16.7856
      vertex 42.4946 -4.32086 -32.3271
    endloop
  endfacet
  facet normal 0.555443 -0.831555 -4.80789e-06
    outer loop
      vertex 43.0373 -3.95827 -32.3271
      vertex 42.5308 -4.29668 -16.7795
      vertex 42.4946 -4.32086 -16.7856
    endloop
  endfacet
  facet normal 0.555531 -0.831496 -6.64353e-07
    outer loop
      vertex 43.0373 -3.95827 -32.3271
      vertex 42.9397 -4.02349 -16.6942
      vertex 42.5308 -4.29668 -16.7795
    endloop
  endfacet
  facet normal 0.555604 -0.831447 0
    outer loop
      vertex 43.0373 -3.95827 -32.3271
      vertex 43.0373 -3.95827 -16.6481
      vertex 42.9397 -4.02349 -16.6942
    endloop
  endfacet
  facet normal 0.196002 -0.577252 -0.792694
    outer loop
      vertex 41.0692 -2.58132 -36.1451
      vertex 41.2616 -3.04578 -35.7593
      vertex 40.7359 -2.69449 -36.1451
    endloop
  endfacet
  facet normal 0.768425 -0.513459 -0.381946
    outer loop
      vertex 43.8836 -2.24218 -34.2115
      vertex 44.1003 -2.36732 -33.6073
      vertex 43.5577 -2.72991 -34.2115
    endloop
  endfacet
  facet normal -0.546737 -0.269611 -0.792709
    outer loop
      vertex 37.4187 -1.06922 -36.1451
      vertex 37.5744 -1.38496 -36.1451
      vertex 36.9542 -1.2616 -35.7593
    endloop
  endfacet
  facet normal -0.588578 0.393304 -0.70632
    outer loop
      vertex 37.3845 2.00692 -35.7593
      vertex 37.1449 1.64836 -35.7593
      vertex 36.7444 1.8796 -35.2968
    endloop
  endfacet
  facet normal 0.596991 0.523458 -0.607942
    outer loop
      vertex 43.2982 2.53083 -34.778
      vertex 42.9824 2.28846 -35.2968
      vertex 42.9397 2.93969 -34.778
    endloop
  endfacet
  facet normal 0.383272 0.777157 -0.499128
    outer loop
      vertex 42.2422 3.88357 -34.2115
      vertex 42.0787 3.60037 -34.778
      vertex 41.591 3.84089 -34.778
    endloop
  endfacet
  facet normal 0.989355 0.0648699 -0.130267
    outer loop
      vertex 44.9466 0.651233 -32.3271
      vertex 44.9893 0 -32.3271
      vertex 44.9039 0 -32.9757
    endloop
  endfacet
  facet normal 0.866431 -0.427249 -0.258371
    outer loop
      vertex 44.3742 -1.81187 -33.6073
      vertex 44.5306 -1.87665 -32.9757
      vertex 44.1003 -2.36732 -33.6073
    endloop
  endfacet
  facet normal 0.947444 0.188543 -0.258458
    outer loop
      vertex 44.7368 1.26923 -32.9757
      vertex 44.862 0.64009 -32.9757
      vertex 44.6941 0.617993 -33.6073
    endloop
  endfacet
  facet normal 0.938856 -0.318712 -0.130274
    outer loop
      vertex 44.7368 -1.26923 -32.9757
      vertex 44.8193 -1.29132 -32.3271
      vertex 44.5306 -1.87665 -32.9757
    endloop
  endfacet
  facet normal 0.963954 -0.0631725 -0.258461
    outer loop
      vertex 44.7346 0 -33.6073
      vertex 44.862 -0.64009 -32.9757
      vertex 44.6941 -0.617993 -33.6073
    endloop
  endfacet
  facet normal 0.577287 -0.195942 -0.792683
    outer loop
      vertex 43.1844 -0.853254 -35.7593
      vertex 43.0458 -1.2616 -35.7593
      vertex 42.6945 -0.735852 -36.1451
    endloop
  endfacet
  facet normal 0.577448 -0.19536 -0.79271
    outer loop
      vertex 42.6988 -0.723142 -36.1451
      vertex 43.1844 -0.853254 -35.7593
      vertex 42.6945 -0.735852 -36.1451
    endloop
  endfacet
  facet normal 0.778668 -0.154899 -0.608015
    outer loop
      vertex 44.1218 -0.542643 -34.778
      vertex 44.0157 -1.076 -34.778
      vertex 43.6311 -0.972952 -35.2968
    endloop
  endfacet
  facet normal 0.889263 0.438456 -0.130261
    outer loop
      vertex 44.6095 1.90932 -32.3271
      vertex 44.5306 1.87665 -32.9757
      vertex 44.3209 2.49465 -32.3271
    endloop
  endfacet
  facet normal 0.866429 0.427258 -0.258362
    outer loop
      vertex 44.2469 2.45196 -32.9757
      vertex 44.5306 1.87665 -32.9757
      vertex 44.1003 2.36732 -33.6073
    endloop
  endfacet
  facet normal 0.393239 -0.588584 -0.706351
    outer loop
      vertex 42.0069 -2.61547 -35.7593
      vertex 42.2885 -2.98237 -35.2968
      vertex 41.8796 -3.25556 -35.2968
    endloop
  endfacet
  facet normal 0.792205 -0.0518265 -0.60805
    outer loop
      vertex 44.1573 0 -34.778
      vertex 44.1218 -0.542643 -34.778
      vertex 43.727 -0.490671 -35.2968
    endloop
  endfacet
  facet normal 0.513395 -0.768422 -0.382037
    outer loop
      vertex 42.7299 -3.55768 -34.2115
      vertex 42.8823 -3.75625 -33.6073
      vertex 42.3673 -4.10033 -33.6073
    endloop
  endfacet
  facet normal 0.65371 -0.745453 -0.130242
    outer loop
      vertex 43.528 -3.52796 -32.3271
      vertex 43.0373 -3.95827 -32.3271
      vertex 42.9853 -3.89055 -32.9757
    endloop
  endfacet
  facet normal 0.824366 -0.550853 -0.130311
    outer loop
      vertex 44.3209 -2.49465 -32.3271
      vertex 43.9583 -3.03729 -32.3271
      vertex 43.8905 -2.98532 -32.9757
    endloop
  endfacet
  facet normal 0.980802 -0.195005 0
    outer loop
      vertex 44.9466 -0.651233 -32.3271
      vertex 44.9466 -0.651233 -15.3271
      vertex 44.862 -1.07674 -15.539
    endloop
  endfacet
  facet normal 0.98077 -0.195167 0
    outer loop
      vertex 44.862 -1.07674 -15.539
      vertex 44.8193 -1.29132 -15.539
      vertex 44.8193 -1.29132 -32.3271
    endloop
  endfacet
  facet normal 0.980792 -0.195059 -1.43122e-06
    outer loop
      vertex 44.9466 -0.651233 -32.3271
      vertex 44.862 -1.07674 -15.539
      vertex 44.8193 -1.29132 -32.3271
    endloop
  endfacet
  facet normal 0.938854 -0.318724 -0.130263
    outer loop
      vertex 44.8193 -1.29132 -32.3271
      vertex 44.6095 -1.90932 -32.3271
      vertex 44.5306 -1.87665 -32.9757
    endloop
  endfacet
  facet normal 0.751844 -0.659342 0
    outer loop
      vertex 43.9583 -3.03729 -32.3271
      vertex 43.9583 -3.03729 -16.265
      vertex 43.8836 -3.12247 -16.3313
    endloop
  endfacet
  facet normal 0.751824 -0.659364 -2.07341e-07
    outer loop
      vertex 43.9583 -3.03729 -32.3271
      vertex 43.8836 -3.12247 -16.3313
      vertex 43.5577 -3.49407 -16.4474
    endloop
  endfacet
  facet normal 0.752066 -0.659088 1.38337e-05
    outer loop
      vertex 43.9583 -3.03729 -32.3271
      vertex 43.5577 -3.49407 -16.4474
      vertex 43.528 -3.52796 -16.4556
    endloop
  endfacet
  facet normal 0.751844 -0.659341 0
    outer loop
      vertex 43.9583 -3.03729 -32.3271
      vertex 43.528 -3.52796 -16.4556
      vertex 43.528 -3.52796 -32.3271
    endloop
  endfacet
  facet normal 0.321674 0.94685 0
    outer loop
      vertex 41.9093 4.60951 -16.923
      vertex 41.9093 4.60951 -32.3271
      vertex 41.8796 4.6196 -16.9328
    endloop
  endfacet
  facet normal 0.321441 0.94693 -5.01987e-07
    outer loop
      vertex 41.8796 4.6196 -16.9328
      vertex 41.9093 4.60951 -32.3271
      vertex 41.4386 4.7693 -17.0006
    endloop
  endfacet
  facet normal 0.321436 0.946931 -6.77224e-07
    outer loop
      vertex 41.4386 4.7693 -17.0006
      vertex 41.9093 4.60951 -32.3271
      vertex 41.2913 4.81929 -32.3271
    endloop
  endfacet
  facet normal 0.321373 0.946953 0
    outer loop
      vertex 41.2913 4.81929 -17.0006
      vertex 41.4386 4.7693 -17.0006
      vertex 41.2913 4.81929 -32.3271
    endloop
  endfacet
  facet normal 0.180302 0.906397 -0.382016
    outer loop
      vertex 41.2254 4.57332 -33.6073
      vertex 41.1606 4.33156 -34.2115
      vertex 40.5853 4.446 -34.2115
    endloop
  endfacet
  facet normal 0.947498 0.18843 -0.258345
    outer loop
      vertex 44.7368 1.26923 -32.9757
      vertex 44.6941 0.617993 -33.6073
      vertex 44.5733 1.22542 -33.6073
    endloop
  endfacet
  facet normal 0.752066 0.659088 1.38337e-05
    outer loop
      vertex 43.5577 3.49407 -16.4474
      vertex 43.9583 3.03729 -32.3271
      vertex 43.528 3.52796 -16.4556
    endloop
  endfacet
  facet normal 0.751824 0.659364 -2.07341e-07
    outer loop
      vertex 43.8836 3.12247 -16.3313
      vertex 43.9583 3.03729 -32.3271
      vertex 43.5577 3.49407 -16.4474
    endloop
  endfacet
  facet normal 0.751844 0.659342 0
    outer loop
      vertex 43.9583 3.03729 -16.265
      vertex 43.9583 3.03729 -32.3271
      vertex 43.8836 3.12247 -16.3313
    endloop
  endfacet
  facet normal 0.751844 0.659341 0
    outer loop
      vertex 43.528 3.52796 -16.4556
      vertex 43.9583 3.03729 -32.3271
      vertex 43.528 3.52796 -32.3271
    endloop
  endfacet
  facet normal -0.980802 -0.195005 0
    outer loop
      vertex 35.138 -1.07674 -15.539
      vertex 35.0534 -0.651233 -15.3271
      vertex 35.0534 -0.651233 -32.3271
    endloop
  endfacet
  facet normal -0.980792 -0.195059 -1.43122e-06
    outer loop
      vertex 35.1807 -1.29132 -32.3271
      vertex 35.138 -1.07674 -15.539
      vertex 35.0534 -0.651233 -32.3271
    endloop
  endfacet
  facet normal -0.98077 -0.195167 0
    outer loop
      vertex 35.1807 -1.29132 -32.3271
      vertex 35.1807 -1.29132 -15.539
      vertex 35.138 -1.07674 -15.539
    endloop
  endfacet
  facet normal -0.849883 -0.169066 -0.499114
    outer loop
      vertex 35.8782 -0.542643 -34.778
      vertex 35.9843 -1.076 -34.778
      vertex 35.554 -0.585324 -34.2115
    endloop
  endfacet
  facet normal -0.820553 -0.278537 -0.499109
    outer loop
      vertex 35.9843 -1.076 -34.778
      vertex 36.1591 -1.59095 -34.778
      vertex 35.857 -1.71609 -34.2115
    endloop
  endfacet
  facet normal -0.914771 0.310565 -0.258345
    outer loop
      vertex 35.6258 1.81187 -33.6073
      vertex 35.4267 1.22542 -33.6073
      vertex 35.2632 1.26923 -32.9757
    endloop
  endfacet
  facet normal -0.87513 0.297107 -0.381936
    outer loop
      vertex 35.6258 1.81187 -33.6073
      vertex 35.6684 1.16064 -34.2115
      vertex 35.4267 1.22542 -33.6073
    endloop
  endfacet
  facet normal -0.922205 -0.0604365 -0.381949
    outer loop
      vertex 35.554 -0.585324 -34.2115
      vertex 35.3059 -0.617993 -33.6073
      vertex 35.2654 0 -33.6073
    endloop
  endfacet
  facet normal -0.778651 0.154832 -0.608054
    outer loop
      vertex 36.3689 0.972952 -35.2968
      vertex 36.273 0.490671 -35.2968
      vertex 35.8782 0.542643 -34.778
    endloop
  endfacet
  facet normal -0.751844 -0.659342 0
    outer loop
      vertex 36.1164 -3.12247 -16.3313
      vertex 36.0417 -3.03729 -16.265
      vertex 36.0417 -3.03729 -32.3271
    endloop
  endfacet
  facet normal -0.751824 -0.659364 -2.07341e-07
    outer loop
      vertex 36.4423 -3.49407 -16.4474
      vertex 36.1164 -3.12247 -16.3313
      vertex 36.0417 -3.03729 -32.3271
    endloop
  endfacet
  facet normal -0.751844 -0.659341 0
    outer loop
      vertex 36.472 -3.52796 -32.3271
      vertex 36.472 -3.52796 -16.4556
      vertex 36.0417 -3.03729 -32.3271
    endloop
  endfacet
  facet normal -0.752066 -0.659088 1.38337e-05
    outer loop
      vertex 36.472 -3.52796 -16.4556
      vertex 36.4423 -3.49407 -16.4474
      vertex 36.0417 -3.03729 -32.3271
    endloop
  endfacet
  facet normal -0.65371 -0.745453 -0.130242
    outer loop
      vertex 37.0147 -3.89055 -32.9757
      vertex 36.9627 -3.95827 -32.3271
      vertex 36.472 -3.52796 -32.3271
    endloop
  endfacet
  facet normal -0.706347 0.0463536 -0.706347
    outer loop
      vertex 36.273 0.490671 -35.2968
      vertex 36.7033 0 -35.7593
      vertex 36.2408 0 -35.2968
    endloop
  endfacet
  facet normal -0.989375 -0.0647641 -0.130162
    outer loop
      vertex 35.0961 0 -32.9757
      vertex 35.138 -0.64009 -32.9757
      vertex 35.0534 -0.651233 -32.3271
    endloop
  endfacet
  facet normal -0.98077 0.195167 0
    outer loop
      vertex 35.1807 1.29132 -15.539
      vertex 35.1807 1.29132 -32.3271
      vertex 35.138 1.07674 -15.539
    endloop
  endfacet
  facet normal -0.980792 0.195059 -1.43122e-06
    outer loop
      vertex 35.138 1.07674 -15.539
      vertex 35.1807 1.29132 -32.3271
      vertex 35.0534 0.651233 -32.3271
    endloop
  endfacet
  facet normal -0.980802 0.195005 0
    outer loop
      vertex 35.0534 0.651233 -15.3271
      vertex 35.138 1.07674 -15.539
      vertex 35.0534 0.651233 -32.3271
    endloop
  endfacet
  facet normal -0.947498 0.18843 -0.258345
    outer loop
      vertex 35.4267 1.22542 -33.6073
      vertex 35.3059 0.617993 -33.6073
      vertex 35.2632 1.26923 -32.9757
    endloop
  endfacet
  facet normal -0.914774 0.310537 -0.258371
    outer loop
      vertex 35.4694 1.87665 -32.9757
      vertex 35.6258 1.81187 -33.6073
      vertex 35.2632 1.26923 -32.9757
    endloop
  endfacet
  facet normal -0.989355 0.0648699 -0.130267
    outer loop
      vertex 35.0534 0.651233 -32.3271
      vertex 35.0961 0 -32.9757
      vertex 35.0107 0 -32.3271
    endloop
  endfacet
  facet normal -0.938854 -0.318724 -0.130263
    outer loop
      vertex 35.4694 -1.87665 -32.9757
      vertex 35.3905 -1.90932 -32.3271
      vertex 35.1807 -1.29132 -32.3271
    endloop
  endfacet
  facet normal -0.442438 -0.896799 0
    outer loop
      vertex 37.7115 -4.42254 -16.8567
      vertex 37.5054 -4.32086 -16.7856
      vertex 37.5054 -4.32086 -32.3271
    endloop
  endfacet
  facet normal -0.442231 -0.896901 -3.43795e-06
    outer loop
      vertex 38.0907 -4.60951 -16.923
      vertex 37.7115 -4.42254 -16.8567
      vertex 37.5054 -4.32086 -32.3271
    endloop
  endfacet
  facet normal -0.442303 -0.896865 0
    outer loop
      vertex 38.0907 -4.60951 -32.3271
      vertex 38.0907 -4.60951 -16.923
      vertex 37.5054 -4.32086 -32.3271
    endloop
  endfacet
  facet normal 0.0604387 -0.922179 -0.382013
    outer loop
      vertex 40 -4.48436 -34.2115
      vertex 40.5853 -4.446 -34.2115
      vertex 40 -4.73465 -33.6073
    endloop
  endfacet
  facet normal 0.427305 -0.866404 -0.25837
    outer loop
      vertex 42.3673 -4.10033 -33.6073
      vertex 41.8767 -4.53064 -32.9757
      vertex 41.8119 -4.37425 -33.6073
    endloop
  endfacet
  facet normal -0.427285 -0.866408 -0.258388
    outer loop
      vertex 37.6327 -4.10033 -33.6073
      vertex 38.1233 -4.53064 -32.9757
      vertex 37.548 -4.24692 -32.9757
    endloop
  endfacet
  facet normal 0.513462 -0.768405 -0.381982
    outer loop
      vertex 42.7299 -3.55768 -34.2115
      vertex 42.3673 -4.10033 -33.6073
      vertex 42.2422 -3.88357 -34.2115
    endloop
  endfacet
  facet normal -0.751794 -0.255197 -0.608014
    outer loop
      vertex 36.3689 -0.972952 -35.2968
      vertex 36.1591 -1.59095 -34.778
      vertex 35.9843 -1.076 -34.778
    endloop
  endfacet
  facet normal -0.466723 -0.532192 -0.706358
    outer loop
      vertex 37.9931 -2.61547 -35.7593
      vertex 37.7115 -2.98237 -35.2968
      vertex 37.3418 -2.65815 -35.2968
    endloop
  endfacet
  facet normal 0.297033 -0.875118 -0.38202
    outer loop
      vertex 41.8119 -4.37425 -33.6073
      vertex 41.2254 -4.57332 -33.6073
      vertex 41.1606 -4.33156 -34.2115
    endloop
  endfacet
  facet normal -0.720483 -0.481425 -0.499133
    outer loop
      vertex 36.3996 -2.07867 -34.778
      vertex 36.4423 -2.72991 -34.2115
      vertex 36.1164 -2.24218 -34.2115
    endloop
  endfacet
  facet normal 0.0462949 -0.706372 -0.706326
    outer loop
      vertex 40 -3.29673 -35.7593
      vertex 40.4907 -3.72704 -35.2968
      vertex 40 -3.7592 -35.2968
    endloop
  endfacet
  facet normal -0.188468 -0.947487 -0.258357
    outer loop
      vertex 38.7746 -4.57332 -33.6073
      vertex 39.382 -4.69414 -33.6073
      vertex 38.7308 -4.73683 -32.9757
    endloop
  endfacet
  facet normal -0.310487 -0.914792 -0.258366
    outer loop
      vertex 38.1881 -4.37425 -33.6073
      vertex 38.7308 -4.73683 -32.9757
      vertex 38.1233 -4.53064 -32.9757
    endloop
  endfacet
  facet normal 0.660169 0.441125 -0.607935
    outer loop
      vertex 43.2982 2.53083 -34.778
      vertex 43.2556 1.8796 -35.2968
      vertex 42.9824 2.28846 -35.2968
    endloop
  endfacet
  facet normal 0.706347 0.0463536 -0.706347
    outer loop
      vertex 43.727 0.490671 -35.2968
      vertex 43.7592 0 -35.2968
      vertex 43.2967 0 -35.7593
    endloop
  endfacet
  facet normal 0.596991 -0.523458 -0.607942
    outer loop
      vertex 42.9824 -2.28846 -35.2968
      vertex 43.2982 -2.53083 -34.778
      vertex 42.9397 -2.93969 -34.778
    endloop
  endfacet
  facet normal 0.408737 -0.828849 -0.382026
    outer loop
      vertex 42.2422 -3.88357 -34.2115
      vertex 41.8119 -4.37425 -33.6073
      vertex 41.7161 -4.14301 -34.2115
    endloop
  endfacet
  facet normal 0.278512 -0.820558 -0.499115
    outer loop
      vertex 41.591 -3.84089 -34.778
      vertex 41.7161 -4.14301 -34.2115
      vertex 41.076 -4.01569 -34.778
    endloop
  endfacet
  facet normal -0.65151 -0.571262 -0.499194
    outer loop
      vertex 36.7018 -2.53083 -34.778
      vertex 37.0603 -2.93969 -34.778
      vertex 36.4423 -2.72991 -34.2115
    endloop
  endfacet
  facet normal 0.441119 0.660102 -0.608012
    outer loop
      vertex 42.0787 3.60037 -34.778
      vertex 42.5308 3.29825 -34.778
      vertex 41.8796 3.25556 -35.2968
    endloop
  endfacet
  facet normal -0.227553 0.670308 -0.706334
    outer loop
      vertex 39.027 3.63111 -35.2968
      vertex 38.7384 3.04578 -35.7593
      vertex 38.5614 3.47305 -35.2968
    endloop
  endfacet
  facet normal 0.063191 0.963979 -0.258363
    outer loop
      vertex 40 4.90393 -32.9757
      vertex 40.6401 4.86197 -32.9757
      vertex 40 4.73465 -33.6073
    endloop
  endfacet
  facet normal 0.193424 0.972435 -0.130221
    outer loop
      vertex 41.2913 4.81929 -32.3271
      vertex 41.2692 4.73683 -32.9757
      vertex 40.6512 4.94661 -32.3271
    endloop
  endfacet
  facet normal 0.989375 -0.0647641 -0.130162
    outer loop
      vertex 44.9039 0 -32.9757
      vertex 44.9466 -0.651233 -32.3271
      vertex 44.862 -0.64009 -32.9757
    endloop
  endfacet
  facet normal 0.963954 0.0631725 -0.258461
    outer loop
      vertex 44.862 0.64009 -32.9757
      vertex 44.7346 0 -33.6073
      vertex 44.6941 0.617993 -33.6073
    endloop
  endfacet
  facet normal 0.778668 0.154899 -0.608015
    outer loop
      vertex 44.0157 1.076 -34.778
      vertex 44.1218 0.542643 -34.778
      vertex 43.6311 0.972952 -35.2968
    endloop
  endfacet
  facet normal 0.972425 -0.193514 -0.130163
    outer loop
      vertex 44.862 -0.64009 -32.9757
      vertex 44.9466 -0.651233 -32.3271
      vertex 44.7368 -1.26923 -32.9757
    endloop
  endfacet
  facet normal 0.87513 -0.297107 -0.381936
    outer loop
      vertex 44.5733 -1.22542 -33.6073
      vertex 44.3742 -1.81187 -33.6073
      vertex 44.3316 -1.16064 -34.2115
    endloop
  endfacet
  facet normal 0.875106 0.297137 -0.381967
    outer loop
      vertex 44.3742 1.81187 -33.6073
      vertex 44.3316 1.16064 -34.2115
      vertex 44.143 1.71609 -34.2115
    endloop
  endfacet
  facet normal 0.889232 0.438503 -0.130316
    outer loop
      vertex 44.3209 2.49465 -32.3271
      vertex 44.5306 1.87665 -32.9757
      vertex 44.2469 2.45196 -32.9757
    endloop
  endfacet
  facet normal 0.8205 0.278596 -0.499164
    outer loop
      vertex 44.143 1.71609 -34.2115
      vertex 44.3316 1.16064 -34.2115
      vertex 44.0157 1.076 -34.778
    endloop
  endfacet
  facet normal -0.408737 0.828849 -0.382026
    outer loop
      vertex 38.1881 4.37425 -33.6073
      vertex 38.2839 4.14301 -34.2115
      vertex 37.7578 3.88357 -34.2115
    endloop
  endfacet
  facet normal 0.16906 0.849879 -0.499124
    outer loop
      vertex 41.1606 4.33156 -34.2115
      vertex 41.076 4.01569 -34.778
      vertex 40.5853 4.446 -34.2115
    endloop
  endfacet
  facet normal 0.180295 0.906401 -0.382009
    outer loop
      vertex 40.618 4.69414 -33.6073
      vertex 41.2254 4.57332 -33.6073
      vertex 40.5853 4.446 -34.2115
    endloop
  endfacet
  facet normal 0.383256 0.777177 -0.49911
    outer loop
      vertex 41.7161 4.14301 -34.2115
      vertex 42.2422 3.88357 -34.2115
      vertex 41.591 3.84089 -34.778
    endloop
  endfacet
  facet normal 0.897177 0.441671 2.46716e-05
    outer loop
      vertex 44.3742 2.38638 -16.0328
      vertex 44.6095 1.90932 -32.3271
      vertex 44.3209 2.49465 -16.0419
    endloop
  endfacet
  facet normal 0.896849 0.442337 4.3841e-07
    outer loop
      vertex 44.5733 1.9827 -15.8501
      vertex 44.6095 1.90932 -32.3271
      vertex 44.3742 2.38638 -16.0328
    endloop
  endfacet
  facet normal 0.89681 0.442416 0
    outer loop
      vertex 44.6095 1.90932 -15.7933
      vertex 44.6095 1.90932 -32.3271
      vertex 44.5733 1.9827 -15.8501
    endloop
  endfacet
  facet normal 0.896905 0.442224 0
    outer loop
      vertex 44.3209 2.49465 -16.0419
      vertex 44.6095 1.90932 -32.3271
      vertex 44.3209 2.49465 -32.3271
    endloop
  endfacet
  facet normal 0.906432 -0.180264 -0.381951
    outer loop
      vertex 44.6941 -0.617993 -33.6073
      vertex 44.5733 -1.22542 -33.6073
      vertex 44.446 -0.585324 -34.2115
    endloop
  endfacet
  facet normal 0.864618 0.0565638 -0.499235
    outer loop
      vertex 44.4844 0 -34.2115
      vertex 44.1573 0 -34.778
      vertex 44.1218 0.542643 -34.778
    endloop
  endfacet
  facet normal 0.792272 0.0519924 -0.607948
    outer loop
      vertex 44.1573 0 -34.778
      vertex 43.7592 0 -35.2968
      vertex 43.727 0.490671 -35.2968
    endloop
  endfacet
  facet normal 0.751794 -0.255197 -0.608014
    outer loop
      vertex 44.0157 -1.076 -34.778
      vertex 43.8409 -1.59095 -34.778
      vertex 43.6311 -0.972952 -35.2968
    endloop
  endfacet
  facet normal 0.914771 -0.310565 -0.258345
    outer loop
      vertex 44.5733 -1.22542 -33.6073
      vertex 44.7368 -1.26923 -32.9757
      vertex 44.3742 -1.81187 -33.6073
    endloop
  endfacet
  facet normal 0.777174 -0.383233 -0.499132
    outer loop
      vertex 43.8409 -1.59095 -34.778
      vertex 43.8836 -2.24218 -34.2115
      vertex 43.6004 -2.07867 -34.778
    endloop
  endfacet
  facet normal 0.745472 -0.653686 -0.130254
    outer loop
      vertex 43.8905 -2.98532 -32.9757
      vertex 43.528 -3.52796 -32.3271
      vertex 43.4676 -3.4676 -32.9757
    endloop
  endfacet
  facet normal 0.653715 -0.745447 -0.130249
    outer loop
      vertex 43.4676 -3.4676 -32.9757
      vertex 43.528 -3.52796 -32.3271
      vertex 42.9853 -3.89055 -32.9757
    endloop
  endfacet
  facet normal 0.831387 -0.555695 0
    outer loop
      vertex 44.3209 -2.49465 -32.3271
      vertex 44.3209 -2.49465 -16.0419
      vertex 44.143 -2.76081 -16.1668
    endloop
  endfacet
  facet normal 0.831522 -0.555492 4.81802e-06
    outer loop
      vertex 44.3209 -2.49465 -32.3271
      vertex 44.143 -2.76081 -16.1668
      vertex 43.9583 -3.03729 -16.265
    endloop
  endfacet
  facet normal 0.831456 -0.555591 0
    outer loop
      vertex 44.3209 -2.49465 -32.3271
      vertex 43.9583 -3.03729 -16.265
      vertex 43.9583 -3.03729 -32.3271
    endloop
  endfacet
  facet normal 0.550806 -0.824409 -0.130236
    outer loop
      vertex 42.9853 -3.89055 -32.9757
      vertex 43.0373 -3.95827 -32.3271
      vertex 42.4946 -4.32086 -32.3271
    endloop
  endfacet
  facet normal 0.720483 -0.481425 -0.499133
    outer loop
      vertex 43.6004 -2.07867 -34.778
      vertex 43.8836 -2.24218 -34.2115
      vertex 43.5577 -2.72991 -34.2115
    endloop
  endfacet
  facet normal 0.824365 -0.550855 -0.13031
    outer loop
      vertex 44.2469 -2.45196 -32.9757
      vertex 44.3209 -2.49465 -32.3271
      vertex 43.8905 -2.98532 -32.9757
    endloop
  endfacet
  facet normal -0.193436 0.972434 -0.13021
    outer loop
      vertex 39.3488 4.94661 -32.3271
      vertex 39.3599 4.86197 -32.9757
      vertex 38.7308 4.73683 -32.9757
    endloop
  endfacet
  facet normal 0.65371 0.745453 -0.130242
    outer loop
      vertex 43.0373 3.95827 -32.3271
      vertex 43.528 3.52796 -32.3271
      vertex 42.9853 3.89055 -32.9757
    endloop
  endfacet
  facet normal -0.138092 0.694276 -0.706336
    outer loop
      vertex 39.5093 3.72704 -35.2968
      vertex 39.5697 3.26852 -35.7593
      vertex 39.027 3.63111 -35.2968
    endloop
  endfacet
  facet normal 0.193436 0.972434 -0.13021
    outer loop
      vertex 40.6512 4.94661 -32.3271
      vertex 41.2692 4.73683 -32.9757
      vertex 40.6401 4.86197 -32.9757
    endloop
  endfacet
  facet normal -0.0463084 0.706364 -0.706333
    outer loop
      vertex 40 3.29673 -35.7593
      vertex 39.5697 3.26852 -35.7593
      vertex 39.5093 3.72704 -35.2968
    endloop
  endfacet
  facet normal -0.946922 0.321463 0
    outer loop
      vertex 35.3905 1.90932 -15.7933
      vertex 35.3905 1.90932 -32.3271
      vertex 35.1807 1.29132 -32.3271
    endloop
  endfacet
  facet normal -0.946947 0.321389 3.08709e-06
    outer loop
      vertex 35.2632 1.53424 -15.7105
      vertex 35.3905 1.90932 -15.7933
      vertex 35.1807 1.29132 -32.3271
    endloop
  endfacet
  facet normal -0.946883 0.321578 0
    outer loop
      vertex 35.1807 1.29132 -15.539
      vertex 35.2632 1.53424 -15.7105
      vertex 35.1807 1.29132 -32.3271
    endloop
  endfacet
  facet normal -0.938854 0.318724 -0.130263
    outer loop
      vertex 35.3905 1.90932 -32.3271
      vertex 35.4694 1.87665 -32.9757
      vertex 35.1807 1.29132 -32.3271
    endloop
  endfacet
  facet normal -0.989355 -0.0648699 -0.130267
    outer loop
      vertex 35.0961 0 -32.9757
      vertex 35.0534 -0.651233 -32.3271
      vertex 35.0107 0 -32.3271
    endloop
  endfacet
  facet normal 0.906432 0.180264 -0.381951
    outer loop
      vertex 44.5733 1.22542 -33.6073
      vertex 44.6941 0.617993 -33.6073
      vertex 44.446 0.585324 -34.2115
    endloop
  endfacet
  facet normal 0.98077 0.195167 0
    outer loop
      vertex 44.8193 1.29132 -15.539
      vertex 44.862 1.07674 -15.539
      vertex 44.8193 1.29132 -32.3271
    endloop
  endfacet
  facet normal 0.980802 0.195005 0
    outer loop
      vertex 44.9466 0.651233 -15.3271
      vertex 44.9466 0.651233 -32.3271
      vertex 44.862 1.07674 -15.539
    endloop
  endfacet
  facet normal 0.980792 0.195059 -1.43122e-06
    outer loop
      vertex 44.862 1.07674 -15.539
      vertex 44.9466 0.651233 -32.3271
      vertex 44.8193 1.29132 -32.3271
    endloop
  endfacet
  facet normal 0.938854 0.318724 -0.130263
    outer loop
      vertex 44.6095 1.90932 -32.3271
      vertex 44.8193 1.29132 -32.3271
      vertex 44.5306 1.87665 -32.9757
    endloop
  endfacet
  facet normal 0.938856 0.318712 -0.130274
    outer loop
      vertex 44.8193 1.29132 -32.3271
      vertex 44.7368 1.26923 -32.9757
      vertex 44.5306 1.87665 -32.9757
    endloop
  endfacet
  facet normal 0.659218 0.751952 0
    outer loop
      vertex 43.528 3.52796 -16.4556
      vertex 43.528 3.52796 -32.3271
      vertex 43.2982 3.72942 -16.5794
    endloop
  endfacet
  facet normal 0.659421 0.751774 5.25247e-06
    outer loop
      vertex 43.2982 3.72942 -16.5794
      vertex 43.528 3.52796 -32.3271
      vertex 43.0373 3.95827 -16.6481
    endloop
  endfacet
  facet normal 0.659326 0.751857 0
    outer loop
      vertex 43.0373 3.95827 -16.6481
      vertex 43.528 3.52796 -32.3271
      vertex 43.0373 3.95827 -32.3271
    endloop
  endfacet
  facet normal 0.550876 0.824375 -0.13016
    outer loop
      vertex 42.4946 4.32086 -32.3271
      vertex 42.9853 3.89055 -32.9757
      vertex 42.452 4.24692 -32.9757
    endloop
  endfacet
  facet normal -0.946883 -0.321578 0
    outer loop
      vertex 35.2632 -1.53424 -15.7105
      vertex 35.1807 -1.29132 -15.539
      vertex 35.1807 -1.29132 -32.3271
    endloop
  endfacet
  facet normal -0.946922 -0.321463 0
    outer loop
      vertex 35.3905 -1.90932 -32.3271
      vertex 35.3905 -1.90932 -15.7933
      vertex 35.1807 -1.29132 -32.3271
    endloop
  endfacet
  facet normal -0.946947 -0.321389 3.08709e-06
    outer loop
      vertex 35.3905 -1.90932 -15.7933
      vertex 35.2632 -1.53424 -15.7105
      vertex 35.1807 -1.29132 -32.3271
    endloop
  endfacet
  facet normal -0.720401 -0.481478 -0.4992
    outer loop
      vertex 36.7018 -2.53083 -34.778
      vertex 36.4423 -2.72991 -34.2115
      vertex 36.3996 -2.07867 -34.778
    endloop
  endfacet
  facet normal -0.745434 -0.653719 -0.130303
    outer loop
      vertex 36.1095 -2.98532 -32.9757
      vertex 36.472 -3.52796 -32.3271
      vertex 36.0417 -3.03729 -32.3271
    endloop
  endfacet
  facet normal -0.824366 0.550853 -0.130311
    outer loop
      vertex 36.0417 3.03729 -32.3271
      vertex 36.1095 2.98532 -32.9757
      vertex 35.6791 2.49465 -32.3271
    endloop
  endfacet
  facet normal -0.442303 0.896865 0
    outer loop
      vertex 38.0907 4.60951 -16.923
      vertex 38.0907 4.60951 -32.3271
      vertex 37.5054 4.32086 -32.3271
    endloop
  endfacet
  facet normal -0.442231 0.896901 -3.43795e-06
    outer loop
      vertex 37.7115 4.42254 -16.8567
      vertex 38.0907 4.60951 -16.923
      vertex 37.5054 4.32086 -32.3271
    endloop
  endfacet
  facet normal -0.442438 0.896799 0
    outer loop
      vertex 37.5054 4.32086 -16.7856
      vertex 37.7115 4.42254 -16.8567
      vertex 37.5054 4.32086 -32.3271
    endloop
  endfacet
  facet normal -0.180302 0.906397 -0.382016
    outer loop
      vertex 39.4147 4.446 -34.2115
      vertex 38.8394 4.33156 -34.2115
      vertex 38.7746 4.57332 -33.6073
    endloop
  endfacet
  facet normal -0.745434 0.653719 -0.130303
    outer loop
      vertex 36.472 3.52796 -32.3271
      vertex 36.1095 2.98532 -32.9757
      vertex 36.0417 3.03729 -32.3271
    endloop
  endfacet
  facet normal -0.828892 0.408703 -0.381969
    outer loop
      vertex 36.1164 2.24218 -34.2115
      vertex 35.857 1.71609 -34.2115
      vertex 35.6258 1.81187 -33.6073
    endloop
  endfacet
  facet normal -0.706382 0.0462925 -0.706315
    outer loop
      vertex 36.7315 0.430307 -35.7593
      vertex 36.7033 0 -35.7593
      vertex 36.273 0.490671 -35.2968
    endloop
  endfacet
  facet normal -0.751794 0.255197 -0.608014
    outer loop
      vertex 36.1591 1.59095 -34.778
      vertex 36.3689 0.972952 -35.2968
      vertex 35.9843 1.076 -34.778
    endloop
  endfacet
  facet normal -0.706347 -0.0463536 -0.706347
    outer loop
      vertex 36.7033 0 -35.7593
      vertex 36.273 -0.490671 -35.2968
      vertex 36.2408 0 -35.2968
    endloop
  endfacet
  facet normal -0.694303 -0.13806 -0.706317
    outer loop
      vertex 36.7315 -0.430307 -35.7593
      vertex 36.3689 -0.972952 -35.2968
      vertex 36.273 -0.490671 -35.2968
    endloop
  endfacet
  facet normal -0.824366 -0.550853 -0.130311
    outer loop
      vertex 36.1095 -2.98532 -32.9757
      vertex 36.0417 -3.03729 -32.3271
      vertex 35.6791 -2.49465 -32.3271
    endloop
  endfacet
  facet normal -0.824365 -0.550855 -0.13031
    outer loop
      vertex 35.7531 -2.45196 -32.9757
      vertex 36.1095 -2.98532 -32.9757
      vertex 35.6791 -2.49465 -32.3271
    endloop
  endfacet
  facet normal -0.864676 0.0567268 -0.499116
    outer loop
      vertex 35.554 0.585324 -34.2115
      vertex 35.8782 0.542643 -34.778
      vertex 35.5156 0 -34.2115
    endloop
  endfacet
  facet normal -0.922224 -0.0605022 -0.381894
    outer loop
      vertex 35.5156 0 -34.2115
      vertex 35.554 -0.585324 -34.2115
      vertex 35.2654 0 -33.6073
    endloop
  endfacet
  facet normal -0.997857 -0.0654274 0
    outer loop
      vertex 35.0534 -0.651233 -32.3271
      vertex 35.0107 0 -15.3271
      vertex 35.0107 0 -32.3271
    endloop
  endfacet
  facet normal -0.997857 -0.0654274 0
    outer loop
      vertex 35.0107 0 -15.3271
      vertex 35.0534 -0.651233 -32.3271
      vertex 35.0534 -0.651233 -15.3271
    endloop
  endfacet
  facet normal -0.972425 0.193514 -0.130163
    outer loop
      vertex 35.2632 1.26923 -32.9757
      vertex 35.138 0.64009 -32.9757
      vertex 35.0534 0.651233 -32.3271
    endloop
  endfacet
  facet normal -0.947444 0.188543 -0.258458
    outer loop
      vertex 35.2632 1.26923 -32.9757
      vertex 35.3059 0.617993 -33.6073
      vertex 35.138 0.64009 -32.9757
    endloop
  endfacet
  facet normal -0.571362 0.651491 -0.499105
    outer loop
      vertex 37.2701 3.55768 -34.2115
      vertex 37.0603 2.93969 -34.778
      vertex 36.8291 3.17092 -34.2115
    endloop
  endfacet
  facet normal -0.513462 0.768405 -0.381982
    outer loop
      vertex 37.6327 4.10033 -33.6073
      vertex 37.7578 3.88357 -34.2115
      vertex 37.2701 3.55768 -34.2115
    endloop
  endfacet
  facet normal -0.550876 -0.824375 -0.13016
    outer loop
      vertex 37.548 -4.24692 -32.9757
      vertex 37.5054 -4.32086 -32.3271
      vertex 37.0147 -3.89055 -32.9757
    endloop
  endfacet
  facet normal 0.438542 -0.889233 -0.130175
    outer loop
      vertex 42.452 -4.24692 -32.9757
      vertex 42.4946 -4.32086 -32.3271
      vertex 41.8767 -4.53064 -32.9757
    endloop
  endfacet
  facet normal 0.43854 -0.889234 -0.130173
    outer loop
      vertex 42.4946 -4.32086 -32.3271
      vertex 41.9093 -4.60951 -32.3271
      vertex 41.8767 -4.53064 -32.9757
    endloop
  endfacet
  facet normal 0.383256 -0.777177 -0.49911
    outer loop
      vertex 42.2422 -3.88357 -34.2115
      vertex 41.7161 -4.14301 -34.2115
      vertex 41.591 -3.84089 -34.778
    endloop
  endfacet
  facet normal 0.571362 -0.651491 -0.499105
    outer loop
      vertex 42.9397 -2.93969 -34.778
      vertex 43.1709 -3.17092 -34.2115
      vertex 42.7299 -3.55768 -34.2115
    endloop
  endfacet
  facet normal -0.777174 -0.383233 -0.499132
    outer loop
      vertex 36.1591 -1.59095 -34.778
      vertex 36.3996 -2.07867 -34.778
      vertex 36.1164 -2.24218 -34.2115
    endloop
  endfacet
  facet normal -0.828888 -0.408736 -0.381942
    outer loop
      vertex 36.1164 -2.24218 -34.2115
      vertex 35.8997 -2.36732 -33.6073
      vertex 35.6258 -1.81187 -33.6073
    endloop
  endfacet
  facet normal -0.694778 -0.609374 -0.38203
    outer loop
      vertex 36.8291 -3.17092 -34.2115
      vertex 36.6521 -3.3479 -33.6073
      vertex 36.4423 -2.72991 -34.2115
    endloop
  endfacet
  facet normal -0.651469 -0.571389 -0.499103
    outer loop
      vertex 37.0603 -2.93969 -34.778
      vertex 36.8291 -3.17092 -34.2115
      vertex 36.4423 -2.72991 -34.2115
    endloop
  endfacet
  facet normal -0.536734 -0.803211 -0.258398
    outer loop
      vertex 37.6327 -4.10033 -33.6073
      vertex 37.548 -4.24692 -32.9757
      vertex 37.0147 -3.89055 -32.9757
    endloop
  endfacet
  facet normal -0.297035 -0.875116 -0.382022
    outer loop
      vertex 38.2839 -4.14301 -34.2115
      vertex 38.8394 -4.33156 -34.2115
      vertex 38.1881 -4.37425 -33.6073
    endloop
  endfacet
  facet normal -0.712078 -0.351133 -0.607989
    outer loop
      vertex 36.7444 -1.8796 -35.2968
      vertex 36.3996 -2.07867 -34.778
      vertex 36.1591 -1.59095 -34.778
    endloop
  endfacet
  facet normal -0.712079 -0.351018 -0.608054
    outer loop
      vertex 36.527 -1.43858 -35.2968
      vertex 36.7444 -1.8796 -35.2968
      vertex 36.1591 -1.59095 -34.778
    endloop
  endfacet
  facet normal -0.0604492 -0.922182 -0.382004
    outer loop
      vertex 39.4147 -4.446 -34.2115
      vertex 40 -4.73465 -33.6073
      vertex 39.382 -4.69414 -33.6073
    endloop
  endfacet
  facet normal -0.227553 -0.670308 -0.706334
    outer loop
      vertex 38.7384 -3.04578 -35.7593
      vertex 39.027 -3.63111 -35.2968
      vertex 38.5614 -3.47305 -35.2968
    endloop
  endfacet
  facet normal 0.442303 -0.896865 0
    outer loop
      vertex 42.4946 -4.32086 -32.3271
      vertex 41.9093 -4.60951 -16.923
      vertex 41.9093 -4.60951 -32.3271
    endloop
  endfacet
  facet normal 0.442231 -0.896901 -3.43795e-06
    outer loop
      vertex 42.4946 -4.32086 -32.3271
      vertex 42.2885 -4.42254 -16.8567
      vertex 41.9093 -4.60951 -16.923
    endloop
  endfacet
  facet normal 0.442438 -0.896799 0
    outer loop
      vertex 42.4946 -4.32086 -32.3271
      vertex 42.4946 -4.32086 -16.7856
      vertex 42.2885 -4.42254 -16.8567
    endloop
  endfacet
  facet normal 0.0653987 -0.997859 0
    outer loop
      vertex 40.4907 -4.95713 -17.0667
      vertex 40 -4.98929 -17.0667
      vertex 40 -4.98929 -32.3271
    endloop
  endfacet
  facet normal 0.0654002 -0.997859 -4.85998e-08
    outer loop
      vertex 40.6512 -4.94661 -32.3271
      vertex 40.4907 -4.95713 -17.0667
      vertex 40 -4.98929 -32.3271
    endloop
  endfacet
  facet normal 0.0654048 -0.997859 0
    outer loop
      vertex 40.6512 -4.94661 -32.3271
      vertex 40.6512 -4.94661 -17.0453
      vertex 40.4907 -4.95713 -17.0667
    endloop
  endfacet
  facet normal -0.321674 -0.94685 0
    outer loop
      vertex 38.1204 -4.6196 -16.9328
      vertex 38.0907 -4.60951 -16.923
      vertex 38.0907 -4.60951 -32.3271
    endloop
  endfacet
  facet normal -0.321441 -0.94693 -5.01987e-07
    outer loop
      vertex 38.5614 -4.7693 -17.0006
      vertex 38.1204 -4.6196 -16.9328
      vertex 38.0907 -4.60951 -32.3271
    endloop
  endfacet
  facet normal -0.321436 -0.946931 -6.77224e-07
    outer loop
      vertex 38.7087 -4.81929 -32.3271
      vertex 38.5614 -4.7693 -17.0006
      vertex 38.0907 -4.60951 -32.3271
    endloop
  endfacet
  facet normal -0.321373 -0.946953 0
    outer loop
      vertex 38.7087 -4.81929 -32.3271
      vertex 38.7087 -4.81929 -17.0006
      vertex 38.5614 -4.7693 -17.0006
    endloop
  endfacet
  facet normal -0.659218 -0.751952 0
    outer loop
      vertex 36.7018 -3.72942 -16.5794
      vertex 36.472 -3.52796 -16.4556
      vertex 36.472 -3.52796 -32.3271
    endloop
  endfacet
  facet normal -0.659421 -0.751774 5.25247e-06
    outer loop
      vertex 36.9627 -3.95827 -16.6481
      vertex 36.7018 -3.72942 -16.5794
      vertex 36.472 -3.52796 -32.3271
    endloop
  endfacet
  facet normal -0.659326 -0.751857 0
    outer loop
      vertex 36.9627 -3.95827 -32.3271
      vertex 36.9627 -3.95827 -16.6481
      vertex 36.472 -3.52796 -32.3271
    endloop
  endfacet
  facet normal -0.555604 -0.831447 0
    outer loop
      vertex 37.0603 -4.02349 -16.6942
      vertex 36.9627 -3.95827 -16.6481
      vertex 36.9627 -3.95827 -32.3271
    endloop
  endfacet
  facet normal -0.555531 -0.831496 -6.64353e-07
    outer loop
      vertex 37.4692 -4.29668 -16.7795
      vertex 37.0603 -4.02349 -16.6942
      vertex 36.9627 -3.95827 -32.3271
    endloop
  endfacet
  facet normal -0.555443 -0.831555 -4.80789e-06
    outer loop
      vertex 37.5054 -4.32086 -16.7856
      vertex 37.4692 -4.29668 -16.7795
      vertex 36.9627 -3.95827 -32.3271
    endloop
  endfacet
  facet normal -0.555538 -0.831491 0
    outer loop
      vertex 37.5054 -4.32086 -32.3271
      vertex 37.5054 -4.32086 -16.7856
      vertex 36.9627 -3.95827 -32.3271
    endloop
  endfacet
  facet normal 0.321373 -0.946953 0
    outer loop
      vertex 41.4386 -4.7693 -17.0006
      vertex 41.2913 -4.81929 -17.0006
      vertex 41.2913 -4.81929 -32.3271
    endloop
  endfacet
  facet normal 0.321436 -0.946931 -6.77224e-07
    outer loop
      vertex 41.9093 -4.60951 -32.3271
      vertex 41.4386 -4.7693 -17.0006
      vertex 41.2913 -4.81929 -32.3271
    endloop
  endfacet
  facet normal 0.321441 -0.94693 -5.01987e-07
    outer loop
      vertex 41.9093 -4.60951 -32.3271
      vertex 41.8796 -4.6196 -16.9328
      vertex 41.4386 -4.7693 -17.0006
    endloop
  endfacet
  facet normal 0.321674 -0.94685 0
    outer loop
      vertex 41.9093 -4.60951 -32.3271
      vertex 41.9093 -4.60951 -16.923
      vertex 41.8796 -4.6196 -16.9328
    endloop
  endfacet
  facet normal -0.0519353 0.792244 -0.607991
    outer loop
      vertex 40 4.15735 -34.778
      vertex 39.5093 3.72704 -35.2968
      vertex 39.4574 4.12178 -34.778
    endloop
  endfacet
  facet normal 0.506935 0.338607 -0.792693
    outer loop
      vertex 42.6155 2.00692 -35.7593
      vertex 42.855 1.64836 -35.7593
      vertex 42.2241 1.68972 -36.1451
    endloop
  endfacet
  facet normal 0.505895 0.339983 -0.792768
    outer loop
      vertex 42.6155 2.00692 -35.7593
      vertex 42.2241 1.68972 -36.1451
      vertex 42.2166 1.70088 -36.1451
    endloop
  endfacet
  facet normal 0.634779 -0.313155 -0.706392
    outer loop
      vertex 43.0458 -1.2616 -35.7593
      vertex 43.2556 -1.8796 -35.2968
      vertex 42.855 -1.64836 -35.7593
    endloop
  endfacet
  facet normal 0.660092 -0.441171 -0.607987
    outer loop
      vertex 43.6004 -2.07867 -34.778
      vertex 43.2982 -2.53083 -34.778
      vertex 43.2556 -1.8796 -35.2968
    endloop
  endfacet
  facet normal 0.532223 -0.466733 -0.706328
    outer loop
      vertex 42.9824 -2.28846 -35.2968
      vertex 42.6582 -2.65815 -35.2968
      vertex 42.6155 -2.00692 -35.7593
    endloop
  endfacet
  facet normal 0.0519225 -0.792238 -0.607999
    outer loop
      vertex 40 -3.7592 -35.2968
      vertex 40.4907 -3.72704 -35.2968
      vertex 40 -4.15735 -34.778
    endloop
  endfacet
  facet normal 0.227557 -0.670308 -0.706332
    outer loop
      vertex 41.2616 -3.04578 -35.7593
      vertex 40.973 -3.63111 -35.2968
      vertex 40.8533 -3.18439 -35.7593
    endloop
  endfacet
  facet normal -0.0462949 -0.706372 -0.706326
    outer loop
      vertex 40 -3.29673 -35.7593
      vertex 40 -3.7592 -35.2968
      vertex 39.5093 -3.72704 -35.2968
    endloop
  endfacet
  facet normal 0.351161 -0.712045 -0.608011
    outer loop
      vertex 41.8796 -3.25556 -35.2968
      vertex 42.0787 -3.60037 -34.778
      vertex 41.591 -3.84089 -34.778
    endloop
  endfacet
  facet normal 0.441073 -0.660181 -0.60796
    outer loop
      vertex 42.2885 -2.98237 -35.2968
      vertex 42.5308 -3.29825 -34.778
      vertex 41.8796 -3.25556 -35.2968
    endloop
  endfacet
  facet normal 0.297035 -0.875116 -0.382022
    outer loop
      vertex 41.7161 -4.14301 -34.2115
      vertex 41.8119 -4.37425 -33.6073
      vertex 41.1606 -4.33156 -34.2115
    endloop
  endfacet
  facet normal 0.310499 -0.914791 -0.258356
    outer loop
      vertex 41.8119 -4.37425 -33.6073
      vertex 41.2692 -4.73683 -32.9757
      vertex 41.2254 -4.57332 -33.6073
    endloop
  endfacet
  facet normal -0.670346 -0.22761 -0.706279
    outer loop
      vertex 36.9542 -1.2616 -35.7593
      vertex 36.527 -1.43858 -35.2968
      vertex 36.3689 -0.972952 -35.2968
    endloop
  endfacet
  facet normal -0.505895 -0.339983 -0.792768
    outer loop
      vertex 37.7759 -1.68972 -36.1451
      vertex 37.7834 -1.70088 -36.1451
      vertex 37.3845 -2.00692 -35.7593
    endloop
  endfacet
  facet normal -0.506865 -0.338701 -0.792698
    outer loop
      vertex 37.7759 -1.68972 -36.1451
      vertex 37.3845 -2.00692 -35.7593
      vertex 37.1449 -1.64836 -35.7593
    endloop
  endfacet
  facet normal -0.269578 -0.546774 -0.792695
    outer loop
      vertex 38.9308 -2.58132 -36.1451
      vertex 38.7384 -3.04578 -35.7593
      vertex 38.615 -2.42562 -36.1451
    endloop
  endfacet
  facet normal -0.706382 -0.0462925 -0.706315
    outer loop
      vertex 36.7033 0 -35.7593
      vertex 36.7315 -0.430307 -35.7593
      vertex 36.273 -0.490671 -35.2968
    endloop
  endfacet
  facet normal -0.694303 0.13806 -0.706317
    outer loop
      vertex 36.3689 0.972952 -35.2968
      vertex 36.7315 0.430307 -35.7593
      vertex 36.273 0.490671 -35.2968
    endloop
  endfacet
  facet normal -0.597927 0.118968 -0.792673
    outer loop
      vertex 37.2986 0.709973 -36.1451
      vertex 37.2299 0.364691 -36.1451
      vertex 36.7315 0.430307 -35.7593
    endloop
  endfacet
  facet normal -0.196002 0.577252 -0.792694
    outer loop
      vertex 39.2641 2.69449 -36.1451
      vertex 38.9308 2.58132 -36.1451
      vertex 38.7384 3.04578 -35.7593
    endloop
  endfacet
  facet normal -0.505895 0.339983 -0.792768
    outer loop
      vertex 37.7834 1.70088 -36.1451
      vertex 37.7759 1.68972 -36.1451
      vertex 37.3845 2.00692 -35.7593
    endloop
  endfacet
  facet normal -0.506865 0.338701 -0.792698
    outer loop
      vertex 37.3845 2.00692 -35.7593
      vertex 37.7759 1.68972 -36.1451
      vertex 37.1449 1.64836 -35.7593
    endloop
  endfacet
  facet normal 0.963977 0.0631015 -0.258393
    outer loop
      vertex 44.862 0.64009 -32.9757
      vertex 44.9039 0 -32.9757
      vertex 44.7346 0 -33.6073
    endloop
  endfacet
  facet normal 0.989375 0.0647641 -0.130162
    outer loop
      vertex 44.9466 0.651233 -32.3271
      vertex 44.9039 0 -32.9757
      vertex 44.862 0.64009 -32.9757
    endloop
  endfacet
  facet normal 0.906443 0.180244 -0.381932
    outer loop
      vertex 44.5733 1.22542 -33.6073
      vertex 44.446 0.585324 -34.2115
      vertex 44.3316 1.16064 -34.2115
    endloop
  endfacet
  facet normal 0.828892 0.408703 -0.381969
    outer loop
      vertex 44.3742 1.81187 -33.6073
      vertex 44.143 1.71609 -34.2115
      vertex 43.8836 2.24218 -34.2115
    endloop
  endfacet
  facet normal 0.889263 -0.438456 -0.130261
    outer loop
      vertex 44.5306 -1.87665 -32.9757
      vertex 44.6095 -1.90932 -32.3271
      vertex 44.3209 -2.49465 -32.3271
    endloop
  endfacet
  facet normal 0.972433 -0.193397 -0.130277
    outer loop
      vertex 44.9466 -0.651233 -32.3271
      vertex 44.8193 -1.29132 -32.3271
      vertex 44.7368 -1.26923 -32.9757
    endloop
  endfacet
  facet normal 0.777197 0.383214 -0.499111
    outer loop
      vertex 43.8836 2.24218 -34.2115
      vertex 44.143 1.71609 -34.2115
      vertex 43.8409 1.59095 -34.778
    endloop
  endfacet
  facet normal 0.778651 0.154832 -0.608054
    outer loop
      vertex 44.1218 0.542643 -34.778
      vertex 43.727 0.490671 -35.2968
      vertex 43.6311 0.972952 -35.2968
    endloop
  endfacet
  facet normal 0.694304 0.138057 -0.706316
    outer loop
      vertex 43.6311 0.972952 -35.2968
      vertex 43.2685 0.430307 -35.7593
      vertex 43.1844 0.853254 -35.7593
    endloop
  endfacet
  facet normal 0.52349 0.596923 -0.607981
    outer loop
      vertex 42.9397 2.93969 -34.778
      vertex 42.6582 2.65815 -35.2968
      vertex 42.2885 2.98237 -35.2968
    endloop
  endfacet
  facet normal 0.726349 0.636918 -0.258365
    outer loop
      vertex 43.4676 3.4676 -32.9757
      vertex 43.8905 2.98532 -32.9757
      vertex 43.3479 3.3479 -33.6073
    endloop
  endfacet
  facet normal 0.154884 0.778697 -0.607982
    outer loop
      vertex 40.5426 4.12178 -34.778
      vertex 40.973 3.63111 -35.2968
      vertex 40.4907 3.72704 -35.2968
    endloop
  endfacet
  facet normal -0.0604492 0.922182 -0.382004
    outer loop
      vertex 40 4.73465 -33.6073
      vertex 39.4147 4.446 -34.2115
      vertex 39.382 4.69414 -33.6073
    endloop
  endfacet
  facet normal 0.297033 0.875118 -0.38202
    outer loop
      vertex 41.2254 4.57332 -33.6073
      vertex 41.8119 4.37425 -33.6073
      vertex 41.1606 4.33156 -34.2115
    endloop
  endfacet
  facet normal 0.849883 -0.169066 -0.499114
    outer loop
      vertex 44.1218 -0.542643 -34.778
      vertex 44.446 -0.585324 -34.2115
      vertex 44.0157 -1.076 -34.778
    endloop
  endfacet
  facet normal 0.922224 -0.0605022 -0.381894
    outer loop
      vertex 44.4844 0 -34.2115
      vertex 44.7346 0 -33.6073
      vertex 44.446 -0.585324 -34.2115
    endloop
  endfacet
  facet normal 0.694303 -0.13806 -0.706317
    outer loop
      vertex 43.727 -0.490671 -35.2968
      vertex 43.6311 -0.972952 -35.2968
      vertex 43.2685 -0.430307 -35.7593
    endloop
  endfacet
  facet normal 0.792205 0.0518265 -0.60805
    outer loop
      vertex 44.1218 0.542643 -34.778
      vertex 44.1573 0 -34.778
      vertex 43.727 0.490671 -35.2968
    endloop
  endfacet
  facet normal 0.778651 -0.154832 -0.608054
    outer loop
      vertex 43.727 -0.490671 -35.2968
      vertex 44.1218 -0.542643 -34.778
      vertex 43.6311 -0.972952 -35.2968
    endloop
  endfacet
  facet normal 0.706382 -0.0462925 -0.706315
    outer loop
      vertex 43.2967 0 -35.7593
      vertex 43.727 -0.490671 -35.2968
      vertex 43.2685 -0.430307 -35.7593
    endloop
  endfacet
  facet normal 0.820553 -0.278537 -0.499109
    outer loop
      vertex 44.0157 -1.076 -34.778
      vertex 44.143 -1.71609 -34.2115
      vertex 43.8409 -1.59095 -34.778
    endloop
  endfacet
  facet normal 0.777197 -0.383214 -0.499111
    outer loop
      vertex 44.143 -1.71609 -34.2115
      vertex 43.8836 -2.24218 -34.2115
      vertex 43.8409 -1.59095 -34.778
    endloop
  endfacet
  facet normal 0.828892 -0.408703 -0.381969
    outer loop
      vertex 44.143 -1.71609 -34.2115
      vertex 44.3742 -1.81187 -33.6073
      vertex 43.8836 -2.24218 -34.2115
    endloop
  endfacet
  facet normal 0.8205 -0.278596 -0.499164
    outer loop
      vertex 44.3316 -1.16064 -34.2115
      vertex 44.143 -1.71609 -34.2115
      vertex 44.0157 -1.076 -34.778
    endloop
  endfacet
  facet normal 0.768421 -0.513474 -0.381934
    outer loop
      vertex 44.1003 -2.36732 -33.6073
      vertex 43.7562 -2.88227 -33.6073
      vertex 43.5577 -2.72991 -34.2115
    endloop
  endfacet
  facet normal 0.694778 -0.609374 -0.38203
    outer loop
      vertex 43.5577 -2.72991 -34.2115
      vertex 43.3479 -3.3479 -33.6073
      vertex 43.1709 -3.17092 -34.2115
    endloop
  endfacet
  facet normal 0.726349 -0.636918 -0.258365
    outer loop
      vertex 43.8905 -2.98532 -32.9757
      vertex 43.4676 -3.4676 -32.9757
      vertex 43.3479 -3.3479 -33.6073
    endloop
  endfacet
  facet normal 0.636946 -0.726325 -0.258365
    outer loop
      vertex 43.3479 -3.3479 -33.6073
      vertex 43.4676 -3.4676 -32.9757
      vertex 42.9853 -3.89055 -32.9757
    endloop
  endfacet
  facet normal 0.659326 -0.751857 0
    outer loop
      vertex 43.528 -3.52796 -32.3271
      vertex 43.0373 -3.95827 -16.6481
      vertex 43.0373 -3.95827 -32.3271
    endloop
  endfacet
  facet normal 0.659421 -0.751774 5.25247e-06
    outer loop
      vertex 43.528 -3.52796 -32.3271
      vertex 43.2982 -3.72942 -16.5794
      vertex 43.0373 -3.95827 -16.6481
    endloop
  endfacet
  facet normal 0.659218 -0.751952 0
    outer loop
      vertex 43.528 -3.52796 -32.3271
      vertex 43.528 -3.52796 -16.4556
      vertex 43.2982 -3.72942 -16.5794
    endloop
  endfacet
  facet normal 0.803226 -0.536729 -0.258362
    outer loop
      vertex 44.1003 -2.36732 -33.6073
      vertex 44.2469 -2.45196 -32.9757
      vertex 43.8905 -2.98532 -32.9757
    endloop
  endfacet
  facet normal 0.866429 -0.427258 -0.258362
    outer loop
      vertex 44.5306 -1.87665 -32.9757
      vertex 44.2469 -2.45196 -32.9757
      vertex 44.1003 -2.36732 -33.6073
    endloop
  endfacet
  facet normal -0.438542 0.889233 -0.130175
    outer loop
      vertex 38.1233 4.53064 -32.9757
      vertex 37.548 4.24692 -32.9757
      vertex 37.5054 4.32086 -32.3271
    endloop
  endfacet
  facet normal -0.0653987 0.997859 0
    outer loop
      vertex 40 4.98929 -17.0667
      vertex 40 4.98929 -32.3271
      vertex 39.5093 4.95713 -17.0667
    endloop
  endfacet
  facet normal -0.0654002 0.997859 -4.85998e-08
    outer loop
      vertex 39.5093 4.95713 -17.0667
      vertex 40 4.98929 -32.3271
      vertex 39.3488 4.94661 -32.3271
    endloop
  endfacet
  facet normal -0.0654048 0.997859 0
    outer loop
      vertex 39.3488 4.94661 -17.0453
      vertex 39.5093 4.95713 -17.0667
      vertex 39.3488 4.94661 -32.3271
    endloop
  endfacet
  facet normal 0.442438 0.896799 0
    outer loop
      vertex 42.4946 4.32086 -16.7856
      vertex 42.4946 4.32086 -32.3271
      vertex 42.2885 4.42254 -16.8567
    endloop
  endfacet
  facet normal 0.442231 0.896901 -3.43795e-06
    outer loop
      vertex 42.2885 4.42254 -16.8567
      vertex 42.4946 4.32086 -32.3271
      vertex 41.9093 4.60951 -16.923
    endloop
  endfacet
  facet normal 0.442303 0.896865 0
    outer loop
      vertex 41.9093 4.60951 -16.923
      vertex 42.4946 4.32086 -32.3271
      vertex 41.9093 4.60951 -32.3271
    endloop
  endfacet
  facet normal -0.0648435 0.989364 -0.130207
    outer loop
      vertex 40 4.98929 -32.3271
      vertex 40 4.90393 -32.9757
      vertex 39.3488 4.94661 -32.3271
    endloop
  endfacet
  facet normal 0.0648435 0.989364 -0.130207
    outer loop
      vertex 40 4.98929 -32.3271
      vertex 40.6512 4.94661 -32.3271
      vertex 40 4.90393 -32.9757
    endloop
  endfacet
  facet normal 0.310499 0.914791 -0.258356
    outer loop
      vertex 41.2692 4.73683 -32.9757
      vertex 41.8119 4.37425 -33.6073
      vertex 41.2254 4.57332 -33.6073
    endloop
  endfacet
  facet normal 0.536679 0.803271 -0.258324
    outer loop
      vertex 42.9853 3.89055 -32.9757
      vertex 42.8823 3.75625 -33.6073
      vertex 42.3673 4.10033 -33.6073
    endloop
  endfacet
  facet normal -0.938856 0.318712 -0.130274
    outer loop
      vertex 35.4694 1.87665 -32.9757
      vertex 35.2632 1.26923 -32.9757
      vertex 35.1807 1.29132 -32.3271
    endloop
  endfacet
  facet normal -0.972433 0.193397 -0.130277
    outer loop
      vertex 35.1807 1.29132 -32.3271
      vertex 35.2632 1.26923 -32.9757
      vertex 35.0534 0.651233 -32.3271
    endloop
  endfacet
  facet normal -0.896905 0.442224 0
    outer loop
      vertex 35.6791 2.49465 -16.0419
      vertex 35.6791 2.49465 -32.3271
      vertex 35.3905 1.90932 -32.3271
    endloop
  endfacet
  facet normal -0.897177 0.441671 2.46716e-05
    outer loop
      vertex 35.6258 2.38638 -16.0328
      vertex 35.6791 2.49465 -16.0419
      vertex 35.3905 1.90932 -32.3271
    endloop
  endfacet
  facet normal -0.896849 0.442337 4.3841e-07
    outer loop
      vertex 35.4267 1.9827 -15.8501
      vertex 35.6258 2.38638 -16.0328
      vertex 35.3905 1.90932 -32.3271
    endloop
  endfacet
  facet normal -0.89681 0.442416 0
    outer loop
      vertex 35.3905 1.90932 -15.7933
      vertex 35.4267 1.9827 -15.8501
      vertex 35.3905 1.90932 -32.3271
    endloop
  endfacet
  facet normal 0.768425 0.513459 -0.381946
    outer loop
      vertex 44.1003 2.36732 -33.6073
      vertex 43.8836 2.24218 -34.2115
      vertex 43.5577 2.72991 -34.2115
    endloop
  endfacet
  facet normal 0.914774 0.310537 -0.258371
    outer loop
      vertex 44.5306 1.87665 -32.9757
      vertex 44.7368 1.26923 -32.9757
      vertex 44.3742 1.81187 -33.6073
    endloop
  endfacet
  facet normal 0.946947 0.321389 3.08709e-06
    outer loop
      vertex 44.7368 1.53424 -15.7105
      vertex 44.8193 1.29132 -32.3271
      vertex 44.6095 1.90932 -15.7933
    endloop
  endfacet
  facet normal 0.946883 0.321578 0
    outer loop
      vertex 44.8193 1.29132 -15.539
      vertex 44.8193 1.29132 -32.3271
      vertex 44.7368 1.53424 -15.7105
    endloop
  endfacet
  facet normal 0.946922 0.321463 0
    outer loop
      vertex 44.6095 1.90932 -15.7933
      vertex 44.8193 1.29132 -32.3271
      vertex 44.6095 1.90932 -32.3271
    endloop
  endfacet
  facet normal -0.963977 -0.0631015 -0.258393
    outer loop
      vertex 35.2654 0 -33.6073
      vertex 35.138 -0.64009 -32.9757
      vertex 35.0961 0 -32.9757
    endloop
  endfacet
  facet normal -0.947498 -0.18843 -0.258345
    outer loop
      vertex 35.3059 -0.617993 -33.6073
      vertex 35.4267 -1.22542 -33.6073
      vertex 35.2632 -1.26923 -32.9757
    endloop
  endfacet
  facet normal -0.914774 -0.310537 -0.258371
    outer loop
      vertex 35.6258 -1.81187 -33.6073
      vertex 35.4694 -1.87665 -32.9757
      vertex 35.2632 -1.26923 -32.9757
    endloop
  endfacet
  facet normal -0.914771 -0.310565 -0.258345
    outer loop
      vertex 35.4267 -1.22542 -33.6073
      vertex 35.6258 -1.81187 -33.6073
      vertex 35.2632 -1.26923 -32.9757
    endloop
  endfacet
  facet normal -0.712078 0.351133 -0.607989
    outer loop
      vertex 36.3996 2.07867 -34.778
      vertex 36.7444 1.8796 -35.2968
      vertex 36.1591 1.59095 -34.778
    endloop
  endfacet
  facet normal -0.43854 0.889234 -0.130173
    outer loop
      vertex 38.0907 4.60951 -32.3271
      vertex 38.1233 4.53064 -32.9757
      vertex 37.5054 4.32086 -32.3271
    endloop
  endfacet
  facet normal -0.180295 0.906401 -0.382009
    outer loop
      vertex 39.382 4.69414 -33.6073
      vertex 39.4147 4.446 -34.2115
      vertex 38.7746 4.57332 -33.6073
    endloop
  endfacet
  facet normal -0.3187 0.938873 -0.130186
    outer loop
      vertex 38.7087 4.81929 -32.3271
      vertex 38.1233 4.53064 -32.9757
      vertex 38.0907 4.60951 -32.3271
    endloop
  endfacet
  facet normal -0.195032 0.980797 0
    outer loop
      vertex 39.3488 4.94661 -17.0453
      vertex 39.3488 4.94661 -32.3271
      vertex 39.027 4.88262 -17.0453
    endloop
  endfacet
  facet normal -0.195085 0.980786 -1.16078e-06
    outer loop
      vertex 39.027 4.88262 -17.0453
      vertex 39.3488 4.94661 -32.3271
      vertex 38.7087 4.81929 -32.3271
    endloop
  endfacet
  facet normal -0.195138 0.980776 0
    outer loop
      vertex 38.7087 4.81929 -17.0006
      vertex 39.027 4.88262 -17.0453
      vertex 38.7087 4.81929 -32.3271
    endloop
  endfacet
  facet normal -0.063189 0.963979 -0.258362
    outer loop
      vertex 40 4.73465 -33.6073
      vertex 39.382 4.69414 -33.6073
      vertex 39.3599 4.86197 -32.9757
    endloop
  endfacet
  facet normal -0.063191 0.963979 -0.258363
    outer loop
      vertex 40 4.90393 -32.9757
      vertex 40 4.73465 -33.6073
      vertex 39.3599 4.86197 -32.9757
    endloop
  endfacet
  facet normal -0.651469 0.571389 -0.499103
    outer loop
      vertex 36.8291 3.17092 -34.2115
      vertex 37.0603 2.93969 -34.778
      vertex 36.4423 2.72991 -34.2115
    endloop
  endfacet
  facet normal -0.720401 0.481478 -0.4992
    outer loop
      vertex 36.4423 2.72991 -34.2115
      vertex 36.7018 2.53083 -34.778
      vertex 36.3996 2.07867 -34.778
    endloop
  endfacet
  facet normal -0.269578 0.546774 -0.792695
    outer loop
      vertex 38.7384 3.04578 -35.7593
      vertex 38.9308 2.58132 -36.1451
      vertex 38.615 2.42562 -36.1451
    endloop
  endfacet
  facet normal -0.119551 0.597755 -0.792715
    outer loop
      vertex 39.29 2.70142 -36.1451
      vertex 39.2769 2.6988 -36.1451
      vertex 39.1467 3.18439 -35.7593
    endloop
  endfacet
  facet normal -0.118919 0.597919 -0.792686
    outer loop
      vertex 39.5697 3.26852 -35.7593
      vertex 39.29 2.70142 -36.1451
      vertex 39.1467 3.18439 -35.7593
    endloop
  endfacet
  facet normal -0.338701 0.506865 -0.792698
    outer loop
      vertex 38.3516 2.85505 -35.7593
      vertex 38.603 2.41968 -36.1451
      vertex 38.3103 2.22409 -36.1451
    endloop
  endfacet
  facet normal -0.337981 0.507424 -0.792647
    outer loop
      vertex 38.3103 2.22409 -36.1451
      vertex 38.2991 2.21663 -36.1451
      vertex 37.9931 2.61547 -35.7593
    endloop
  endfacet
  facet normal -0.338727 0.506861 -0.792689
    outer loop
      vertex 38.3516 2.85505 -35.7593
      vertex 38.3103 2.22409 -36.1451
      vertex 37.9931 2.61547 -35.7593
    endloop
  endfacet
  facet normal -0.8205 0.278596 -0.499164
    outer loop
      vertex 35.857 1.71609 -34.2115
      vertex 35.9843 1.076 -34.778
      vertex 35.6684 1.16064 -34.2115
    endloop
  endfacet
  facet normal -0.820553 0.278537 -0.499109
    outer loop
      vertex 36.1591 1.59095 -34.778
      vertex 35.9843 1.076 -34.778
      vertex 35.857 1.71609 -34.2115
    endloop
  endfacet
  facet normal -0.849883 0.169066 -0.499114
    outer loop
      vertex 35.9843 1.076 -34.778
      vertex 35.8782 0.542643 -34.778
      vertex 35.554 0.585324 -34.2115
    endloop
  endfacet
  facet normal -0.778651 -0.154832 -0.608054
    outer loop
      vertex 36.273 -0.490671 -35.2968
      vertex 36.3689 -0.972952 -35.2968
      vertex 35.8782 -0.542643 -34.778
    endloop
  endfacet
  facet normal -0.963977 0.0631015 -0.258393
    outer loop
      vertex 35.138 0.64009 -32.9757
      vertex 35.2654 0 -33.6073
      vertex 35.0961 0 -32.9757
    endloop
  endfacet
  facet normal -0.963954 0.0631725 -0.258461
    outer loop
      vertex 35.3059 0.617993 -33.6073
      vertex 35.2654 0 -33.6073
      vertex 35.138 0.64009 -32.9757
    endloop
  endfacet
  facet normal 0.310487 -0.914792 -0.258366
    outer loop
      vertex 41.8119 -4.37425 -33.6073
      vertex 41.8767 -4.53064 -32.9757
      vertex 41.2692 -4.73683 -32.9757
    endloop
  endfacet
  facet normal 0.318663 -0.93888 -0.130223
    outer loop
      vertex 41.8767 -4.53064 -32.9757
      vertex 41.2913 -4.81929 -32.3271
      vertex 41.2692 -4.73683 -32.9757
    endloop
  endfacet
  facet normal 0.427285 -0.866408 -0.258388
    outer loop
      vertex 42.3673 -4.10033 -33.6073
      vertex 42.452 -4.24692 -32.9757
      vertex 41.8767 -4.53064 -32.9757
    endloop
  endfacet
  facet normal 0.536734 -0.803211 -0.258398
    outer loop
      vertex 42.9853 -3.89055 -32.9757
      vertex 42.452 -4.24692 -32.9757
      vertex 42.3673 -4.10033 -33.6073
    endloop
  endfacet
  facet normal 0.227553 -0.670308 -0.706334
    outer loop
      vertex 41.2616 -3.04578 -35.7593
      vertex 41.4386 -3.47305 -35.2968
      vertex 40.973 -3.63111 -35.2968
    endloop
  endfacet
  facet normal 0.408781 -0.828844 -0.38199
    outer loop
      vertex 42.2422 -3.88357 -34.2115
      vertex 42.3673 -4.10033 -33.6073
      vertex 41.8119 -4.37425 -33.6073
    endloop
  endfacet
  facet normal -0.768453 -0.513347 -0.38204
    outer loop
      vertex 36.4423 -2.72991 -34.2115
      vertex 36.2437 -2.88227 -33.6073
      vertex 35.8997 -2.36732 -33.6073
    endloop
  endfacet
  facet normal -0.694771 -0.609378 -0.382036
    outer loop
      vertex 36.4423 -2.72991 -34.2115
      vertex 36.6521 -3.3479 -33.6073
      vertex 36.2437 -2.88227 -33.6073
    endloop
  endfacet
  facet normal -0.351163 -0.712045 -0.60801
    outer loop
      vertex 38.5614 -3.47305 -35.2968
      vertex 38.409 -3.84089 -34.778
      vertex 38.1204 -3.25556 -35.2968
    endloop
  endfacet
  facet normal -0.154884 -0.778697 -0.607982
    outer loop
      vertex 39.5093 -3.72704 -35.2968
      vertex 39.4574 -4.12178 -34.778
      vertex 39.027 -3.63111 -35.2968
    endloop
  endfacet
  facet normal -0.383272 -0.777157 -0.499128
    outer loop
      vertex 37.9213 -3.60037 -34.778
      vertex 38.409 -3.84089 -34.778
      vertex 37.7578 -3.88357 -34.2115
    endloop
  endfacet
  facet normal 0.063189 -0.963979 -0.258362
    outer loop
      vertex 40.618 -4.69414 -33.6073
      vertex 40.6401 -4.86197 -32.9757
      vertex 40 -4.73465 -33.6073
    endloop
  endfacet
  facet normal -0.0566694 -0.864667 -0.499139
    outer loop
      vertex 39.4574 -4.12178 -34.778
      vertex 40 -4.48436 -34.2115
      vertex 39.4147 -4.446 -34.2115
    endloop
  endfacet
  facet normal -0.180302 -0.906397 -0.382016
    outer loop
      vertex 38.8394 -4.33156 -34.2115
      vertex 39.4147 -4.446 -34.2115
      vertex 38.7746 -4.57332 -33.6073
    endloop
  endfacet
  facet normal -0.441073 -0.660181 -0.60796
    outer loop
      vertex 37.7115 -2.98237 -35.2968
      vertex 38.1204 -3.25556 -35.2968
      vertex 37.4692 -3.29825 -34.778
    endloop
  endfacet
  facet normal -0.588578 -0.393304 -0.70632
    outer loop
      vertex 37.1449 -1.64836 -35.7593
      vertex 37.3845 -2.00692 -35.7593
      vertex 36.7444 -1.8796 -35.2968
    endloop
  endfacet
  facet normal -0.571362 -0.651491 -0.499105
    outer loop
      vertex 37.0603 -2.93969 -34.778
      vertex 37.2701 -3.55768 -34.2115
      vertex 36.8291 -3.17092 -34.2115
    endloop
  endfacet
  facet normal -0.609347 -0.694803 -0.382027
    outer loop
      vertex 36.8291 -3.17092 -34.2115
      vertex 37.2701 -3.55768 -34.2115
      vertex 36.6521 -3.3479 -33.6073
    endloop
  endfacet
  facet normal -0.169035 -0.849873 -0.499142
    outer loop
      vertex 39.4574 -4.12178 -34.778
      vertex 39.4147 -4.446 -34.2115
      vertex 38.924 -4.01569 -34.778
    endloop
  endfacet
  facet normal -0.0463084 -0.706364 -0.706333
    outer loop
      vertex 39.5697 -3.26852 -35.7593
      vertex 40 -3.29673 -35.7593
      vertex 39.5093 -3.72704 -35.2968
    endloop
  endfacet
  facet normal -0.313101 -0.634869 -0.706334
    outer loop
      vertex 38.7384 -3.04578 -35.7593
      vertex 38.5614 -3.47305 -35.2968
      vertex 38.1204 -3.25556 -35.2968
    endloop
  endfacet
  facet normal -0.255183 -0.751825 -0.607981
    outer loop
      vertex 39.027 -3.63111 -35.2968
      vertex 38.924 -4.01569 -34.778
      vertex 38.409 -3.84089 -34.778
    endloop
  endfacet
  facet normal -0.636946 -0.726325 -0.258365
    outer loop
      vertex 36.6521 -3.3479 -33.6073
      vertex 37.0147 -3.89055 -32.9757
      vertex 36.5324 -3.4676 -32.9757
    endloop
  endfacet
  facet normal -0.653715 -0.745447 -0.130249
    outer loop
      vertex 36.5324 -3.4676 -32.9757
      vertex 37.0147 -3.89055 -32.9757
      vertex 36.472 -3.52796 -32.3271
    endloop
  endfacet
  facet normal -0.438542 -0.889233 -0.130175
    outer loop
      vertex 37.548 -4.24692 -32.9757
      vertex 38.1233 -4.53064 -32.9757
      vertex 37.5054 -4.32086 -32.3271
    endloop
  endfacet
  facet normal -0.43854 -0.889234 -0.130173
    outer loop
      vertex 38.1233 -4.53064 -32.9757
      vertex 38.0907 -4.60951 -32.3271
      vertex 37.5054 -4.32086 -32.3271
    endloop
  endfacet
  facet normal 0.506918 0.33873 -0.792651
    outer loop
      vertex 42.855 1.64836 -35.7593
      vertex 42.4197 1.397 -36.1451
      vertex 42.2241 1.68972 -36.1451
    endloop
  endfacet
  facet normal 0.634972 0.313008 -0.706284
    outer loop
      vertex 43.2556 1.8796 -35.2968
      vertex 43.473 1.43858 -35.2968
      vertex 43.0458 1.2616 -35.7593
    endloop
  endfacet
  facet normal 0.608346 -0.0398294 -0.792672
    outer loop
      vertex 42.7931 -0.0133944 -36.1451
      vertex 43.2685 -0.430307 -35.7593
      vertex 42.7701 -0.364691 -36.1451
    endloop
  endfacet
  facet normal 0.588597 -0.393153 -0.706388
    outer loop
      vertex 42.855 -1.64836 -35.7593
      vertex 43.2556 -1.8796 -35.2968
      vertex 42.6155 -2.00692 -35.7593
    endloop
  endfacet
  facet normal 0.577225 0.196005 -0.792713
    outer loop
      vertex 43.0458 1.2616 -35.7593
      vertex 42.6945 0.735852 -36.1451
      vertex 42.5813 1.06922 -36.1451
    endloop
  endfacet
  facet normal 0.458338 -0.401905 -0.792716
    outer loop
      vertex 42.2166 -1.70088 -36.1451
      vertex 42.6155 -2.00692 -35.7593
      vertex 41.9845 -1.96557 -36.1451
    endloop
  endfacet
  facet normal 0.546736 -0.269721 -0.792673
    outer loop
      vertex 43.0458 -1.2616 -35.7593
      vertex 42.855 -1.64836 -35.7593
      vertex 42.4256 -1.38496 -36.1451
    endloop
  endfacet
  facet normal 0.547536 -0.268311 -0.7926
    outer loop
      vertex 42.4256 -1.38496 -36.1451
      vertex 42.855 -1.64836 -35.7593
      vertex 42.4197 -1.397 -36.1451
    endloop
  endfacet
  facet normal 0.596934 -0.523482 -0.607977
    outer loop
      vertex 42.9824 -2.28846 -35.2968
      vertex 42.9397 -2.93969 -34.778
      vertex 42.6582 -2.65815 -35.2968
    endloop
  endfacet
  facet normal 0.169035 -0.849873 -0.499142
    outer loop
      vertex 41.076 -4.01569 -34.778
      vertex 40.5853 -4.446 -34.2115
      vertex 40.5426 -4.12178 -34.778
    endloop
  endfacet
  facet normal 0.138085 -0.694282 -0.706332
    outer loop
      vertex 40.8533 -3.18439 -35.7593
      vertex 40.973 -3.63111 -35.2968
      vertex 40.4303 -3.26852 -35.7593
    endloop
  endfacet
  facet normal 0.154878 -0.778695 -0.607986
    outer loop
      vertex 40.973 -3.63111 -35.2968
      vertex 41.076 -4.01569 -34.778
      vertex 40.5426 -4.12178 -34.778
    endloop
  endfacet
  facet normal 0.523473 -0.596965 -0.607955
    outer loop
      vertex 42.9397 -2.93969 -34.778
      vertex 42.5308 -3.29825 -34.778
      vertex 42.2885 -2.98237 -35.2968
    endloop
  endfacet
  facet normal 0.571302 -0.65151 -0.499148
    outer loop
      vertex 42.9397 -2.93969 -34.778
      vertex 42.7299 -3.55768 -34.2115
      vertex 42.5308 -3.29825 -34.778
    endloop
  endfacet
  facet normal 0.255215 -0.751793 -0.608007
    outer loop
      vertex 41.4386 -3.47305 -35.2968
      vertex 41.591 -3.84089 -34.778
      vertex 40.973 -3.63111 -35.2968
    endloop
  endfacet
  facet normal 0.351163 -0.712045 -0.60801
    outer loop
      vertex 41.8796 -3.25556 -35.2968
      vertex 41.591 -3.84089 -34.778
      vertex 41.4386 -3.47305 -35.2968
    endloop
  endfacet
  facet normal -0.458338 -0.401905 -0.792716
    outer loop
      vertex 37.7834 -1.70088 -36.1451
      vertex 38.0155 -1.96557 -36.1451
      vertex 37.3845 -2.00692 -35.7593
    endloop
  endfacet
  facet normal -0.52349 -0.596923 -0.607981
    outer loop
      vertex 37.3418 -2.65815 -35.2968
      vertex 37.7115 -2.98237 -35.2968
      vertex 37.0603 -2.93969 -34.778
    endloop
  endfacet
  facet normal -0.598115 -0.118088 -0.792663
    outer loop
      vertex 37.2986 -0.709973 -36.1451
      vertex 37.3012 -0.723142 -36.1451
      vertex 36.8156 -0.853254 -35.7593
    endloop
  endfacet
  facet normal -0.597907 -0.118889 -0.7927
    outer loop
      vertex 37.2986 -0.709973 -36.1451
      vertex 36.8156 -0.853254 -35.7593
      vertex 36.7315 -0.430307 -35.7593
    endloop
  endfacet
  facet normal -0.577287 -0.195942 -0.792683
    outer loop
      vertex 37.3055 -0.735852 -36.1451
      vertex 36.9542 -1.2616 -35.7593
      vertex 36.8156 -0.853254 -35.7593
    endloop
  endfacet
  facet normal -0.577448 -0.19536 -0.79271
    outer loop
      vertex 37.3012 -0.723142 -36.1451
      vertex 37.3055 -0.735852 -36.1451
      vertex 36.8156 -0.853254 -35.7593
    endloop
  endfacet
  facet normal -0.63491 -0.313055 -0.706319
    outer loop
      vertex 36.9542 -1.2616 -35.7593
      vertex 37.1449 -1.64836 -35.7593
      vertex 36.7444 -1.8796 -35.2968
    endloop
  endfacet
  facet normal -0.751744 -0.255248 -0.608054
    outer loop
      vertex 36.3689 -0.972952 -35.2968
      vertex 36.527 -1.43858 -35.2968
      vertex 36.1591 -1.59095 -34.778
    endloop
  endfacet
  facet normal -0.401952 -0.45837 -0.792674
    outer loop
      vertex 38.0344 -1.98451 -36.1451
      vertex 38.2991 -2.21663 -36.1451
      vertex 37.9931 -2.61547 -35.7593
    endloop
  endfacet
  facet normal -0.0394959 -0.608328 -0.792703
    outer loop
      vertex 40 -2.794 -36.1451
      vertex 40 -3.29673 -35.7593
      vertex 39.9866 -2.79313 -36.1451
    endloop
  endfacet
  facet normal -0.0398811 -0.608325 -0.792685
    outer loop
      vertex 39.9866 -2.79313 -36.1451
      vertex 40 -3.29673 -35.7593
      vertex 39.5697 -3.26852 -35.7593
    endloop
  endfacet
  facet normal 0.269578 0.546774 -0.792695
    outer loop
      vertex 41.2616 3.04578 -35.7593
      vertex 41.385 2.42562 -36.1451
      vertex 41.0692 2.58132 -36.1451
    endloop
  endfacet
  facet normal -0.694304 0.138057 -0.706316
    outer loop
      vertex 36.8156 0.853254 -35.7593
      vertex 36.7315 0.430307 -35.7593
      vertex 36.3689 0.972952 -35.2968
    endloop
  endfacet
  facet normal -0.670334 0.227523 -0.706318
    outer loop
      vertex 36.9542 1.2616 -35.7593
      vertex 36.8156 0.853254 -35.7593
      vertex 36.3689 0.972952 -35.2968
    endloop
  endfacet
  facet normal -0.608317 0.0408742 -0.792641
    outer loop
      vertex 37.2069 0.0133944 -36.1451
      vertex 37.206 0 -36.1451
      vertex 36.7033 0 -35.7593
    endloop
  endfacet
  facet normal -0.608325 0.0398663 -0.792686
    outer loop
      vertex 36.7315 0.430307 -35.7593
      vertex 37.2069 0.0133944 -36.1451
      vertex 36.7033 0 -35.7593
    endloop
  endfacet
  facet normal -0.608325 -0.0398663 -0.792686
    outer loop
      vertex 37.2069 -0.0133944 -36.1451
      vertex 36.7315 -0.430307 -35.7593
      vertex 36.7033 0 -35.7593
    endloop
  endfacet
  facet normal -0.608317 -0.0408742 -0.792641
    outer loop
      vertex 37.206 0 -36.1451
      vertex 37.2069 -0.0133944 -36.1451
      vertex 36.7033 0 -35.7593
    endloop
  endfacet
  facet normal 0.922224 0.0605022 -0.381894
    outer loop
      vertex 44.7346 0 -33.6073
      vertex 44.4844 0 -34.2115
      vertex 44.446 0.585324 -34.2115
    endloop
  endfacet
  facet normal 0.864676 0.0567268 -0.499116
    outer loop
      vertex 44.446 0.585324 -34.2115
      vertex 44.4844 0 -34.2115
      vertex 44.1218 0.542643 -34.778
    endloop
  endfacet
  facet normal 0.947498 -0.18843 -0.258345
    outer loop
      vertex 44.6941 -0.617993 -33.6073
      vertex 44.7368 -1.26923 -32.9757
      vertex 44.5733 -1.22542 -33.6073
    endloop
  endfacet
  facet normal 0.947444 -0.188543 -0.258458
    outer loop
      vertex 44.862 -0.64009 -32.9757
      vertex 44.7368 -1.26923 -32.9757
      vertex 44.6941 -0.617993 -33.6073
    endloop
  endfacet
  facet normal 0.694303 0.13806 -0.706317
    outer loop
      vertex 43.6311 0.972952 -35.2968
      vertex 43.727 0.490671 -35.2968
      vertex 43.2685 0.430307 -35.7593
    endloop
  endfacet
  facet normal 0.706382 0.0462925 -0.706315
    outer loop
      vertex 43.727 0.490671 -35.2968
      vertex 43.2967 0 -35.7593
      vertex 43.2685 0.430307 -35.7593
    endloop
  endfacet
  facet normal 0.849868 0.168994 -0.499165
    outer loop
      vertex 44.3316 1.16064 -34.2115
      vertex 44.446 0.585324 -34.2115
      vertex 44.0157 1.076 -34.778
    endloop
  endfacet
  facet normal 0.849883 0.169066 -0.499114
    outer loop
      vertex 44.446 0.585324 -34.2115
      vertex 44.1218 0.542643 -34.778
      vertex 44.0157 1.076 -34.778
    endloop
  endfacet
  facet normal 0.651469 0.571389 -0.499103
    outer loop
      vertex 43.1709 3.17092 -34.2115
      vertex 43.5577 2.72991 -34.2115
      vertex 42.9397 2.93969 -34.778
    endloop
  endfacet
  facet normal 0.636946 0.726325 -0.258365
    outer loop
      vertex 43.4676 3.4676 -32.9757
      vertex 43.3479 3.3479 -33.6073
      vertex 42.9853 3.89055 -32.9757
    endloop
  endfacet
  facet normal -0.188473 0.947485 -0.258362
    outer loop
      vertex 39.3599 4.86197 -32.9757
      vertex 39.382 4.69414 -33.6073
      vertex 38.7308 4.73683 -32.9757
    endloop
  endfacet
  facet normal 0.0604387 0.922179 -0.382013
    outer loop
      vertex 40 4.73465 -33.6073
      vertex 40.5853 4.446 -34.2115
      vertex 40 4.48436 -34.2115
    endloop
  endfacet
  facet normal 0.169035 0.849873 -0.499142
    outer loop
      vertex 40.5853 4.446 -34.2115
      vertex 41.076 4.01569 -34.778
      vertex 40.5426 4.12178 -34.778
    endloop
  endfacet
  facet normal 0.0463084 0.706364 -0.706333
    outer loop
      vertex 40.4907 3.72704 -35.2968
      vertex 40.4303 3.26852 -35.7593
      vertex 40 3.29673 -35.7593
    endloop
  endfacet
  facet normal 0.255183 0.751825 -0.607981
    outer loop
      vertex 41.076 4.01569 -34.778
      vertex 41.591 3.84089 -34.778
      vertex 40.973 3.63111 -35.2968
    endloop
  endfacet
  facet normal 0.278516 0.820554 -0.499119
    outer loop
      vertex 41.1606 4.33156 -34.2115
      vertex 41.7161 4.14301 -34.2115
      vertex 41.076 4.01569 -34.778
    endloop
  endfacet
  facet normal 0.154878 0.778695 -0.607986
    outer loop
      vertex 41.076 4.01569 -34.778
      vertex 40.973 3.63111 -35.2968
      vertex 40.5426 4.12178 -34.778
    endloop
  endfacet
  facet normal 0.458338 0.401905 -0.792716
    outer loop
      vertex 42.6155 2.00692 -35.7593
      vertex 42.2166 1.70088 -36.1451
      vertex 41.9845 1.96557 -36.1451
    endloop
  endfacet
  facet normal 0.849868 -0.168994 -0.499165
    outer loop
      vertex 44.446 -0.585324 -34.2115
      vertex 44.3316 -1.16064 -34.2115
      vertex 44.0157 -1.076 -34.778
    endloop
  endfacet
  facet normal 0.906443 -0.180244 -0.381932
    outer loop
      vertex 44.446 -0.585324 -34.2115
      vertex 44.5733 -1.22542 -33.6073
      vertex 44.3316 -1.16064 -34.2115
    endloop
  endfacet
  facet normal 0.864618 -0.0565638 -0.499235
    outer loop
      vertex 44.1573 0 -34.778
      vertex 44.4844 0 -34.2115
      vertex 44.1218 -0.542643 -34.778
    endloop
  endfacet
  facet normal 0.864676 -0.0567268 -0.499116
    outer loop
      vertex 44.4844 0 -34.2115
      vertex 44.446 -0.585324 -34.2115
      vertex 44.1218 -0.542643 -34.778
    endloop
  endfacet
  facet normal 0.792272 -0.0519924 -0.607948
    outer loop
      vertex 43.7592 0 -35.2968
      vertex 44.1573 0 -34.778
      vertex 43.727 -0.490671 -35.2968
    endloop
  endfacet
  facet normal 0.706347 -0.0463536 -0.706347
    outer loop
      vertex 43.7592 0 -35.2968
      vertex 43.727 -0.490671 -35.2968
      vertex 43.2967 0 -35.7593
    endloop
  endfacet
  facet normal 0.751744 -0.255248 -0.608054
    outer loop
      vertex 43.6311 -0.972952 -35.2968
      vertex 43.8409 -1.59095 -34.778
      vertex 43.473 -1.43858 -35.2968
    endloop
  endfacet
  facet normal 0.670346 -0.22761 -0.706279
    outer loop
      vertex 43.6311 -0.972952 -35.2968
      vertex 43.473 -1.43858 -35.2968
      vertex 43.0458 -1.2616 -35.7593
    endloop
  endfacet
  facet normal 0.597907 -0.118889 -0.7927
    outer loop
      vertex 43.2685 -0.430307 -35.7593
      vertex 43.1844 -0.853254 -35.7593
      vertex 42.7014 -0.709973 -36.1451
    endloop
  endfacet
  facet normal 0.598115 -0.118088 -0.792663
    outer loop
      vertex 42.7014 -0.709973 -36.1451
      vertex 43.1844 -0.853254 -35.7593
      vertex 42.6988 -0.723142 -36.1451
    endloop
  endfacet
  facet normal 0.577448 0.19536 -0.79271
    outer loop
      vertex 43.1844 0.853254 -35.7593
      vertex 42.6988 0.723142 -36.1451
      vertex 42.6945 0.735852 -36.1451
    endloop
  endfacet
  facet normal 0.577287 0.195942 -0.792683
    outer loop
      vertex 43.0458 1.2616 -35.7593
      vertex 43.1844 0.853254 -35.7593
      vertex 42.6945 0.735852 -36.1451
    endloop
  endfacet
  facet normal 0.609356 -0.694787 -0.382042
    outer loop
      vertex 43.3479 -3.3479 -33.6073
      vertex 42.8823 -3.75625 -33.6073
      vertex 42.7299 -3.55768 -34.2115
    endloop
  endfacet
  facet normal 0.636994 -0.7263 -0.258316
    outer loop
      vertex 43.3479 -3.3479 -33.6073
      vertex 42.9853 -3.89055 -32.9757
      vertex 42.8823 -3.75625 -33.6073
    endloop
  endfacet
  facet normal 0.694875 -0.609319 -0.381941
    outer loop
      vertex 43.5577 -2.72991 -34.2115
      vertex 43.7562 -2.88227 -33.6073
      vertex 43.3479 -3.3479 -33.6073
    endloop
  endfacet
  facet normal 0.609347 -0.694803 -0.382027
    outer loop
      vertex 43.1709 -3.17092 -34.2115
      vertex 43.3479 -3.3479 -33.6073
      vertex 42.7299 -3.55768 -34.2115
    endloop
  endfacet
  facet normal 0.536734 0.803211 -0.258398
    outer loop
      vertex 42.452 4.24692 -32.9757
      vertex 42.9853 3.89055 -32.9757
      vertex 42.3673 4.10033 -33.6073
    endloop
  endfacet
  facet normal 0.550806 0.824409 -0.130236
    outer loop
      vertex 43.0373 3.95827 -32.3271
      vertex 42.9853 3.89055 -32.9757
      vertex 42.4946 4.32086 -32.3271
    endloop
  endfacet
  facet normal 0.3187 0.938873 -0.130186
    outer loop
      vertex 41.9093 4.60951 -32.3271
      vertex 41.8767 4.53064 -32.9757
      vertex 41.2913 4.81929 -32.3271
    endloop
  endfacet
  facet normal 0.43854 0.889234 -0.130173
    outer loop
      vertex 41.9093 4.60951 -32.3271
      vertex 42.4946 4.32086 -32.3271
      vertex 41.8767 4.53064 -32.9757
    endloop
  endfacet
  facet normal 0.0654048 0.997859 0
    outer loop
      vertex 40.6512 4.94661 -17.0453
      vertex 40.6512 4.94661 -32.3271
      vertex 40.4907 4.95713 -17.0667
    endloop
  endfacet
  facet normal 0.0654002 0.997859 -4.85998e-08
    outer loop
      vertex 40.4907 4.95713 -17.0667
      vertex 40.6512 4.94661 -32.3271
      vertex 40 4.98929 -32.3271
    endloop
  endfacet
  facet normal 0.0653987 0.997859 0
    outer loop
      vertex 40 4.98929 -17.0667
      vertex 40.4907 4.95713 -17.0667
      vertex 40 4.98929 -32.3271
    endloop
  endfacet
  facet normal 0.310487 0.914792 -0.258366
    outer loop
      vertex 41.8767 4.53064 -32.9757
      vertex 41.8119 4.37425 -33.6073
      vertex 41.2692 4.73683 -32.9757
    endloop
  endfacet
  facet normal 0.427305 0.866404 -0.25837
    outer loop
      vertex 41.8767 4.53064 -32.9757
      vertex 42.3673 4.10033 -33.6073
      vertex 41.8119 4.37425 -33.6073
    endloop
  endfacet
  facet normal -0.751844 0.659341 0
    outer loop
      vertex 36.472 3.52796 -16.4556
      vertex 36.472 3.52796 -32.3271
      vertex 36.0417 3.03729 -32.3271
    endloop
  endfacet
  facet normal -0.752066 0.659088 1.38337e-05
    outer loop
      vertex 36.4423 3.49407 -16.4474
      vertex 36.472 3.52796 -16.4556
      vertex 36.0417 3.03729 -32.3271
    endloop
  endfacet
  facet normal -0.751824 0.659364 -2.07341e-07
    outer loop
      vertex 36.1164 3.12247 -16.3313
      vertex 36.4423 3.49407 -16.4474
      vertex 36.0417 3.03729 -32.3271
    endloop
  endfacet
  facet normal -0.751844 0.659342 0
    outer loop
      vertex 36.0417 3.03729 -16.265
      vertex 36.1164 3.12247 -16.3313
      vertex 36.0417 3.03729 -32.3271
    endloop
  endfacet
  facet normal 0.87513 0.297107 -0.381936
    outer loop
      vertex 44.3742 1.81187 -33.6073
      vertex 44.5733 1.22542 -33.6073
      vertex 44.3316 1.16064 -34.2115
    endloop
  endfacet
  facet normal 0.914771 0.310565 -0.258345
    outer loop
      vertex 44.7368 1.26923 -32.9757
      vertex 44.5733 1.22542 -33.6073
      vertex 44.3742 1.81187 -33.6073
    endloop
  endfacet
  facet normal 0.820553 0.278537 -0.499109
    outer loop
      vertex 44.143 1.71609 -34.2115
      vertex 44.0157 1.076 -34.778
      vertex 43.8409 1.59095 -34.778
    endloop
  endfacet
  facet normal 0.751794 0.255197 -0.608014
    outer loop
      vertex 43.8409 1.59095 -34.778
      vertex 44.0157 1.076 -34.778
      vertex 43.6311 0.972952 -35.2968
    endloop
  endfacet
  facet normal 0.636994 0.7263 -0.258316
    outer loop
      vertex 42.9853 3.89055 -32.9757
      vertex 43.3479 3.3479 -33.6073
      vertex 42.8823 3.75625 -33.6073
    endloop
  endfacet
  facet normal 0.824366 0.550853 -0.130311
    outer loop
      vertex 43.9583 3.03729 -32.3271
      vertex 44.3209 2.49465 -32.3271
      vertex 43.8905 2.98532 -32.9757
    endloop
  endfacet
  facet normal 0.195138 0.980776 0
    outer loop
      vertex 41.2913 4.81929 -17.0006
      vertex 41.2913 4.81929 -32.3271
      vertex 40.973 4.88262 -17.0453
    endloop
  endfacet
  facet normal 0.195085 0.980786 -1.16078e-06
    outer loop
      vertex 40.973 4.88262 -17.0453
      vertex 41.2913 4.81929 -32.3271
      vertex 40.6512 4.94661 -32.3271
    endloop
  endfacet
  facet normal 0.195032 0.980797 0
    outer loop
      vertex 40.6512 4.94661 -17.0453
      vertex 40.973 4.88262 -17.0453
      vertex 40.6512 4.94661 -32.3271
    endloop
  endfacet
  facet normal -0.947444 -0.188543 -0.258458
    outer loop
      vertex 35.3059 -0.617993 -33.6073
      vertex 35.2632 -1.26923 -32.9757
      vertex 35.138 -0.64009 -32.9757
    endloop
  endfacet
  facet normal -0.972425 -0.193514 -0.130163
    outer loop
      vertex 35.138 -0.64009 -32.9757
      vertex 35.2632 -1.26923 -32.9757
      vertex 35.0534 -0.651233 -32.3271
    endloop
  endfacet
  facet normal -0.828892 -0.408703 -0.381969
    outer loop
      vertex 35.857 -1.71609 -34.2115
      vertex 36.1164 -2.24218 -34.2115
      vertex 35.6258 -1.81187 -33.6073
    endloop
  endfacet
  facet normal -0.8205 -0.278596 -0.499164
    outer loop
      vertex 35.9843 -1.076 -34.778
      vertex 35.857 -1.71609 -34.2115
      vertex 35.6684 -1.16064 -34.2115
    endloop
  endfacet
  facet normal -0.481438 0.72048 -0.499126
    outer loop
      vertex 37.7578 3.88357 -34.2115
      vertex 37.9213 3.60037 -34.778
      vertex 37.2701 3.55768 -34.2115
    endloop
  endfacet
  facet normal -0.636946 0.726325 -0.258365
    outer loop
      vertex 37.0147 3.89055 -32.9757
      vertex 36.6521 3.3479 -33.6073
      vertex 36.5324 3.4676 -32.9757
    endloop
  endfacet
  facet normal -0.824365 0.550855 -0.13031
    outer loop
      vertex 36.1095 2.98532 -32.9757
      vertex 35.7531 2.45196 -32.9757
      vertex 35.6791 2.49465 -32.3271
    endloop
  endfacet
  facet normal -0.653715 0.745447 -0.130249
    outer loop
      vertex 37.0147 3.89055 -32.9757
      vertex 36.5324 3.4676 -32.9757
      vertex 36.472 3.52796 -32.3271
    endloop
  endfacet
  facet normal -0.321373 0.946953 0
    outer loop
      vertex 38.7087 4.81929 -17.0006
      vertex 38.7087 4.81929 -32.3271
      vertex 38.5614 4.7693 -17.0006
    endloop
  endfacet
  facet normal -0.321436 0.946931 -6.77224e-07
    outer loop
      vertex 38.5614 4.7693 -17.0006
      vertex 38.7087 4.81929 -32.3271
      vertex 38.0907 4.60951 -32.3271
    endloop
  endfacet
  facet normal -0.321441 0.94693 -5.01987e-07
    outer loop
      vertex 38.1204 4.6196 -16.9328
      vertex 38.5614 4.7693 -17.0006
      vertex 38.0907 4.60951 -32.3271
    endloop
  endfacet
  facet normal -0.321674 0.94685 0
    outer loop
      vertex 38.0907 4.60951 -16.923
      vertex 38.1204 4.6196 -16.9328
      vertex 38.0907 4.60951 -32.3271
    endloop
  endfacet
  facet normal -0.550876 0.824375 -0.13016
    outer loop
      vertex 37.5054 4.32086 -32.3271
      vertex 37.548 4.24692 -32.9757
      vertex 37.0147 3.89055 -32.9757
    endloop
  endfacet
  facet normal -0.803226 0.536729 -0.258362
    outer loop
      vertex 36.1095 2.98532 -32.9757
      vertex 35.8997 2.36732 -33.6073
      vertex 35.7531 2.45196 -32.9757
    endloop
  endfacet
  facet normal -0.636994 0.7263 -0.258316
    outer loop
      vertex 37.0147 3.89055 -32.9757
      vertex 37.1177 3.75625 -33.6073
      vertex 36.6521 3.3479 -33.6073
    endloop
  endfacet
  facet normal 0.0566694 0.864667 -0.499139
    outer loop
      vertex 40.5853 4.446 -34.2115
      vertex 40.5426 4.12178 -34.778
      vertex 40 4.48436 -34.2115
    endloop
  endfacet
  facet normal 0.0566833 0.864672 -0.499129
    outer loop
      vertex 40 4.48436 -34.2115
      vertex 40.5426 4.12178 -34.778
      vertex 40 4.15735 -34.778
    endloop
  endfacet
  facet normal -0.720483 0.481425 -0.499133
    outer loop
      vertex 36.4423 2.72991 -34.2115
      vertex 36.3996 2.07867 -34.778
      vertex 36.1164 2.24218 -34.2115
    endloop
  endfacet
  facet normal -0.777174 0.383233 -0.499132
    outer loop
      vertex 36.3996 2.07867 -34.778
      vertex 36.1591 1.59095 -34.778
      vertex 36.1164 2.24218 -34.2115
    endloop
  endfacet
  facet normal -0.523473 0.596965 -0.607955
    outer loop
      vertex 37.4692 3.29825 -34.778
      vertex 37.7115 2.98237 -35.2968
      vertex 37.0603 2.93969 -34.778
    endloop
  endfacet
  facet normal -0.441073 0.660181 -0.60796
    outer loop
      vertex 38.1204 3.25556 -35.2968
      vertex 37.7115 2.98237 -35.2968
      vertex 37.4692 3.29825 -34.778
    endloop
  endfacet
  facet normal -0.670346 0.22761 -0.706279
    outer loop
      vertex 36.527 1.43858 -35.2968
      vertex 36.9542 1.2616 -35.7593
      vertex 36.3689 0.972952 -35.2968
    endloop
  endfacet
  facet normal -0.751744 0.255248 -0.608054
    outer loop
      vertex 36.527 1.43858 -35.2968
      vertex 36.3689 0.972952 -35.2968
      vertex 36.1591 1.59095 -34.778
    endloop
  endfacet
  facet normal -0.393239 0.588584 -0.706351
    outer loop
      vertex 38.1204 3.25556 -35.2968
      vertex 37.9931 2.61547 -35.7593
      vertex 37.7115 2.98237 -35.2968
    endloop
  endfacet
  facet normal -0.393334 0.588572 -0.706309
    outer loop
      vertex 38.1204 3.25556 -35.2968
      vertex 38.3516 2.85505 -35.7593
      vertex 37.9931 2.61547 -35.7593
    endloop
  endfacet
  facet normal -0.458338 0.401905 -0.792716
    outer loop
      vertex 38.0155 1.96557 -36.1451
      vertex 37.7834 1.70088 -36.1451
      vertex 37.3845 2.00692 -35.7593
    endloop
  endfacet
  facet normal -0.313072 0.634909 -0.706312
    outer loop
      vertex 38.7384 3.04578 -35.7593
      vertex 38.3516 2.85505 -35.7593
      vertex 38.1204 3.25556 -35.2968
    endloop
  endfacet
  facet normal -0.270425 0.546313 -0.792725
    outer loop
      vertex 38.615 2.42562 -36.1451
      vertex 38.603 2.41968 -36.1451
      vertex 38.3516 2.85505 -35.7593
    endloop
  endfacet
  facet normal -0.269613 0.546774 -0.792683
    outer loop
      vertex 38.7384 3.04578 -35.7593
      vertex 38.615 2.42562 -36.1451
      vertex 38.3516 2.85505 -35.7593
    endloop
  endfacet
  facet normal -0.922224 0.0605022 -0.381894
    outer loop
      vertex 35.554 0.585324 -34.2115
      vertex 35.5156 0 -34.2115
      vertex 35.2654 0 -33.6073
    endloop
  endfacet
  facet normal -0.922205 0.0604365 -0.381949
    outer loop
      vertex 35.3059 0.617993 -33.6073
      vertex 35.554 0.585324 -34.2115
      vertex 35.2654 0 -33.6073
    endloop
  endfacet
  facet normal -0.906443 -0.180244 -0.381932
    outer loop
      vertex 35.554 -0.585324 -34.2115
      vertex 35.6684 -1.16064 -34.2115
      vertex 35.4267 -1.22542 -33.6073
    endloop
  endfacet
  facet normal -0.849868 -0.168994 -0.499165
    outer loop
      vertex 35.9843 -1.076 -34.778
      vertex 35.6684 -1.16064 -34.2115
      vertex 35.554 -0.585324 -34.2115
    endloop
  endfacet
  facet normal -0.792205 -0.0518265 -0.60805
    outer loop
      vertex 36.273 -0.490671 -35.2968
      vertex 35.8782 -0.542643 -34.778
      vertex 35.8427 0 -34.778
    endloop
  endfacet
  facet normal -0.864618 -0.0565638 -0.499235
    outer loop
      vertex 35.8427 0 -34.778
      vertex 35.8782 -0.542643 -34.778
      vertex 35.5156 0 -34.2115
    endloop
  endfacet
  facet normal -0.0648435 -0.989364 -0.130207
    outer loop
      vertex 40 -4.90393 -32.9757
      vertex 40 -4.98929 -32.3271
      vertex 39.3488 -4.94661 -32.3271
    endloop
  endfacet
  facet normal 0.0604492 -0.922182 -0.382004
    outer loop
      vertex 40.5853 -4.446 -34.2115
      vertex 40.618 -4.69414 -33.6073
      vertex 40 -4.73465 -33.6073
    endloop
  endfacet
  facet normal -0.063191 -0.963979 -0.258363
    outer loop
      vertex 40 -4.73465 -33.6073
      vertex 40 -4.90393 -32.9757
      vertex 39.3599 -4.86197 -32.9757
    endloop
  endfacet
  facet normal -0.180295 -0.906401 -0.382009
    outer loop
      vertex 39.4147 -4.446 -34.2115
      vertex 39.382 -4.69414 -33.6073
      vertex 38.7746 -4.57332 -33.6073
    endloop
  endfacet
  facet normal -0.536679 -0.803271 -0.258324
    outer loop
      vertex 37.1177 -3.75625 -33.6073
      vertex 37.6327 -4.10033 -33.6073
      vertex 37.0147 -3.89055 -32.9757
    endloop
  endfacet
  facet normal -0.513395 -0.768422 -0.382037
    outer loop
      vertex 37.2701 -3.55768 -34.2115
      vertex 37.6327 -4.10033 -33.6073
      vertex 37.1177 -3.75625 -33.6073
    endloop
  endfacet
  facet normal -0.154878 -0.778695 -0.607986
    outer loop
      vertex 39.027 -3.63111 -35.2968
      vertex 39.4574 -4.12178 -34.778
      vertex 38.924 -4.01569 -34.778
    endloop
  endfacet
  facet normal -0.0604387 -0.922179 -0.382013
    outer loop
      vertex 40 -4.48436 -34.2115
      vertex 40 -4.73465 -33.6073
      vertex 39.4147 -4.446 -34.2115
    endloop
  endfacet
  facet normal -0.441119 -0.660102 -0.608012
    outer loop
      vertex 38.1204 -3.25556 -35.2968
      vertex 37.9213 -3.60037 -34.778
      vertex 37.4692 -3.29825 -34.778
    endloop
  endfacet
  facet normal -0.481452 -0.720457 -0.499144
    outer loop
      vertex 37.4692 -3.29825 -34.778
      vertex 37.9213 -3.60037 -34.778
      vertex 37.2701 -3.55768 -34.2115
    endloop
  endfacet
  facet normal -0.596991 -0.523458 -0.607942
    outer loop
      vertex 37.0176 -2.28846 -35.2968
      vertex 37.0603 -2.93969 -34.778
      vertex 36.7018 -2.53083 -34.778
    endloop
  endfacet
  facet normal -0.634972 -0.313008 -0.706284
    outer loop
      vertex 36.9542 -1.2616 -35.7593
      vertex 36.7444 -1.8796 -35.2968
      vertex 36.527 -1.43858 -35.2968
    endloop
  endfacet
  facet normal -0.338727 -0.506861 -0.792689
    outer loop
      vertex 38.3103 -2.22409 -36.1451
      vertex 38.3516 -2.85505 -35.7593
      vertex 37.9931 -2.61547 -35.7593
    endloop
  endfacet
  facet normal -0.337981 -0.507424 -0.792647
    outer loop
      vertex 38.2991 -2.21663 -36.1451
      vertex 38.3103 -2.22409 -36.1451
      vertex 37.9931 -2.61547 -35.7593
    endloop
  endfacet
  facet normal -0.393334 -0.588572 -0.706309
    outer loop
      vertex 38.3516 -2.85505 -35.7593
      vertex 38.1204 -3.25556 -35.2968
      vertex 37.9931 -2.61547 -35.7593
    endloop
  endfacet
  facet normal -0.16906 -0.849879 -0.499124
    outer loop
      vertex 38.924 -4.01569 -34.778
      vertex 39.4147 -4.446 -34.2115
      vertex 38.8394 -4.33156 -34.2115
    endloop
  endfacet
  facet normal -0.351161 -0.712045 -0.608011
    outer loop
      vertex 38.1204 -3.25556 -35.2968
      vertex 38.409 -3.84089 -34.778
      vertex 37.9213 -3.60037 -34.778
    endloop
  endfacet
  facet normal -0.393239 -0.588584 -0.706351
    outer loop
      vertex 37.9931 -2.61547 -35.7593
      vertex 38.1204 -3.25556 -35.2968
      vertex 37.7115 -2.98237 -35.2968
    endloop
  endfacet
  facet normal -0.313072 -0.634909 -0.706312
    outer loop
      vertex 38.3516 -2.85505 -35.7593
      vertex 38.7384 -3.04578 -35.7593
      vertex 38.1204 -3.25556 -35.2968
    endloop
  endfacet
  facet normal -0.745472 -0.653686 -0.130254
    outer loop
      vertex 36.5324 -3.4676 -32.9757
      vertex 36.472 -3.52796 -32.3271
      vertex 36.1095 -2.98532 -32.9757
    endloop
  endfacet
  facet normal -0.726349 -0.636918 -0.258365
    outer loop
      vertex 36.6521 -3.3479 -33.6073
      vertex 36.5324 -3.4676 -32.9757
      vertex 36.1095 -2.98532 -32.9757
    endloop
  endfacet
  facet normal 0.138085 0.694282 -0.706332
    outer loop
      vertex 40.973 3.63111 -35.2968
      vertex 40.8533 3.18439 -35.7593
      vertex 40.4303 3.26852 -35.7593
    endloop
  endfacet
  facet normal 0.351161 0.712045 -0.608011
    outer loop
      vertex 42.0787 3.60037 -34.778
      vertex 41.8796 3.25556 -35.2968
      vertex 41.591 3.84089 -34.778
    endloop
  endfacet
  facet normal 0.670346 0.22761 -0.706279
    outer loop
      vertex 43.473 1.43858 -35.2968
      vertex 43.6311 0.972952 -35.2968
      vertex 43.0458 1.2616 -35.7593
    endloop
  endfacet
  facet normal 0.532223 0.466733 -0.706328
    outer loop
      vertex 42.6582 2.65815 -35.2968
      vertex 42.9824 2.28846 -35.2968
      vertex 42.6155 2.00692 -35.7593
    endloop
  endfacet
  facet normal 0.670334 0.227523 -0.706318
    outer loop
      vertex 43.6311 0.972952 -35.2968
      vertex 43.1844 0.853254 -35.7593
      vertex 43.0458 1.2616 -35.7593
    endloop
  endfacet
  facet normal 0.597927 0.118968 -0.792673
    outer loop
      vertex 43.2685 0.430307 -35.7593
      vertex 42.7701 0.364691 -36.1451
      vertex 42.7014 0.709973 -36.1451
    endloop
  endfacet
  facet normal 0.577225 -0.196005 -0.792713
    outer loop
      vertex 42.6945 -0.735852 -36.1451
      vertex 43.0458 -1.2616 -35.7593
      vertex 42.5813 -1.06922 -36.1451
    endloop
  endfacet
  facet normal 0.270425 -0.546313 -0.792725
    outer loop
      vertex 41.397 -2.41968 -36.1451
      vertex 41.6484 -2.85505 -35.7593
      vertex 41.385 -2.42562 -36.1451
    endloop
  endfacet
  facet normal 0.269613 -0.546774 -0.792683
    outer loop
      vertex 41.385 -2.42562 -36.1451
      vertex 41.6484 -2.85505 -35.7593
      vertex 41.2616 -3.04578 -35.7593
    endloop
  endfacet
  facet normal 0.401952 -0.45837 -0.792674
    outer loop
      vertex 41.9656 -1.98451 -36.1451
      vertex 42.0069 -2.61547 -35.7593
      vertex 41.7009 -2.21663 -36.1451
    endloop
  endfacet
  facet normal 0.712079 -0.351018 -0.608054
    outer loop
      vertex 43.473 -1.43858 -35.2968
      vertex 43.8409 -1.59095 -34.778
      vertex 43.2556 -1.8796 -35.2968
    endloop
  endfacet
  facet normal 0.712078 -0.351133 -0.607989
    outer loop
      vertex 43.8409 -1.59095 -34.778
      vertex 43.6004 -2.07867 -34.778
      vertex 43.2556 -1.8796 -35.2968
    endloop
  endfacet
  facet normal 0.52349 -0.596923 -0.607981
    outer loop
      vertex 42.6582 -2.65815 -35.2968
      vertex 42.9397 -2.93969 -34.778
      vertex 42.2885 -2.98237 -35.2968
    endloop
  endfacet
  facet normal 0.466723 -0.532192 -0.706358
    outer loop
      vertex 42.6582 -2.65815 -35.2968
      vertex 42.2885 -2.98237 -35.2968
      vertex 42.0069 -2.61547 -35.7593
    endloop
  endfacet
  facet normal -0.196002 -0.577252 -0.792694
    outer loop
      vertex 38.9308 -2.58132 -36.1451
      vertex 39.2641 -2.69449 -36.1451
      vertex 38.7384 -3.04578 -35.7593
    endloop
  endfacet
  facet normal -0.138092 -0.694276 -0.706336
    outer loop
      vertex 39.5697 -3.26852 -35.7593
      vertex 39.5093 -3.72704 -35.2968
      vertex 39.027 -3.63111 -35.2968
    endloop
  endfacet
  facet normal -0.138085 -0.694282 -0.706332
    outer loop
      vertex 39.1467 -3.18439 -35.7593
      vertex 39.5697 -3.26852 -35.7593
      vertex 39.027 -3.63111 -35.2968
    endloop
  endfacet
  facet normal 0.481438 -0.72048 -0.499126
    outer loop
      vertex 42.7299 -3.55768 -34.2115
      vertex 42.2422 -3.88357 -34.2115
      vertex 42.0787 -3.60037 -34.778
    endloop
  endfacet
  facet normal 0.383272 -0.777157 -0.499128
    outer loop
      vertex 42.0787 -3.60037 -34.778
      vertex 42.2422 -3.88357 -34.2115
      vertex 41.591 -3.84089 -34.778
    endloop
  endfacet
  facet normal 0.393334 -0.588572 -0.706309
    outer loop
      vertex 42.0069 -2.61547 -35.7593
      vertex 41.8796 -3.25556 -35.2968
      vertex 41.6484 -2.85505 -35.7593
    endloop
  endfacet
  facet normal 0.313101 -0.634869 -0.706334
    outer loop
      vertex 41.8796 -3.25556 -35.2968
      vertex 41.4386 -3.47305 -35.2968
      vertex 41.2616 -3.04578 -35.7593
    endloop
  endfacet
  facet normal 0.278516 -0.820554 -0.499119
    outer loop
      vertex 41.7161 -4.14301 -34.2115
      vertex 41.1606 -4.33156 -34.2115
      vertex 41.076 -4.01569 -34.778
    endloop
  endfacet
  facet normal 0.16906 -0.849879 -0.499124
    outer loop
      vertex 41.076 -4.01569 -34.778
      vertex 41.1606 -4.33156 -34.2115
      vertex 40.5853 -4.446 -34.2115
    endloop
  endfacet
  facet normal -0.547474 -0.268281 -0.792652
    outer loop
      vertex 37.5744 -1.38496 -36.1451
      vertex 37.5803 -1.397 -36.1451
      vertex 37.1449 -1.64836 -35.7593
    endloop
  endfacet
  facet normal -0.546738 -0.26958 -0.79272
    outer loop
      vertex 37.5744 -1.38496 -36.1451
      vertex 37.1449 -1.64836 -35.7593
      vertex 36.9542 -1.2616 -35.7593
    endloop
  endfacet
  facet normal -0.670334 -0.227523 -0.706318
    outer loop
      vertex 36.8156 -0.853254 -35.7593
      vertex 36.9542 -1.2616 -35.7593
      vertex 36.3689 -0.972952 -35.2968
    endloop
  endfacet
  facet normal -0.546737 0.269611 -0.792709
    outer loop
      vertex 37.5744 1.38496 -36.1451
      vertex 37.4187 1.06922 -36.1451
      vertex 36.9542 1.2616 -35.7593
    endloop
  endfacet
  facet normal -0.598115 0.118088 -0.792663
    outer loop
      vertex 37.3012 0.723142 -36.1451
      vertex 37.2986 0.709973 -36.1451
      vertex 36.8156 0.853254 -35.7593
    endloop
  endfacet
  facet normal -0.597907 0.118889 -0.7927
    outer loop
      vertex 36.8156 0.853254 -35.7593
      vertex 37.2986 0.709973 -36.1451
      vertex 36.7315 0.430307 -35.7593
    endloop
  endfacet
  facet normal -0.577278 0.195938 -0.792691
    outer loop
      vertex 36.9542 1.2616 -35.7593
      vertex 37.3012 0.723142 -36.1451
      vertex 36.8156 0.853254 -35.7593
    endloop
  endfacet
  facet normal -0.577756 0.195464 -0.792459
    outer loop
      vertex 37.3055 0.735852 -36.1451
      vertex 37.3012 0.723142 -36.1451
      vertex 36.9542 1.2616 -35.7593
    endloop
  endfacet
  facet normal 0.608317 0.0408742 -0.792641
    outer loop
      vertex 43.2967 0 -35.7593
      vertex 42.794 0 -36.1451
      vertex 42.7931 0.0133944 -36.1451
    endloop
  endfacet
  facet normal 0.608325 0.0398663 -0.792686
    outer loop
      vertex 43.2685 0.430307 -35.7593
      vertex 43.2967 0 -35.7593
      vertex 42.7931 0.0133944 -36.1451
    endloop
  endfacet
  facet normal 0.777174 0.383233 -0.499132
    outer loop
      vertex 43.8836 2.24218 -34.2115
      vertex 43.8409 1.59095 -34.778
      vertex 43.6004 2.07867 -34.778
    endloop
  endfacet
  facet normal 0.712078 0.351133 -0.607989
    outer loop
      vertex 43.6004 2.07867 -34.778
      vertex 43.8409 1.59095 -34.778
      vertex 43.2556 1.8796 -35.2968
    endloop
  endfacet
  facet normal 0.768421 0.513474 -0.381934
    outer loop
      vertex 43.7562 2.88227 -33.6073
      vertex 44.1003 2.36732 -33.6073
      vertex 43.5577 2.72991 -34.2115
    endloop
  endfacet
  facet normal 0.571362 0.651491 -0.499105
    outer loop
      vertex 43.1709 3.17092 -34.2115
      vertex 42.9397 2.93969 -34.778
      vertex 42.7299 3.55768 -34.2115
    endloop
  endfacet
  facet normal -0.16906 0.849879 -0.499124
    outer loop
      vertex 39.4147 4.446 -34.2115
      vertex 38.924 4.01569 -34.778
      vertex 38.8394 4.33156 -34.2115
    endloop
  endfacet
  facet normal 0.278512 0.820558 -0.499115
    outer loop
      vertex 41.7161 4.14301 -34.2115
      vertex 41.591 3.84089 -34.778
      vertex 41.076 4.01569 -34.778
    endloop
  endfacet
  facet normal 0.408737 0.828849 -0.382026
    outer loop
      vertex 41.8119 4.37425 -33.6073
      vertex 42.2422 3.88357 -34.2115
      vertex 41.7161 4.14301 -34.2115
    endloop
  endfacet
  facet normal 0.466723 0.532192 -0.706358
    outer loop
      vertex 42.2885 2.98237 -35.2968
      vertex 42.6582 2.65815 -35.2968
      vertex 42.0069 2.61547 -35.7593
    endloop
  endfacet
  facet normal 0.393239 0.588584 -0.706351
    outer loop
      vertex 42.2885 2.98237 -35.2968
      vertex 42.0069 2.61547 -35.7593
      vertex 41.8796 3.25556 -35.2968
    endloop
  endfacet
  facet normal 0.694304 -0.138057 -0.706316
    outer loop
      vertex 43.2685 -0.430307 -35.7593
      vertex 43.6311 -0.972952 -35.2968
      vertex 43.1844 -0.853254 -35.7593
    endloop
  endfacet
  facet normal 0.670334 -0.227523 -0.706318
    outer loop
      vertex 43.1844 -0.853254 -35.7593
      vertex 43.6311 -0.972952 -35.2968
      vertex 43.0458 -1.2616 -35.7593
    endloop
  endfacet
  facet normal 0.65151 -0.571262 -0.499194
    outer loop
      vertex 43.2982 -2.53083 -34.778
      vertex 43.5577 -2.72991 -34.2115
      vertex 42.9397 -2.93969 -34.778
    endloop
  endfacet
  facet normal 0.720401 -0.481478 -0.4992
    outer loop
      vertex 43.6004 -2.07867 -34.778
      vertex 43.5577 -2.72991 -34.2115
      vertex 43.2982 -2.53083 -34.778
    endloop
  endfacet
  facet normal 0.427285 0.866408 -0.258388
    outer loop
      vertex 42.452 4.24692 -32.9757
      vertex 42.3673 4.10033 -33.6073
      vertex 41.8767 4.53064 -32.9757
    endloop
  endfacet
  facet normal 0.438542 0.889233 -0.130175
    outer loop
      vertex 42.4946 4.32086 -32.3271
      vertex 42.452 4.24692 -32.9757
      vertex 41.8767 4.53064 -32.9757
    endloop
  endfacet
  facet normal 0.063189 0.963979 -0.258362
    outer loop
      vertex 40.6401 4.86197 -32.9757
      vertex 40.618 4.69414 -33.6073
      vertex 40 4.73465 -33.6073
    endloop
  endfacet
  facet normal 0.188473 0.947485 -0.258362
    outer loop
      vertex 40.6401 4.86197 -32.9757
      vertex 41.2692 4.73683 -32.9757
      vertex 40.618 4.69414 -33.6073
    endloop
  endfacet
  facet normal 0.408781 0.828844 -0.38199
    outer loop
      vertex 42.3673 4.10033 -33.6073
      vertex 42.2422 3.88357 -34.2115
      vertex 41.8119 4.37425 -33.6073
    endloop
  endfacet
  facet normal 0.297035 0.875116 -0.382022
    outer loop
      vertex 41.8119 4.37425 -33.6073
      vertex 41.7161 4.14301 -34.2115
      vertex 41.1606 4.33156 -34.2115
    endloop
  endfacet
  facet normal 0.803226 0.536729 -0.258362
    outer loop
      vertex 44.2469 2.45196 -32.9757
      vertex 44.1003 2.36732 -33.6073
      vertex 43.8905 2.98532 -32.9757
    endloop
  endfacet
  facet normal 0.824365 0.550855 -0.13031
    outer loop
      vertex 44.3209 2.49465 -32.3271
      vertex 44.2469 2.45196 -32.9757
      vertex 43.8905 2.98532 -32.9757
    endloop
  endfacet
  facet normal 0.660092 0.441171 -0.607987
    outer loop
      vertex 43.2982 2.53083 -34.778
      vertex 43.6004 2.07867 -34.778
      vertex 43.2556 1.8796 -35.2968
    endloop
  endfacet
  facet normal 0.65151 0.571262 -0.499194
    outer loop
      vertex 43.5577 2.72991 -34.2115
      vertex 43.2982 2.53083 -34.778
      vertex 42.9397 2.93969 -34.778
    endloop
  endfacet
  facet normal 0.694778 0.609374 -0.38203
    outer loop
      vertex 43.3479 3.3479 -33.6073
      vertex 43.5577 2.72991 -34.2115
      vertex 43.1709 3.17092 -34.2115
    endloop
  endfacet
  facet normal 0.653715 0.745447 -0.130249
    outer loop
      vertex 43.528 3.52796 -32.3271
      vertex 43.4676 3.4676 -32.9757
      vertex 42.9853 3.89055 -32.9757
    endloop
  endfacet
  facet normal 0.831522 0.555492 4.81802e-06
    outer loop
      vertex 44.143 2.76081 -16.1668
      vertex 44.3209 2.49465 -32.3271
      vertex 43.9583 3.03729 -16.265
    endloop
  endfacet
  facet normal 0.831387 0.555695 0
    outer loop
      vertex 44.3209 2.49465 -16.0419
      vertex 44.3209 2.49465 -32.3271
      vertex 44.143 2.76081 -16.1668
    endloop
  endfacet
  facet normal 0.831456 0.555591 0
    outer loop
      vertex 43.9583 3.03729 -16.265
      vertex 44.3209 2.49465 -32.3271
      vertex 43.9583 3.03729 -32.3271
    endloop
  endfacet
  facet normal -0.726294 0.637026 -0.258255
    outer loop
      vertex 36.6521 3.3479 -33.6073
      vertex 36.2437 2.88227 -33.6073
      vertex 36.1095 2.98532 -32.9757
    endloop
  endfacet
  facet normal -0.768425 0.513459 -0.381946
    outer loop
      vertex 36.4423 2.72991 -34.2115
      vertex 36.1164 2.24218 -34.2115
      vertex 35.8997 2.36732 -33.6073
    endloop
  endfacet
  facet normal -0.550806 0.824409 -0.130236
    outer loop
      vertex 37.5054 4.32086 -32.3271
      vertex 37.0147 3.89055 -32.9757
      vertex 36.9627 3.95827 -32.3271
    endloop
  endfacet
  facet normal -0.555538 0.831491 0
    outer loop
      vertex 37.5054 4.32086 -16.7856
      vertex 37.5054 4.32086 -32.3271
      vertex 36.9627 3.95827 -32.3271
    endloop
  endfacet
  facet normal -0.555443 0.831555 -4.80789e-06
    outer loop
      vertex 37.4692 4.29668 -16.7795
      vertex 37.5054 4.32086 -16.7856
      vertex 36.9627 3.95827 -32.3271
    endloop
  endfacet
  facet normal -0.555531 0.831496 -6.64353e-07
    outer loop
      vertex 37.0603 4.02349 -16.6942
      vertex 37.4692 4.29668 -16.7795
      vertex 36.9627 3.95827 -32.3271
    endloop
  endfacet
  facet normal -0.555604 0.831447 0
    outer loop
      vertex 36.9627 3.95827 -16.6481
      vertex 37.0603 4.02349 -16.6942
      vertex 36.9627 3.95827 -32.3271
    endloop
  endfacet
  facet normal -0.318663 0.93888 -0.130223
    outer loop
      vertex 38.7087 4.81929 -32.3271
      vertex 38.7308 4.73683 -32.9757
      vertex 38.1233 4.53064 -32.9757
    endloop
  endfacet
  facet normal -0.193424 0.972435 -0.130221
    outer loop
      vertex 39.3488 4.94661 -32.3271
      vertex 38.7308 4.73683 -32.9757
      vertex 38.7087 4.81929 -32.3271
    endloop
  endfacet
  facet normal -0.408781 0.828844 -0.38199
    outer loop
      vertex 38.1881 4.37425 -33.6073
      vertex 37.7578 3.88357 -34.2115
      vertex 37.6327 4.10033 -33.6073
    endloop
  endfacet
  facet normal -0.297035 0.875116 -0.382022
    outer loop
      vertex 38.8394 4.33156 -34.2115
      vertex 38.2839 4.14301 -34.2115
      vertex 38.1881 4.37425 -33.6073
    endloop
  endfacet
  facet normal -0.0604387 0.922179 -0.382013
    outer loop
      vertex 40 4.73465 -33.6073
      vertex 40 4.48436 -34.2115
      vertex 39.4147 4.446 -34.2115
    endloop
  endfacet
  facet normal -0.255215 0.751793 -0.608007
    outer loop
      vertex 39.027 3.63111 -35.2968
      vertex 38.5614 3.47305 -35.2968
      vertex 38.409 3.84089 -34.778
    endloop
  endfacet
  facet normal -0.803323 0.53664 -0.258244
    outer loop
      vertex 36.1095 2.98532 -32.9757
      vertex 36.2437 2.88227 -33.6073
      vertex 35.8997 2.36732 -33.6073
    endloop
  endfacet
  facet normal -0.609356 0.694787 -0.382042
    outer loop
      vertex 37.1177 3.75625 -33.6073
      vertex 37.2701 3.55768 -34.2115
      vertex 36.6521 3.3479 -33.6073
    endloop
  endfacet
  facet normal -0.65151 0.571262 -0.499194
    outer loop
      vertex 37.0603 2.93969 -34.778
      vertex 36.7018 2.53083 -34.778
      vertex 36.4423 2.72991 -34.2115
    endloop
  endfacet
  facet normal -0.596934 0.523482 -0.607977
    outer loop
      vertex 37.0603 2.93969 -34.778
      vertex 37.3418 2.65815 -35.2968
      vertex 37.0176 2.28846 -35.2968
    endloop
  endfacet
  facet normal -0.383272 0.777157 -0.499128
    outer loop
      vertex 38.409 3.84089 -34.778
      vertex 37.9213 3.60037 -34.778
      vertex 37.7578 3.88357 -34.2115
    endloop
  endfacet
  facet normal -0.571302 0.65151 -0.499148
    outer loop
      vertex 37.2701 3.55768 -34.2115
      vertex 37.4692 3.29825 -34.778
      vertex 37.0603 2.93969 -34.778
    endloop
  endfacet
  facet normal -0.441119 0.660102 -0.608012
    outer loop
      vertex 37.9213 3.60037 -34.778
      vertex 38.1204 3.25556 -35.2968
      vertex 37.4692 3.29825 -34.778
    endloop
  endfacet
  facet normal -0.481452 0.720457 -0.499144
    outer loop
      vertex 37.9213 3.60037 -34.778
      vertex 37.4692 3.29825 -34.778
      vertex 37.2701 3.55768 -34.2115
    endloop
  endfacet
  facet normal -0.466729 0.532176 -0.706366
    outer loop
      vertex 37.9931 2.61547 -35.7593
      vertex 37.6689 2.33114 -35.7593
      vertex 37.3418 2.65815 -35.2968
    endloop
  endfacet
  facet normal -0.401798 0.458549 -0.792649
    outer loop
      vertex 38.0344 1.98451 -36.1451
      vertex 38.0243 1.97566 -36.1451
      vertex 37.6689 2.33114 -35.7593
    endloop
  endfacet
  facet normal -0.40199 0.458359 -0.792661
    outer loop
      vertex 37.9931 2.61547 -35.7593
      vertex 38.0344 1.98451 -36.1451
      vertex 37.6689 2.33114 -35.7593
    endloop
  endfacet
  facet normal -0.194516 0.577681 -0.792747
    outer loop
      vertex 39.2769 2.6988 -36.1451
      vertex 39.2641 2.69449 -36.1451
      vertex 39.1467 3.18439 -35.7593
    endloop
  endfacet
  facet normal -0.195975 0.577279 -0.792681
    outer loop
      vertex 39.1467 3.18439 -35.7593
      vertex 39.2641 2.69449 -36.1451
      vertex 38.7384 3.04578 -35.7593
    endloop
  endfacet
  facet normal -0.401952 0.45837 -0.792674
    outer loop
      vertex 38.2991 2.21663 -36.1451
      vertex 38.0344 1.98451 -36.1451
      vertex 37.9931 2.61547 -35.7593
    endloop
  endfacet
  facet normal -0.634972 0.313008 -0.706284
    outer loop
      vertex 36.7444 1.8796 -35.2968
      vertex 36.9542 1.2616 -35.7593
      vertex 36.527 1.43858 -35.2968
    endloop
  endfacet
  facet normal -0.712079 0.351018 -0.608054
    outer loop
      vertex 36.7444 1.8796 -35.2968
      vertex 36.527 1.43858 -35.2968
      vertex 36.1591 1.59095 -34.778
    endloop
  endfacet
  facet normal -0.875106 0.297137 -0.381967
    outer loop
      vertex 35.857 1.71609 -34.2115
      vertex 35.6684 1.16064 -34.2115
      vertex 35.6258 1.81187 -33.6073
    endloop
  endfacet
  facet normal -0.906432 0.180264 -0.381951
    outer loop
      vertex 35.4267 1.22542 -33.6073
      vertex 35.554 0.585324 -34.2115
      vertex 35.3059 0.617993 -33.6073
    endloop
  endfacet
  facet normal -0.875106 -0.297137 -0.381967
    outer loop
      vertex 35.6684 -1.16064 -34.2115
      vertex 35.857 -1.71609 -34.2115
      vertex 35.6258 -1.81187 -33.6073
    endloop
  endfacet
  facet normal -0.87513 -0.297107 -0.381936
    outer loop
      vertex 35.6684 -1.16064 -34.2115
      vertex 35.6258 -1.81187 -33.6073
      vertex 35.4267 -1.22542 -33.6073
    endloop
  endfacet
  facet normal -0.792205 0.0518265 -0.60805
    outer loop
      vertex 35.8782 0.542643 -34.778
      vertex 36.273 0.490671 -35.2968
      vertex 35.8427 0 -34.778
    endloop
  endfacet
  facet normal -0.864618 0.0565638 -0.499235
    outer loop
      vertex 35.8782 0.542643 -34.778
      vertex 35.8427 0 -34.778
      vertex 35.5156 0 -34.2115
    endloop
  endfacet
  facet normal -0.792272 -0.0519924 -0.607948
    outer loop
      vertex 36.2408 0 -35.2968
      vertex 36.273 -0.490671 -35.2968
      vertex 35.8427 0 -34.778
    endloop
  endfacet
  facet normal -0.792272 0.0519924 -0.607948
    outer loop
      vertex 36.273 0.490671 -35.2968
      vertex 36.2408 0 -35.2968
      vertex 35.8427 0 -34.778
    endloop
  endfacet
  facet normal 0.188468 -0.947487 -0.258357
    outer loop
      vertex 41.2254 -4.57332 -33.6073
      vertex 41.2692 -4.73683 -32.9757
      vertex 40.618 -4.69414 -33.6073
    endloop
  endfacet
  facet normal 0.180295 -0.906401 -0.382009
    outer loop
      vertex 41.2254 -4.57332 -33.6073
      vertex 40.618 -4.69414 -33.6073
      vertex 40.5853 -4.446 -34.2115
    endloop
  endfacet
  facet normal 0.188473 -0.947485 -0.258362
    outer loop
      vertex 41.2692 -4.73683 -32.9757
      vertex 40.6401 -4.86197 -32.9757
      vertex 40.618 -4.69414 -33.6073
    endloop
  endfacet
  facet normal 0.193436 -0.972434 -0.13021
    outer loop
      vertex 41.2692 -4.73683 -32.9757
      vertex 40.6512 -4.94661 -32.3271
      vertex 40.6401 -4.86197 -32.9757
    endloop
  endfacet
  facet normal -0.193436 -0.972434 -0.13021
    outer loop
      vertex 39.3599 -4.86197 -32.9757
      vertex 39.3488 -4.94661 -32.3271
      vertex 38.7308 -4.73683 -32.9757
    endloop
  endfacet
  facet normal -0.193424 -0.972435 -0.130221
    outer loop
      vertex 38.7308 -4.73683 -32.9757
      vertex 39.3488 -4.94661 -32.3271
      vertex 38.7087 -4.81929 -32.3271
    endloop
  endfacet
  facet normal -0.063189 -0.963979 -0.258362
    outer loop
      vertex 39.382 -4.69414 -33.6073
      vertex 40 -4.73465 -33.6073
      vertex 39.3599 -4.86197 -32.9757
    endloop
  endfacet
  facet normal -0.188473 -0.947485 -0.258362
    outer loop
      vertex 39.382 -4.69414 -33.6073
      vertex 39.3599 -4.86197 -32.9757
      vertex 38.7308 -4.73683 -32.9757
    endloop
  endfacet
  facet normal -0.278516 -0.820554 -0.499119
    outer loop
      vertex 38.924 -4.01569 -34.778
      vertex 38.8394 -4.33156 -34.2115
      vertex 38.2839 -4.14301 -34.2115
    endloop
  endfacet
  facet normal -0.513462 -0.768405 -0.381982
    outer loop
      vertex 37.7578 -3.88357 -34.2115
      vertex 37.6327 -4.10033 -33.6073
      vertex 37.2701 -3.55768 -34.2115
    endloop
  endfacet
  facet normal -0.0566833 -0.864672 -0.499129
    outer loop
      vertex 40 -4.15735 -34.778
      vertex 40 -4.48436 -34.2115
      vertex 39.4574 -4.12178 -34.778
    endloop
  endfacet
  facet normal 0.0566694 -0.864667 -0.499139
    outer loop
      vertex 40.5426 -4.12178 -34.778
      vertex 40.5853 -4.446 -34.2115
      vertex 40 -4.48436 -34.2115
    endloop
  endfacet
  facet normal -0.660169 -0.441125 -0.607935
    outer loop
      vertex 36.7444 -1.8796 -35.2968
      vertex 37.0176 -2.28846 -35.2968
      vertex 36.7018 -2.53083 -34.778
    endloop
  endfacet
  facet normal -0.660092 -0.441171 -0.607987
    outer loop
      vertex 36.7444 -1.8796 -35.2968
      vertex 36.7018 -2.53083 -34.778
      vertex 36.3996 -2.07867 -34.778
    endloop
  endfacet
  facet normal -0.596934 -0.523482 -0.607977
    outer loop
      vertex 37.3418 -2.65815 -35.2968
      vertex 37.0603 -2.93969 -34.778
      vertex 37.0176 -2.28846 -35.2968
    endloop
  endfacet
  facet normal -0.0519353 -0.792244 -0.607991
    outer loop
      vertex 39.5093 -3.72704 -35.2968
      vertex 40 -4.15735 -34.778
      vertex 39.4574 -4.12178 -34.778
    endloop
  endfacet
  facet normal -0.0519225 -0.792238 -0.607999
    outer loop
      vertex 40 -3.7592 -35.2968
      vertex 40 -4.15735 -34.778
      vertex 39.5093 -3.72704 -35.2968
    endloop
  endfacet
  facet normal -0.269613 -0.546774 -0.792683
    outer loop
      vertex 38.615 -2.42562 -36.1451
      vertex 38.7384 -3.04578 -35.7593
      vertex 38.3516 -2.85505 -35.7593
    endloop
  endfacet
  facet normal -0.270425 -0.546313 -0.792725
    outer loop
      vertex 38.603 -2.41968 -36.1451
      vertex 38.615 -2.42562 -36.1451
      vertex 38.3516 -2.85505 -35.7593
    endloop
  endfacet
  facet normal 0.138092 0.694276 -0.706336
    outer loop
      vertex 40.4907 3.72704 -35.2968
      vertex 40.973 3.63111 -35.2968
      vertex 40.4303 3.26852 -35.7593
    endloop
  endfacet
  facet normal 0.634779 0.313155 -0.706392
    outer loop
      vertex 43.2556 1.8796 -35.2968
      vertex 43.0458 1.2616 -35.7593
      vertex 42.855 1.64836 -35.7593
    endloop
  endfacet
  facet normal 0.546737 -0.269611 -0.792709
    outer loop
      vertex 42.5813 -1.06922 -36.1451
      vertex 43.0458 -1.2616 -35.7593
      vertex 42.4256 -1.38496 -36.1451
    endloop
  endfacet
  facet normal 0.119551 -0.597755 -0.792715
    outer loop
      vertex 40.7231 -2.6988 -36.1451
      vertex 40.8533 -3.18439 -35.7593
      vertex 40.71 -2.70142 -36.1451
    endloop
  endfacet
  facet normal 0.118919 -0.597919 -0.792686
    outer loop
      vertex 40.71 -2.70142 -36.1451
      vertex 40.8533 -3.18439 -35.7593
      vertex 40.4303 -3.26852 -35.7593
    endloop
  endfacet
  facet normal 0.506935 -0.338607 -0.792693
    outer loop
      vertex 42.855 -1.64836 -35.7593
      vertex 42.6155 -2.00692 -35.7593
      vertex 42.2241 -1.68972 -36.1451
    endloop
  endfacet
  facet normal 0.505895 -0.339983 -0.792768
    outer loop
      vertex 42.2241 -1.68972 -36.1451
      vertex 42.6155 -2.00692 -35.7593
      vertex 42.2166 -1.70088 -36.1451
    endloop
  endfacet
  facet normal 0.506918 -0.33873 -0.792651
    outer loop
      vertex 42.4197 -1.397 -36.1451
      vertex 42.855 -1.64836 -35.7593
      vertex 42.2241 -1.68972 -36.1451
    endloop
  endfacet
  facet normal 0.532127 -0.466772 -0.706374
    outer loop
      vertex 42.6155 -2.00692 -35.7593
      vertex 42.6582 -2.65815 -35.2968
      vertex 42.3311 -2.33114 -35.7593
    endloop
  endfacet
  facet normal 0.466729 -0.532176 -0.706366
    outer loop
      vertex 42.3311 -2.33114 -35.7593
      vertex 42.6582 -2.65815 -35.2968
      vertex 42.0069 -2.61547 -35.7593
    endloop
  endfacet
  facet normal 0.58858 -0.393289 -0.706327
    outer loop
      vertex 43.2556 -1.8796 -35.2968
      vertex 42.9824 -2.28846 -35.2968
      vertex 42.6155 -2.00692 -35.7593
    endloop
  endfacet
  facet normal 0.660169 -0.441125 -0.607935
    outer loop
      vertex 43.2556 -1.8796 -35.2968
      vertex 43.2982 -2.53083 -34.778
      vertex 42.9824 -2.28846 -35.2968
    endloop
  endfacet
  facet normal -0.0398797 -0.608326 -0.792685
    outer loop
      vertex 39.6353 -2.7701 -36.1451
      vertex 39.9866 -2.79313 -36.1451
      vertex 39.5697 -3.26852 -35.7593
    endloop
  endfacet
  facet normal 0.0398811 -0.608325 -0.792685
    outer loop
      vertex 40.0134 -2.79313 -36.1451
      vertex 40.4303 -3.26852 -35.7593
      vertex 40 -3.29673 -35.7593
    endloop
  endfacet
  facet normal 0.0394959 -0.608328 -0.792703
    outer loop
      vertex 40 -2.794 -36.1451
      vertex 40.0134 -2.79313 -36.1451
      vertex 40 -3.29673 -35.7593
    endloop
  endfacet
  facet normal 0.118926 -0.597921 -0.792684
    outer loop
      vertex 40.71 -2.70142 -36.1451
      vertex 40.4303 -3.26852 -35.7593
      vertex 40.3647 -2.7701 -36.1451
    endloop
  endfacet
  facet normal -0.118919 -0.597919 -0.792686
    outer loop
      vertex 39.29 -2.70142 -36.1451
      vertex 39.5697 -3.26852 -35.7593
      vertex 39.1467 -3.18439 -35.7593
    endloop
  endfacet
  facet normal -0.119551 -0.597755 -0.792715
    outer loop
      vertex 39.2769 -2.6988 -36.1451
      vertex 39.29 -2.70142 -36.1451
      vertex 39.1467 -3.18439 -35.7593
    endloop
  endfacet
  facet normal -0.194516 -0.577681 -0.792747
    outer loop
      vertex 39.2641 -2.69449 -36.1451
      vertex 39.2769 -2.6988 -36.1451
      vertex 39.1467 -3.18439 -35.7593
    endloop
  endfacet
  facet normal -0.195975 -0.577279 -0.792681
    outer loop
      vertex 39.2641 -2.69449 -36.1451
      vertex 39.1467 -3.18439 -35.7593
      vertex 38.7384 -3.04578 -35.7593
    endloop
  endfacet
  facet normal 0.441119 -0.660102 -0.608012
    outer loop
      vertex 42.5308 -3.29825 -34.778
      vertex 42.0787 -3.60037 -34.778
      vertex 41.8796 -3.25556 -35.2968
    endloop
  endfacet
  facet normal 0.481452 -0.720457 -0.499144
    outer loop
      vertex 42.5308 -3.29825 -34.778
      vertex 42.7299 -3.55768 -34.2115
      vertex 42.0787 -3.60037 -34.778
    endloop
  endfacet
  facet normal 0.269578 -0.546774 -0.792695
    outer loop
      vertex 41.385 -2.42562 -36.1451
      vertex 41.2616 -3.04578 -35.7593
      vertex 41.0692 -2.58132 -36.1451
    endloop
  endfacet
  facet normal 0.313072 -0.634909 -0.706312
    outer loop
      vertex 41.6484 -2.85505 -35.7593
      vertex 41.8796 -3.25556 -35.2968
      vertex 41.2616 -3.04578 -35.7593
    endloop
  endfacet
  facet normal 0.154884 -0.778697 -0.607982
    outer loop
      vertex 40.973 -3.63111 -35.2968
      vertex 40.5426 -4.12178 -34.778
      vertex 40.4907 -3.72704 -35.2968
    endloop
  endfacet
  facet normal 0.138092 -0.694276 -0.706336
    outer loop
      vertex 40.973 -3.63111 -35.2968
      vertex 40.4907 -3.72704 -35.2968
      vertex 40.4303 -3.26852 -35.7593
    endloop
  endfacet
  facet normal -0.597927 -0.118968 -0.792673
    outer loop
      vertex 37.2299 -0.364691 -36.1451
      vertex 37.2986 -0.709973 -36.1451
      vertex 36.7315 -0.430307 -35.7593
    endloop
  endfacet
  facet normal -0.338701 -0.506865 -0.792698
    outer loop
      vertex 38.603 -2.41968 -36.1451
      vertex 38.3516 -2.85505 -35.7593
      vertex 38.3103 -2.22409 -36.1451
    endloop
  endfacet
  facet normal 0.597907 0.118889 -0.7927
    outer loop
      vertex 43.1844 0.853254 -35.7593
      vertex 43.2685 0.430307 -35.7593
      vertex 42.7014 0.709973 -36.1451
    endloop
  endfacet
  facet normal 0.598115 0.118088 -0.792663
    outer loop
      vertex 43.1844 0.853254 -35.7593
      vertex 42.7014 0.709973 -36.1451
      vertex 42.6988 0.723142 -36.1451
    endloop
  endfacet
  facet normal 0.597927 -0.118968 -0.792673
    outer loop
      vertex 42.7701 -0.364691 -36.1451
      vertex 43.2685 -0.430307 -35.7593
      vertex 42.7014 -0.709973 -36.1451
    endloop
  endfacet
  facet normal 0.712079 0.351018 -0.608054
    outer loop
      vertex 43.8409 1.59095 -34.778
      vertex 43.473 1.43858 -35.2968
      vertex 43.2556 1.8796 -35.2968
    endloop
  endfacet
  facet normal 0.751744 0.255248 -0.608054
    outer loop
      vertex 43.8409 1.59095 -34.778
      vertex 43.6311 0.972952 -35.2968
      vertex 43.473 1.43858 -35.2968
    endloop
  endfacet
  facet normal 0.720401 0.481478 -0.4992
    outer loop
      vertex 43.5577 2.72991 -34.2115
      vertex 43.6004 2.07867 -34.778
      vertex 43.2982 2.53083 -34.778
    endloop
  endfacet
  facet normal 0.720483 0.481425 -0.499133
    outer loop
      vertex 43.8836 2.24218 -34.2115
      vertex 43.6004 2.07867 -34.778
      vertex 43.5577 2.72991 -34.2115
    endloop
  endfacet
  facet normal 0.481452 0.720457 -0.499144
    outer loop
      vertex 42.7299 3.55768 -34.2115
      vertex 42.5308 3.29825 -34.778
      vertex 42.0787 3.60037 -34.778
    endloop
  endfacet
  facet normal 0.571302 0.65151 -0.499148
    outer loop
      vertex 42.7299 3.55768 -34.2115
      vertex 42.9397 2.93969 -34.778
      vertex 42.5308 3.29825 -34.778
    endloop
  endfacet
  facet normal 0.513462 0.768405 -0.381982
    outer loop
      vertex 42.3673 4.10033 -33.6073
      vertex 42.7299 3.55768 -34.2115
      vertex 42.2422 3.88357 -34.2115
    endloop
  endfacet
  facet normal 0.481438 0.72048 -0.499126
    outer loop
      vertex 42.2422 3.88357 -34.2115
      vertex 42.7299 3.55768 -34.2115
      vertex 42.0787 3.60037 -34.778
    endloop
  endfacet
  facet normal 0.694875 0.609319 -0.381941
    outer loop
      vertex 43.7562 2.88227 -33.6073
      vertex 43.5577 2.72991 -34.2115
      vertex 43.3479 3.3479 -33.6073
    endloop
  endfacet
  facet normal 0.513395 0.768422 -0.382037
    outer loop
      vertex 42.8823 3.75625 -33.6073
      vertex 42.7299 3.55768 -34.2115
      vertex 42.3673 4.10033 -33.6073
    endloop
  endfacet
  facet normal -0.169035 0.849873 -0.499142
    outer loop
      vertex 39.4147 4.446 -34.2115
      vertex 39.4574 4.12178 -34.778
      vertex 38.924 4.01569 -34.778
    endloop
  endfacet
  facet normal -0.0566694 0.864667 -0.499139
    outer loop
      vertex 40 4.48436 -34.2115
      vertex 39.4574 4.12178 -34.778
      vertex 39.4147 4.446 -34.2115
    endloop
  endfacet
  facet normal -0.313101 0.634869 -0.706334
    outer loop
      vertex 38.5614 3.47305 -35.2968
      vertex 38.7384 3.04578 -35.7593
      vertex 38.1204 3.25556 -35.2968
    endloop
  endfacet
  facet normal -0.278516 0.820554 -0.499119
    outer loop
      vertex 38.8394 4.33156 -34.2115
      vertex 38.924 4.01569 -34.778
      vertex 38.2839 4.14301 -34.2115
    endloop
  endfacet
  facet normal 0.401798 0.458549 -0.792649
    outer loop
      vertex 42.3311 2.33114 -35.7593
      vertex 41.9757 1.97566 -36.1451
      vertex 41.9656 1.98451 -36.1451
    endloop
  endfacet
  facet normal 0.40199 0.458359 -0.792661
    outer loop
      vertex 42.0069 2.61547 -35.7593
      vertex 42.3311 2.33114 -35.7593
      vertex 41.9656 1.98451 -36.1451
    endloop
  endfacet
  facet normal 0.596934 0.523482 -0.607977
    outer loop
      vertex 42.9397 2.93969 -34.778
      vertex 42.9824 2.28846 -35.2968
      vertex 42.6582 2.65815 -35.2968
    endloop
  endfacet
  facet normal 0.401952 0.45837 -0.792674
    outer loop
      vertex 42.0069 2.61547 -35.7593
      vertex 41.9656 1.98451 -36.1451
      vertex 41.7009 2.21663 -36.1451
    endloop
  endfacet
  facet normal 0.458306 0.402018 -0.792677
    outer loop
      vertex 42.3311 2.33114 -35.7593
      vertex 42.6155 2.00692 -35.7593
      vertex 41.9845 1.96557 -36.1451
    endloop
  endfacet
  facet normal 0.459528 0.400777 -0.792598
    outer loop
      vertex 42.3311 2.33114 -35.7593
      vertex 41.9845 1.96557 -36.1451
      vertex 41.9757 1.97566 -36.1451
    endloop
  endfacet
  facet normal 0.393334 0.588572 -0.706309
    outer loop
      vertex 41.8796 3.25556 -35.2968
      vertex 42.0069 2.61547 -35.7593
      vertex 41.6484 2.85505 -35.7593
    endloop
  endfacet
  facet normal 0.337981 0.507424 -0.792647
    outer loop
      vertex 42.0069 2.61547 -35.7593
      vertex 41.7009 2.21663 -36.1451
      vertex 41.6897 2.22409 -36.1451
    endloop
  endfacet
  facet normal 0.338727 0.506861 -0.792689
    outer loop
      vertex 42.0069 2.61547 -35.7593
      vertex 41.6897 2.22409 -36.1451
      vertex 41.6484 2.85505 -35.7593
    endloop
  endfacet
  facet normal 0.803224 -0.53673 -0.258364
    outer loop
      vertex 44.1003 -2.36732 -33.6073
      vertex 43.8905 -2.98532 -32.9757
      vertex 43.7562 -2.88227 -33.6073
    endloop
  endfacet
  facet normal 0.726349 -0.636918 -0.258365
    outer loop
      vertex 43.7562 -2.88227 -33.6073
      vertex 43.8905 -2.98532 -32.9757
      vertex 43.3479 -3.3479 -33.6073
    endloop
  endfacet
  facet normal 0.866431 0.427249 -0.258371
    outer loop
      vertex 44.5306 1.87665 -32.9757
      vertex 44.3742 1.81187 -33.6073
      vertex 44.1003 2.36732 -33.6073
    endloop
  endfacet
  facet normal 0.828888 0.408736 -0.381942
    outer loop
      vertex 44.1003 2.36732 -33.6073
      vertex 44.3742 1.81187 -33.6073
      vertex 43.8836 2.24218 -34.2115
    endloop
  endfacet
  facet normal 0.609347 0.694803 -0.382027
    outer loop
      vertex 43.3479 3.3479 -33.6073
      vertex 43.1709 3.17092 -34.2115
      vertex 42.7299 3.55768 -34.2115
    endloop
  endfacet
  facet normal 0.609356 0.694787 -0.382042
    outer loop
      vertex 42.8823 3.75625 -33.6073
      vertex 43.3479 3.3479 -33.6073
      vertex 42.7299 3.55768 -34.2115
    endloop
  endfacet
  facet normal -0.726349 0.636918 -0.258365
    outer loop
      vertex 36.5324 3.4676 -32.9757
      vertex 36.6521 3.3479 -33.6073
      vertex 36.1095 2.98532 -32.9757
    endloop
  endfacet
  facet normal -0.745472 0.653686 -0.130254
    outer loop
      vertex 36.472 3.52796 -32.3271
      vertex 36.5324 3.4676 -32.9757
      vertex 36.1095 2.98532 -32.9757
    endloop
  endfacet
  facet normal -0.828888 0.408736 -0.381942
    outer loop
      vertex 35.8997 2.36732 -33.6073
      vertex 36.1164 2.24218 -34.2115
      vertex 35.6258 1.81187 -33.6073
    endloop
  endfacet
  facet normal -0.889232 0.438503 -0.130316
    outer loop
      vertex 35.6791 2.49465 -32.3271
      vertex 35.7531 2.45196 -32.9757
      vertex 35.4694 1.87665 -32.9757
    endloop
  endfacet
  facet normal -0.427305 0.866404 -0.25837
    outer loop
      vertex 38.1233 4.53064 -32.9757
      vertex 38.1881 4.37425 -33.6073
      vertex 37.6327 4.10033 -33.6073
    endloop
  endfacet
  facet normal -0.188468 0.947487 -0.258357
    outer loop
      vertex 39.382 4.69414 -33.6073
      vertex 38.7746 4.57332 -33.6073
      vertex 38.7308 4.73683 -32.9757
    endloop
  endfacet
  facet normal -0.427285 0.866408 -0.258388
    outer loop
      vertex 38.1233 4.53064 -32.9757
      vertex 37.6327 4.10033 -33.6073
      vertex 37.548 4.24692 -32.9757
    endloop
  endfacet
  facet normal -0.536734 0.803211 -0.258398
    outer loop
      vertex 37.548 4.24692 -32.9757
      vertex 37.6327 4.10033 -33.6073
      vertex 37.0147 3.89055 -32.9757
    endloop
  endfacet
  facet normal -0.0566833 0.864672 -0.499129
    outer loop
      vertex 40 4.48436 -34.2115
      vertex 40 4.15735 -34.778
      vertex 39.4574 4.12178 -34.778
    endloop
  endfacet
  facet normal -0.154884 0.778697 -0.607982
    outer loop
      vertex 39.4574 4.12178 -34.778
      vertex 39.5093 3.72704 -35.2968
      vertex 39.027 3.63111 -35.2968
    endloop
  endfacet
  facet normal -0.866431 0.427249 -0.258371
    outer loop
      vertex 35.8997 2.36732 -33.6073
      vertex 35.6258 1.81187 -33.6073
      vertex 35.4694 1.87665 -32.9757
    endloop
  endfacet
  facet normal -0.866429 0.427258 -0.258362
    outer loop
      vertex 35.7531 2.45196 -32.9757
      vertex 35.8997 2.36732 -33.6073
      vertex 35.4694 1.87665 -32.9757
    endloop
  endfacet
  facet normal -0.52349 0.596923 -0.607981
    outer loop
      vertex 37.7115 2.98237 -35.2968
      vertex 37.3418 2.65815 -35.2968
      vertex 37.0603 2.93969 -34.778
    endloop
  endfacet
  facet normal -0.660092 0.441171 -0.607987
    outer loop
      vertex 36.7018 2.53083 -34.778
      vertex 36.7444 1.8796 -35.2968
      vertex 36.3996 2.07867 -34.778
    endloop
  endfacet
  facet normal -0.694778 0.609374 -0.38203
    outer loop
      vertex 36.6521 3.3479 -33.6073
      vertex 36.8291 3.17092 -34.2115
      vertex 36.4423 2.72991 -34.2115
    endloop
  endfacet
  facet normal -0.609347 0.694803 -0.382027
    outer loop
      vertex 37.2701 3.55768 -34.2115
      vertex 36.8291 3.17092 -34.2115
      vertex 36.6521 3.3479 -33.6073
    endloop
  endfacet
  facet normal -0.536679 0.803271 -0.258324
    outer loop
      vertex 37.6327 4.10033 -33.6073
      vertex 37.1177 3.75625 -33.6073
      vertex 37.0147 3.89055 -32.9757
    endloop
  endfacet
  facet normal -0.513395 0.768422 -0.382037
    outer loop
      vertex 37.6327 4.10033 -33.6073
      vertex 37.2701 3.55768 -34.2115
      vertex 37.1177 3.75625 -33.6073
    endloop
  endfacet
  facet normal -0.278512 0.820558 -0.499115
    outer loop
      vertex 38.924 4.01569 -34.778
      vertex 38.409 3.84089 -34.778
      vertex 38.2839 4.14301 -34.2115
    endloop
  endfacet
  facet normal -0.383256 0.777177 -0.49911
    outer loop
      vertex 38.2839 4.14301 -34.2115
      vertex 38.409 3.84089 -34.778
      vertex 37.7578 3.88357 -34.2115
    endloop
  endfacet
  facet normal -0.58858 0.393289 -0.706327
    outer loop
      vertex 37.0176 2.28846 -35.2968
      vertex 37.3845 2.00692 -35.7593
      vertex 36.7444 1.8796 -35.2968
    endloop
  endfacet
  facet normal -0.660169 0.441125 -0.607935
    outer loop
      vertex 37.0176 2.28846 -35.2968
      vertex 36.7444 1.8796 -35.2968
      vertex 36.7018 2.53083 -34.778
    endloop
  endfacet
  facet normal -0.118926 0.597921 -0.792684
    outer loop
      vertex 39.5697 3.26852 -35.7593
      vertex 39.6353 2.7701 -36.1451
      vertex 39.29 2.70142 -36.1451
    endloop
  endfacet
  facet normal -0.0398797 0.608326 -0.792685
    outer loop
      vertex 39.9866 2.79313 -36.1451
      vertex 39.6353 2.7701 -36.1451
      vertex 39.5697 3.26852 -35.7593
    endloop
  endfacet
  facet normal -0.506865 0.338695 -0.7927
    outer loop
      vertex 37.7759 1.68972 -36.1451
      vertex 37.5803 1.397 -36.1451
      vertex 37.1449 1.64836 -35.7593
    endloop
  endfacet
  facet normal -0.547474 0.268281 -0.792652
    outer loop
      vertex 37.5803 1.397 -36.1451
      vertex 37.5744 1.38496 -36.1451
      vertex 37.1449 1.64836 -35.7593
    endloop
  endfacet
  facet normal -0.546738 0.26958 -0.79272
    outer loop
      vertex 37.1449 1.64836 -35.7593
      vertex 37.5744 1.38496 -36.1451
      vertex 36.9542 1.2616 -35.7593
    endloop
  endfacet
  facet normal -0.849868 0.168994 -0.499165
    outer loop
      vertex 35.6684 1.16064 -34.2115
      vertex 35.9843 1.076 -34.778
      vertex 35.554 0.585324 -34.2115
    endloop
  endfacet
  facet normal -0.906443 0.180244 -0.381932
    outer loop
      vertex 35.6684 1.16064 -34.2115
      vertex 35.554 0.585324 -34.2115
      vertex 35.4267 1.22542 -33.6073
    endloop
  endfacet
  facet normal 0.063191 -0.963979 -0.258363
    outer loop
      vertex 40 -4.73465 -33.6073
      vertex 40.6401 -4.86197 -32.9757
      vertex 40 -4.90393 -32.9757
    endloop
  endfacet
  facet normal 0.0648549 -0.989362 -0.130218
    outer loop
      vertex 40.6401 -4.86197 -32.9757
      vertex 40.6512 -4.94661 -32.3271
      vertex 40 -4.90393 -32.9757
    endloop
  endfacet
  facet normal -0.427305 -0.866404 -0.25837
    outer loop
      vertex 38.1881 -4.37425 -33.6073
      vertex 38.1233 -4.53064 -32.9757
      vertex 37.6327 -4.10033 -33.6073
    endloop
  endfacet
  facet normal -0.408781 -0.828844 -0.38199
    outer loop
      vertex 37.7578 -3.88357 -34.2115
      vertex 38.1881 -4.37425 -33.6073
      vertex 37.6327 -4.10033 -33.6073
    endloop
  endfacet
  facet normal -0.532223 -0.466733 -0.706328
    outer loop
      vertex 37.3845 -2.00692 -35.7593
      vertex 37.3418 -2.65815 -35.2968
      vertex 37.0176 -2.28846 -35.2968
    endloop
  endfacet
  facet normal -0.58858 -0.393289 -0.706327
    outer loop
      vertex 37.3845 -2.00692 -35.7593
      vertex 37.0176 -2.28846 -35.2968
      vertex 36.7444 -1.8796 -35.2968
    endloop
  endfacet
  facet normal 0.0519353 -0.792244 -0.607991
    outer loop
      vertex 40.4907 -3.72704 -35.2968
      vertex 40.5426 -4.12178 -34.778
      vertex 40 -4.15735 -34.778
    endloop
  endfacet
  facet normal 0.0566833 -0.864672 -0.499129
    outer loop
      vertex 40 -4.15735 -34.778
      vertex 40.5426 -4.12178 -34.778
      vertex 40 -4.48436 -34.2115
    endloop
  endfacet
  facet normal 0.0398797 0.608326 -0.792685
    outer loop
      vertex 40.4303 3.26852 -35.7593
      vertex 40.3647 2.7701 -36.1451
      vertex 40.0134 2.79313 -36.1451
    endloop
  endfacet
  facet normal 0.0394959 0.608328 -0.792703
    outer loop
      vertex 40 3.29673 -35.7593
      vertex 40.0134 2.79313 -36.1451
      vertex 40 2.794 -36.1451
    endloop
  endfacet
  facet normal 0.0398811 0.608325 -0.792685
    outer loop
      vertex 40.4303 3.26852 -35.7593
      vertex 40.0134 2.79313 -36.1451
      vertex 40 3.29673 -35.7593
    endloop
  endfacet
  facet normal 0.351163 0.712045 -0.60801
    outer loop
      vertex 41.591 3.84089 -34.778
      vertex 41.8796 3.25556 -35.2968
      vertex 41.4386 3.47305 -35.2968
    endloop
  endfacet
  facet normal 0.255215 0.751793 -0.608007
    outer loop
      vertex 41.591 3.84089 -34.778
      vertex 41.4386 3.47305 -35.2968
      vertex 40.973 3.63111 -35.2968
    endloop
  endfacet
  facet normal 0.546736 0.269721 -0.792673
    outer loop
      vertex 42.855 1.64836 -35.7593
      vertex 43.0458 1.2616 -35.7593
      vertex 42.4256 1.38496 -36.1451
    endloop
  endfacet
  facet normal 0.547536 0.268311 -0.7926
    outer loop
      vertex 42.855 1.64836 -35.7593
      vertex 42.4256 1.38496 -36.1451
      vertex 42.4197 1.397 -36.1451
    endloop
  endfacet
  facet normal 0.546737 0.269611 -0.792709
    outer loop
      vertex 43.0458 1.2616 -35.7593
      vertex 42.5813 1.06922 -36.1451
      vertex 42.4256 1.38496 -36.1451
    endloop
  endfacet
  facet normal 0.58858 0.393289 -0.706327
    outer loop
      vertex 42.9824 2.28846 -35.2968
      vertex 43.2556 1.8796 -35.2968
      vertex 42.6155 2.00692 -35.7593
    endloop
  endfacet
  facet normal 0.588597 0.393153 -0.706388
    outer loop
      vertex 43.2556 1.8796 -35.2968
      vertex 42.855 1.64836 -35.7593
      vertex 42.6155 2.00692 -35.7593
    endloop
  endfacet
  facet normal 0.0398797 -0.608326 -0.792685
    outer loop
      vertex 40.3647 -2.7701 -36.1451
      vertex 40.4303 -3.26852 -35.7593
      vertex 40.0134 -2.79313 -36.1451
    endloop
  endfacet
  facet normal 0.458306 -0.402018 -0.792677
    outer loop
      vertex 42.6155 -2.00692 -35.7593
      vertex 42.3311 -2.33114 -35.7593
      vertex 41.9845 -1.96557 -36.1451
    endloop
  endfacet
  facet normal 0.459528 -0.400777 -0.792598
    outer loop
      vertex 41.9845 -1.96557 -36.1451
      vertex 42.3311 -2.33114 -35.7593
      vertex 41.9757 -1.97566 -36.1451
    endloop
  endfacet
  facet normal 0.40199 -0.458359 -0.792661
    outer loop
      vertex 42.3311 -2.33114 -35.7593
      vertex 42.0069 -2.61547 -35.7593
      vertex 41.9656 -1.98451 -36.1451
    endloop
  endfacet
  facet normal 0.401798 -0.458549 -0.792649
    outer loop
      vertex 41.9757 -1.97566 -36.1451
      vertex 42.3311 -2.33114 -35.7593
      vertex 41.9656 -1.98451 -36.1451
    endloop
  endfacet
  facet normal -0.118926 -0.597921 -0.792684
    outer loop
      vertex 39.6353 -2.7701 -36.1451
      vertex 39.5697 -3.26852 -35.7593
      vertex 39.29 -2.70142 -36.1451
    endloop
  endfacet
  facet normal 0.338701 -0.506865 -0.792698
    outer loop
      vertex 41.6897 -2.22409 -36.1451
      vertex 41.6484 -2.85505 -35.7593
      vertex 41.397 -2.41968 -36.1451
    endloop
  endfacet
  facet normal 0.337981 -0.507424 -0.792647
    outer loop
      vertex 41.7009 -2.21663 -36.1451
      vertex 42.0069 -2.61547 -35.7593
      vertex 41.6897 -2.22409 -36.1451
    endloop
  endfacet
  facet normal 0.338727 -0.506861 -0.792689
    outer loop
      vertex 41.6897 -2.22409 -36.1451
      vertex 42.0069 -2.61547 -35.7593
      vertex 41.6484 -2.85505 -35.7593
    endloop
  endfacet
  facet normal -0.506865 -0.338695 -0.7927
    outer loop
      vertex 37.5803 -1.397 -36.1451
      vertex 37.7759 -1.68972 -36.1451
      vertex 37.1449 -1.64836 -35.7593
    endloop
  endfacet
  facet normal -0.608346 -0.0398294 -0.792672
    outer loop
      vertex 37.2069 -0.0133944 -36.1451
      vertex 37.2299 -0.364691 -36.1451
      vertex 36.7315 -0.430307 -35.7593
    endloop
  endfacet
  facet normal 0.608346 0.0398294 -0.792672
    outer loop
      vertex 43.2685 0.430307 -35.7593
      vertex 42.7931 0.0133944 -36.1451
      vertex 42.7701 0.364691 -36.1451
    endloop
  endfacet
  facet normal 0.441073 0.660181 -0.60796
    outer loop
      vertex 42.5308 3.29825 -34.778
      vertex 42.2885 2.98237 -35.2968
      vertex 41.8796 3.25556 -35.2968
    endloop
  endfacet
  facet normal 0.523473 0.596965 -0.607955
    outer loop
      vertex 42.5308 3.29825 -34.778
      vertex 42.9397 2.93969 -34.778
      vertex 42.2885 2.98237 -35.2968
    endloop
  endfacet
  facet normal -0.227557 0.670308 -0.706332
    outer loop
      vertex 39.027 3.63111 -35.2968
      vertex 39.1467 3.18439 -35.7593
      vertex 38.7384 3.04578 -35.7593
    endloop
  endfacet
  facet normal -0.138085 0.694282 -0.706332
    outer loop
      vertex 39.5697 3.26852 -35.7593
      vertex 39.1467 3.18439 -35.7593
      vertex 39.027 3.63111 -35.2968
    endloop
  endfacet
  facet normal 0.338701 0.506865 -0.792698
    outer loop
      vertex 41.6484 2.85505 -35.7593
      vertex 41.6897 2.22409 -36.1451
      vertex 41.397 2.41968 -36.1451
    endloop
  endfacet
  facet normal 0.118926 0.597921 -0.792684
    outer loop
      vertex 40.4303 3.26852 -35.7593
      vertex 40.71 2.70142 -36.1451
      vertex 40.3647 2.7701 -36.1451
    endloop
  endfacet
  facet normal 0.726349 0.636918 -0.258365
    outer loop
      vertex 43.8905 2.98532 -32.9757
      vertex 43.7562 2.88227 -33.6073
      vertex 43.3479 3.3479 -33.6073
    endloop
  endfacet
  facet normal 0.803224 0.53673 -0.258364
    outer loop
      vertex 43.8905 2.98532 -32.9757
      vertex 44.1003 2.36732 -33.6073
      vertex 43.7562 2.88227 -33.6073
    endloop
  endfacet
  facet normal -0.0519225 0.792238 -0.607999
    outer loop
      vertex 40 4.15735 -34.778
      vertex 40 3.7592 -35.2968
      vertex 39.5093 3.72704 -35.2968
    endloop
  endfacet
  facet normal 0.0519225 0.792238 -0.607999
    outer loop
      vertex 40 4.15735 -34.778
      vertex 40.4907 3.72704 -35.2968
      vertex 40 3.7592 -35.2968
    endloop
  endfacet
  facet normal -0.694771 0.609378 -0.382036
    outer loop
      vertex 36.6521 3.3479 -33.6073
      vertex 36.4423 2.72991 -34.2115
      vertex 36.2437 2.88227 -33.6073
    endloop
  endfacet
  facet normal -0.768453 0.513347 -0.38204
    outer loop
      vertex 36.2437 2.88227 -33.6073
      vertex 36.4423 2.72991 -34.2115
      vertex 35.8997 2.36732 -33.6073
    endloop
  endfacet
  facet normal -0.596991 0.523458 -0.607942
    outer loop
      vertex 37.0603 2.93969 -34.778
      vertex 37.0176 2.28846 -35.2968
      vertex 36.7018 2.53083 -34.778
    endloop
  endfacet
  facet normal -0.466723 0.532192 -0.706358
    outer loop
      vertex 37.7115 2.98237 -35.2968
      vertex 37.9931 2.61547 -35.7593
      vertex 37.3418 2.65815 -35.2968
    endloop
  endfacet
  facet normal -0.351163 0.712045 -0.60801
    outer loop
      vertex 38.409 3.84089 -34.778
      vertex 38.5614 3.47305 -35.2968
      vertex 38.1204 3.25556 -35.2968
    endloop
  endfacet
  facet normal -0.351161 0.712045 -0.608011
    outer loop
      vertex 38.409 3.84089 -34.778
      vertex 38.1204 3.25556 -35.2968
      vertex 37.9213 3.60037 -34.778
    endloop
  endfacet
  facet normal -0.310487 0.914792 -0.258366
    outer loop
      vertex 38.7308 4.73683 -32.9757
      vertex 38.1881 4.37425 -33.6073
      vertex 38.1233 4.53064 -32.9757
    endloop
  endfacet
  facet normal -0.310499 0.914791 -0.258356
    outer loop
      vertex 38.7308 4.73683 -32.9757
      vertex 38.7746 4.57332 -33.6073
      vertex 38.1881 4.37425 -33.6073
    endloop
  endfacet
  facet normal -0.278512 -0.820558 -0.499115
    outer loop
      vertex 38.409 -3.84089 -34.778
      vertex 38.924 -4.01569 -34.778
      vertex 38.2839 -4.14301 -34.2115
    endloop
  endfacet
  facet normal -0.383256 -0.777177 -0.49911
    outer loop
      vertex 38.409 -3.84089 -34.778
      vertex 38.2839 -4.14301 -34.2115
      vertex 37.7578 -3.88357 -34.2115
    endloop
  endfacet
  facet normal -0.297033 -0.875118 -0.38202
    outer loop
      vertex 38.8394 -4.33156 -34.2115
      vertex 38.7746 -4.57332 -33.6073
      vertex 38.1881 -4.37425 -33.6073
    endloop
  endfacet
  facet normal -0.310499 -0.914791 -0.258356
    outer loop
      vertex 38.7746 -4.57332 -33.6073
      vertex 38.7308 -4.73683 -32.9757
      vertex 38.1881 -4.37425 -33.6073
    endloop
  endfacet
  facet normal -0.466729 -0.532176 -0.706366
    outer loop
      vertex 37.6689 -2.33114 -35.7593
      vertex 37.9931 -2.61547 -35.7593
      vertex 37.3418 -2.65815 -35.2968
    endloop
  endfacet
  facet normal -0.532127 -0.466772 -0.706374
    outer loop
      vertex 37.3845 -2.00692 -35.7593
      vertex 37.6689 -2.33114 -35.7593
      vertex 37.3418 -2.65815 -35.2968
    endloop
  endfacet
  facet normal 0.313101 0.634869 -0.706334
    outer loop
      vertex 41.4386 3.47305 -35.2968
      vertex 41.8796 3.25556 -35.2968
      vertex 41.2616 3.04578 -35.7593
    endloop
  endfacet
  facet normal 0.227553 0.670308 -0.706334
    outer loop
      vertex 41.4386 3.47305 -35.2968
      vertex 41.2616 3.04578 -35.7593
      vertex 40.973 3.63111 -35.2968
    endloop
  endfacet
  facet normal 0.466729 0.532176 -0.706366
    outer loop
      vertex 42.6582 2.65815 -35.2968
      vertex 42.3311 2.33114 -35.7593
      vertex 42.0069 2.61547 -35.7593
    endloop
  endfacet
  facet normal 0.532127 0.466772 -0.706374
    outer loop
      vertex 42.6582 2.65815 -35.2968
      vertex 42.6155 2.00692 -35.7593
      vertex 42.3311 2.33114 -35.7593
    endloop
  endfacet
  facet normal -0.577225 -0.196005 -0.792713
    outer loop
      vertex 37.3055 -0.735852 -36.1451
      vertex 37.4187 -1.06922 -36.1451
      vertex 36.9542 -1.2616 -35.7593
    endloop
  endfacet
  facet normal 0.0462949 0.706372 -0.706326
    outer loop
      vertex 40 3.7592 -35.2968
      vertex 40.4907 3.72704 -35.2968
      vertex 40 3.29673 -35.7593
    endloop
  endfacet
  facet normal -0.0462949 0.706372 -0.706326
    outer loop
      vertex 40 3.7592 -35.2968
      vertex 40 3.29673 -35.7593
      vertex 39.5093 3.72704 -35.2968
    endloop
  endfacet
  facet normal -0.532127 0.466772 -0.706374
    outer loop
      vertex 37.6689 2.33114 -35.7593
      vertex 37.3845 2.00692 -35.7593
      vertex 37.3418 2.65815 -35.2968
    endloop
  endfacet
  facet normal -0.532223 0.466733 -0.706328
    outer loop
      vertex 37.3418 2.65815 -35.2968
      vertex 37.3845 2.00692 -35.7593
      vertex 37.0176 2.28846 -35.2968
    endloop
  endfacet
  facet normal -0.154878 0.778695 -0.607986
    outer loop
      vertex 39.4574 4.12178 -34.778
      vertex 39.027 3.63111 -35.2968
      vertex 38.924 4.01569 -34.778
    endloop
  endfacet
  facet normal -0.255183 0.751825 -0.607981
    outer loop
      vertex 38.924 4.01569 -34.778
      vertex 39.027 3.63111 -35.2968
      vertex 38.409 3.84089 -34.778
    endloop
  endfacet
  facet normal 0.196002 0.577252 -0.792694
    outer loop
      vertex 41.2616 3.04578 -35.7593
      vertex 41.0692 2.58132 -36.1451
      vertex 40.7359 2.69449 -36.1451
    endloop
  endfacet
  facet normal 0.227557 0.670308 -0.706332
    outer loop
      vertex 40.973 3.63111 -35.2968
      vertex 41.2616 3.04578 -35.7593
      vertex 40.8533 3.18439 -35.7593
    endloop
  endfacet
  facet normal -0.40199 -0.458359 -0.792661
    outer loop
      vertex 38.0344 -1.98451 -36.1451
      vertex 37.9931 -2.61547 -35.7593
      vertex 37.6689 -2.33114 -35.7593
    endloop
  endfacet
  facet normal -0.401798 -0.458549 -0.792649
    outer loop
      vertex 38.0243 -1.97566 -36.1451
      vertex 38.0344 -1.98451 -36.1451
      vertex 37.6689 -2.33114 -35.7593
    endloop
  endfacet
  facet normal -0.459528 -0.400777 -0.792598
    outer loop
      vertex 38.0155 -1.96557 -36.1451
      vertex 38.0243 -1.97566 -36.1451
      vertex 37.6689 -2.33114 -35.7593
    endloop
  endfacet
  facet normal -0.458306 -0.402018 -0.792677
    outer loop
      vertex 38.0155 -1.96557 -36.1451
      vertex 37.6689 -2.33114 -35.7593
      vertex 37.3845 -2.00692 -35.7593
    endloop
  endfacet
  facet normal 0.195975 0.577279 -0.792681
    outer loop
      vertex 40.8533 3.18439 -35.7593
      vertex 41.2616 3.04578 -35.7593
      vertex 40.7359 2.69449 -36.1451
    endloop
  endfacet
  facet normal 0.194516 0.577681 -0.792747
    outer loop
      vertex 40.8533 3.18439 -35.7593
      vertex 40.7359 2.69449 -36.1451
      vertex 40.7231 2.6988 -36.1451
    endloop
  endfacet
  facet normal 0.119551 0.597755 -0.792715
    outer loop
      vertex 40.8533 3.18439 -35.7593
      vertex 40.7231 2.6988 -36.1451
      vertex 40.71 2.70142 -36.1451
    endloop
  endfacet
  facet normal 0.118919 0.597919 -0.792686
    outer loop
      vertex 40.8533 3.18439 -35.7593
      vertex 40.71 2.70142 -36.1451
      vertex 40.4303 3.26852 -35.7593
    endloop
  endfacet
  facet normal 0.270425 0.546313 -0.792725
    outer loop
      vertex 41.6484 2.85505 -35.7593
      vertex 41.397 2.41968 -36.1451
      vertex 41.385 2.42562 -36.1451
    endloop
  endfacet
  facet normal 0.269613 0.546774 -0.792683
    outer loop
      vertex 41.6484 2.85505 -35.7593
      vertex 41.385 2.42562 -36.1451
      vertex 41.2616 3.04578 -35.7593
    endloop
  endfacet
  facet normal 0.313072 0.634909 -0.706312
    outer loop
      vertex 41.8796 3.25556 -35.2968
      vertex 41.6484 2.85505 -35.7593
      vertex 41.2616 3.04578 -35.7593
    endloop
  endfacet
  facet normal 0 0 1
    outer loop
      vertex 44.9893 12 -9.91821e-05
      vertex 45 12 -9.91821e-05
      vertex 44.9939 12.2453 -9.91821e-05
    endloop
  endfacet
  facet normal 0 0 1
    outer loop
      vertex 45 12 -9.91821e-05
      vertex 44.9893 12 -9.91821e-05
      vertex 44.9939 11.7547 -9.91821e-05
    endloop
  endfacet
  facet normal 0 0 1
    outer loop
      vertex 44.9466 12.6512 -9.91821e-05
      vertex 44.9939 12.2453 -9.91821e-05
      vertex 44.9759 12.4901 -9.91821e-05
    endloop
  endfacet
  facet normal 0 0 1
    outer loop
      vertex 44.9939 12.2453 -9.91821e-05
      vertex 44.9466 12.6512 -9.91821e-05
      vertex 44.9893 12 -9.91821e-05
    endloop
  endfacet
  facet normal 0 0 1
    outer loop
      vertex 44.9458 12.7337 -9.91821e-05
      vertex 44.9466 12.6512 -9.91821e-05
      vertex 44.9759 12.4901 -9.91821e-05
    endloop
  endfacet
  facet normal 0 0 1
    outer loop
      vertex 44.9039 12.9755 -9.91821e-05
      vertex 44.9466 12.6512 -9.91821e-05
      vertex 44.9458 12.7337 -9.91821e-05
    endloop
  endfacet
  facet normal 0 0 1
    outer loop
      vertex 44.8193 13.2913 -9.91821e-05
      vertex 44.9039 12.9755 -9.91821e-05
      vertex 44.8501 13.2149 -9.91821e-05
    endloop
  endfacet
  facet normal 0 0 1
    outer loop
      vertex 44.9039 12.9755 -9.91821e-05
      vertex 44.8193 13.2913 -9.91821e-05
      vertex 44.9466 12.6512 -9.91821e-05
    endloop
  endfacet
  facet normal 0 0 1
    outer loop
      vertex 44.7847 13.4514 -9.91821e-05
      vertex 44.8193 13.2913 -9.91821e-05
      vertex 44.8501 13.2149 -9.91821e-05
    endloop
  endfacet
  facet normal 0 0 1
    outer loop
      vertex 44.7077 13.6844 -9.91821e-05
      vertex 44.8193 13.2913 -9.91821e-05
      vertex 44.7847 13.4514 -9.91821e-05
    endloop
  endfacet
  facet normal -0 0 1
    outer loop
      vertex 44.6095 13.9093 -9.91821e-05
      vertex 44.7077 13.6844 -9.91821e-05
      vertex 44.6194 13.9134 -9.91821e-05
    endloop
  endfacet
  facet normal 0 0 1
    outer loop
      vertex 44.7077 13.6844 -9.91821e-05
      vertex 44.6095 13.9093 -9.91821e-05
      vertex 44.8193 13.2913 -9.91821e-05
    endloop
  endfacet
  facet normal 0 0 1
    outer loop
      vertex 44.5199 14.1378 -9.91821e-05
      vertex 44.6095 13.9093 -9.91821e-05
      vertex 44.6194 13.9134 -9.91821e-05
    endloop
  endfacet
  facet normal 0 0 1
    outer loop
      vertex 44.3209 14.4946 -9.91821e-05
      vertex 44.5199 14.1378 -9.91821e-05
      vertex 44.4096 14.357 -9.91821e-05
    endloop
  endfacet
  facet normal 0 0 1
    outer loop
      vertex 44.5199 14.1378 -9.91821e-05
      vertex 44.3209 14.4946 -9.91821e-05
      vertex 44.6095 13.9093 -9.91821e-05
    endloop
  endfacet
  facet normal 0 0 1
    outer loop
      vertex 44.2886 14.5705 -9.91821e-05
      vertex 44.3209 14.4946 -9.91821e-05
      vertex 44.4096 14.357 -9.91821e-05
    endloop
  endfacet
  facet normal 0 0 1
    outer loop
      vertex 44.1573 14.7779 -9.91821e-05
      vertex 44.3209 14.4946 -9.91821e-05
      vertex 44.2886 14.5705 -9.91821e-05
    endloop
  endfacet
  facet normal 0 0 1
    outer loop
      vertex 43.9583 15.0373 -9.91821e-05
      vertex 44.1573 14.7779 -9.91821e-05
      vertex 44.016 14.9785 -9.91821e-05
    endloop
  endfacet
  facet normal 0 0 1
    outer loop
      vertex 44.1573 14.7779 -9.91821e-05
      vertex 43.9583 15.0373 -9.91821e-05
      vertex 44.3209 14.4946 -9.91821e-05
    endloop
  endfacet
  facet normal 0 0 1
    outer loop
      vertex 43.865 15.172 -9.91821e-05
      vertex 43.9583 15.0373 -9.91821e-05
      vertex 44.016 14.9785 -9.91821e-05
    endloop
  endfacet
  facet normal 0 0 1
    outer loop
      vertex 43.7047 15.3578 -9.91821e-05
      vertex 43.9583 15.0373 -9.91821e-05
      vertex 43.865 15.172 -9.91821e-05
    endloop
  endfacet
  facet normal -0 0 1
    outer loop
      vertex 43.528 15.528 -9.91821e-05
      vertex 43.7047 15.3578 -9.91821e-05
      vertex 43.5355 15.5355 -9.91821e-05
    endloop
  endfacet
  facet normal 0 0 1
    outer loop
      vertex 43.7047 15.3578 -9.91821e-05
      vertex 43.528 15.528 -9.91821e-05
      vertex 43.9583 15.0373 -9.91821e-05
    endloop
  endfacet
  facet normal 0 0 1
    outer loop
      vertex 43.3578 15.7048 -9.91821e-05
      vertex 43.528 15.528 -9.91821e-05
      vertex 43.5355 15.5355 -9.91821e-05
    endloop
  endfacet
  facet normal 0 0 1
    outer loop
      vertex 43.0373 15.9583 -9.91821e-05
      vertex 43.3578 15.7048 -9.91821e-05
      vertex 43.1719 15.8651 -9.91821e-05
    endloop
  endfacet
  facet normal 0 0 1
    outer loop
      vertex 43.3578 15.7048 -9.91821e-05
      vertex 43.0373 15.9583 -9.91821e-05
      vertex 43.528 15.528 -9.91821e-05
    endloop
  endfacet
  facet normal 0 0 1
    outer loop
      vertex 42.9785 16.016 -9.91821e-05
      vertex 43.0373 15.9583 -9.91821e-05
      vertex 43.1719 15.8651 -9.91821e-05
    endloop
  endfacet
  facet normal 0 0 1
    outer loop
      vertex 42.7778 16.1573 -9.91821e-05
      vertex 43.0373 15.9583 -9.91821e-05
      vertex 42.9785 16.016 -9.91821e-05
    endloop
  endfacet
  facet normal 0 0 1
    outer loop
      vertex 42.4946 16.3209 -9.91821e-05
      vertex 42.7778 16.1573 -9.91821e-05
      vertex 42.5705 16.2886 -9.91821e-05
    endloop
  endfacet
  facet normal 0 0 1
    outer loop
      vertex 42.7778 16.1573 -9.91821e-05
      vertex 42.4946 16.3209 -9.91821e-05
      vertex 43.0373 15.9583 -9.91821e-05
    endloop
  endfacet
  facet normal 0 0 1
    outer loop
      vertex 42.357 16.4096 -9.91821e-05
      vertex 42.4946 16.3209 -9.91821e-05
      vertex 42.5705 16.2886 -9.91821e-05
    endloop
  endfacet
  facet normal 0 0 1
    outer loop
      vertex 42.1377 16.5199 -9.91821e-05
      vertex 42.4946 16.3209 -9.91821e-05
      vertex 42.357 16.4096 -9.91821e-05
    endloop
  endfacet
  facet normal -0 0 1
    outer loop
      vertex 41.9093 16.6095 -9.91821e-05
      vertex 42.1377 16.5199 -9.91821e-05
      vertex 41.9134 16.6194 -9.91821e-05
    endloop
  endfacet
  facet normal 0 0 1
    outer loop
      vertex 42.1377 16.5199 -9.91821e-05
      vertex 41.9093 16.6095 -9.91821e-05
      vertex 42.4946 16.3209 -9.91821e-05
    endloop
  endfacet
  facet normal 0 0 1
    outer loop
      vertex 41.6844 16.7077 -9.91821e-05
      vertex 41.9093 16.6095 -9.91821e-05
      vertex 41.9134 16.6194 -9.91821e-05
    endloop
  endfacet
  facet normal 0 0 1
    outer loop
      vertex 41.2913 16.8193 -9.91821e-05
      vertex 41.6844 16.7077 -9.91821e-05
      vertex 41.4514 16.7847 -9.91821e-05
    endloop
  endfacet
  facet normal 0 0 1
    outer loop
      vertex 41.6844 16.7077 -9.91821e-05
      vertex 41.2913 16.8193 -9.91821e-05
      vertex 41.9093 16.6095 -9.91821e-05
    endloop
  endfacet
  facet normal 0 0 1
    outer loop
      vertex 41.2149 16.8502 -9.91821e-05
      vertex 41.2913 16.8193 -9.91821e-05
      vertex 41.4514 16.7847 -9.91821e-05
    endloop
  endfacet
  facet normal 0 0 1
    outer loop
      vertex 40.9754 16.9039 -9.91821e-05
      vertex 41.2913 16.8193 -9.91821e-05
      vertex 41.2149 16.8502 -9.91821e-05
    endloop
  endfacet
  facet normal 0 0 1
    outer loop
      vertex 40.6512 16.9466 -9.91821e-05
      vertex 40.9754 16.9039 -9.91821e-05
      vertex 40.7336 16.9459 -9.91821e-05
    endloop
  endfacet
  facet normal 0 0 1
    outer loop
      vertex 40.9754 16.9039 -9.91821e-05
      vertex 40.6512 16.9466 -9.91821e-05
      vertex 41.2913 16.8193 -9.91821e-05
    endloop
  endfacet
  facet normal 0 0 1
    outer loop
      vertex 40.4901 16.9759 -9.91821e-05
      vertex 40.6512 16.9466 -9.91821e-05
      vertex 40.7336 16.9459 -9.91821e-05
    endloop
  endfacet
  facet normal 0 0 1
    outer loop
      vertex 40.2453 16.994 -9.91821e-05
      vertex 40.6512 16.9466 -9.91821e-05
      vertex 40.4901 16.9759 -9.91821e-05
    endloop
  endfacet
  facet normal 0 0 1
    outer loop
      vertex 40 16.9893 -9.91821e-05
      vertex 40.2453 16.994 -9.91821e-05
      vertex 40 17 -9.91821e-05
    endloop
  endfacet
  facet normal 0 0 1
    outer loop
      vertex 40.2453 16.994 -9.91821e-05
      vertex 40 16.9893 -9.91821e-05
      vertex 40.6512 16.9466 -9.91821e-05
    endloop
  endfacet
  facet normal -0 0 1
    outer loop
      vertex 39.7546 16.994 -9.91821e-05
      vertex 40 16.9893 -9.91821e-05
      vertex 40 17 -9.91821e-05
    endloop
  endfacet
  facet normal 0 0 1
    outer loop
      vertex 39.3488 16.9466 -9.91821e-05
      vertex 39.7546 16.994 -9.91821e-05
      vertex 39.5099 16.9759 -9.91821e-05
    endloop
  endfacet
  facet normal 0 0 1
    outer loop
      vertex 39.7546 16.994 -9.91821e-05
      vertex 39.3488 16.9466 -9.91821e-05
      vertex 40 16.9893 -9.91821e-05
    endloop
  endfacet
  facet normal 0 0 1
    outer loop
      vertex 39.2663 16.9459 -9.91821e-05
      vertex 39.3488 16.9466 -9.91821e-05
      vertex 39.5099 16.9759 -9.91821e-05
    endloop
  endfacet
  facet normal 0 0 1
    outer loop
      vertex 39.0245 16.9039 -9.91821e-05
      vertex 39.3488 16.9466 -9.91821e-05
      vertex 39.2663 16.9459 -9.91821e-05
    endloop
  endfacet
  facet normal 0 0 1
    outer loop
      vertex 38.7087 16.8193 -9.91821e-05
      vertex 39.0245 16.9039 -9.91821e-05
      vertex 38.7851 16.8502 -9.91821e-05
    endloop
  endfacet
  facet normal -0 0 1
    outer loop
      vertex 39.0245 16.9039 -9.91821e-05
      vertex 38.7087 16.8193 -9.91821e-05
      vertex 39.3488 16.9466 -9.91821e-05
    endloop
  endfacet
  facet normal 0 0 1
    outer loop
      vertex 38.5485 16.7847 -9.91821e-05
      vertex 38.7087 16.8193 -9.91821e-05
      vertex 38.7851 16.8502 -9.91821e-05
    endloop
  endfacet
  facet normal 0 0 1
    outer loop
      vertex 38.3155 16.7077 -9.91821e-05
      vertex 38.7087 16.8193 -9.91821e-05
      vertex 38.5485 16.7847 -9.91821e-05
    endloop
  endfacet
  facet normal -0 0 1
    outer loop
      vertex 38.3155 16.7077 -9.91821e-05
      vertex 38.0907 16.6095 -9.91821e-05
      vertex 38.7087 16.8193 -9.91821e-05
    endloop
  endfacet
  facet normal -0 0 1
    outer loop
      vertex 38.0865 16.6194 -9.91821e-05
      vertex 38.0907 16.6095 -9.91821e-05
      vertex 38.3155 16.7077 -9.91821e-05
    endloop
  endfacet
  facet normal 0 0 1
    outer loop
      vertex 37.8622 16.5199 -9.91821e-05
      vertex 38.0907 16.6095 -9.91821e-05
      vertex 38.0865 16.6194 -9.91821e-05
    endloop
  endfacet
  facet normal 0 0 1
    outer loop
      vertex 37.5054 16.3209 -9.91821e-05
      vertex 37.8622 16.5199 -9.91821e-05
      vertex 37.643 16.4096 -9.91821e-05
    endloop
  endfacet
  facet normal -0 0 1
    outer loop
      vertex 37.8622 16.5199 -9.91821e-05
      vertex 37.5054 16.3209 -9.91821e-05
      vertex 38.0907 16.6095 -9.91821e-05
    endloop
  endfacet
  facet normal 0 0 1
    outer loop
      vertex 37.4295 16.2886 -9.91821e-05
      vertex 37.5054 16.3209 -9.91821e-05
      vertex 37.643 16.4096 -9.91821e-05
    endloop
  endfacet
  facet normal 0 0 1
    outer loop
      vertex 37.2221 16.1573 -9.91821e-05
      vertex 37.5054 16.3209 -9.91821e-05
      vertex 37.4295 16.2886 -9.91821e-05
    endloop
  endfacet
  facet normal 0 0 1
    outer loop
      vertex 36.9627 15.9583 -9.91821e-05
      vertex 37.2221 16.1573 -9.91821e-05
      vertex 37.0215 16.016 -9.91821e-05
    endloop
  endfacet
  facet normal -0 0 1
    outer loop
      vertex 37.2221 16.1573 -9.91821e-05
      vertex 36.9627 15.9583 -9.91821e-05
      vertex 37.5054 16.3209 -9.91821e-05
    endloop
  endfacet
  facet normal 0 0 1
    outer loop
      vertex 36.828 15.8651 -9.91821e-05
      vertex 36.9627 15.9583 -9.91821e-05
      vertex 37.0215 16.016 -9.91821e-05
    endloop
  endfacet
  facet normal 0 0 1
    outer loop
      vertex 36.6422 15.7048 -9.91821e-05
      vertex 36.9627 15.9583 -9.91821e-05
      vertex 36.828 15.8651 -9.91821e-05
    endloop
  endfacet
  facet normal -0 0 1
    outer loop
      vertex 36.6422 15.7048 -9.91821e-05
      vertex 36.472 15.528 -9.91821e-05
      vertex 36.9627 15.9583 -9.91821e-05
    endloop
  endfacet
  facet normal -0 0 1
    outer loop
      vertex 36.4644 15.5355 -9.91821e-05
      vertex 36.472 15.528 -9.91821e-05
      vertex 36.6422 15.7048 -9.91821e-05
    endloop
  endfacet
  facet normal 0 0 1
    outer loop
      vertex 36.2952 15.3578 -9.91821e-05
      vertex 36.472 15.528 -9.91821e-05
      vertex 36.4644 15.5355 -9.91821e-05
    endloop
  endfacet
  facet normal 0 0 1
    outer loop
      vertex 36.0417 15.0373 -9.91821e-05
      vertex 36.2952 15.3578 -9.91821e-05
      vertex 36.1349 15.172 -9.91821e-05
    endloop
  endfacet
  facet normal -0 0 1
    outer loop
      vertex 36.2952 15.3578 -9.91821e-05
      vertex 36.0417 15.0373 -9.91821e-05
      vertex 36.472 15.528 -9.91821e-05
    endloop
  endfacet
  facet normal 0 0 1
    outer loop
      vertex 35.9839 14.9785 -9.91821e-05
      vertex 36.0417 15.0373 -9.91821e-05
      vertex 36.1349 15.172 -9.91821e-05
    endloop
  endfacet
  facet normal 0 0 1
    outer loop
      vertex 35.8426 14.7779 -9.91821e-05
      vertex 36.0417 15.0373 -9.91821e-05
      vertex 35.9839 14.9785 -9.91821e-05
    endloop
  endfacet
  facet normal 0 0 1
    outer loop
      vertex 35.6791 14.4946 -9.91821e-05
      vertex 35.8426 14.7779 -9.91821e-05
      vertex 35.7113 14.5705 -9.91821e-05
    endloop
  endfacet
  facet normal -0 0 1
    outer loop
      vertex 35.8426 14.7779 -9.91821e-05
      vertex 35.6791 14.4946 -9.91821e-05
      vertex 36.0417 15.0373 -9.91821e-05
    endloop
  endfacet
  facet normal 0 0 1
    outer loop
      vertex 35.5904 14.357 -9.91821e-05
      vertex 35.6791 14.4946 -9.91821e-05
      vertex 35.7113 14.5705 -9.91821e-05
    endloop
  endfacet
  facet normal 0 0 1
    outer loop
      vertex 35.48 14.1378 -9.91821e-05
      vertex 35.6791 14.4946 -9.91821e-05
      vertex 35.5904 14.357 -9.91821e-05
    endloop
  endfacet
  facet normal -0 0 1
    outer loop
      vertex 35.48 14.1378 -9.91821e-05
      vertex 35.3905 13.9093 -9.91821e-05
      vertex 35.6791 14.4946 -9.91821e-05
    endloop
  endfacet
  facet normal -0 0 1
    outer loop
      vertex 35.3806 13.9134 -9.91821e-05
      vertex 35.3905 13.9093 -9.91821e-05
      vertex 35.48 14.1378 -9.91821e-05
    endloop
  endfacet
  facet normal 0 0 1
    outer loop
      vertex 35.2922 13.6844 -9.91821e-05
      vertex 35.3905 13.9093 -9.91821e-05
      vertex 35.3806 13.9134 -9.91821e-05
    endloop
  endfacet
  facet normal 0 0 1
    outer loop
      vertex 35.1807 13.2913 -9.91821e-05
      vertex 35.2922 13.6844 -9.91821e-05
      vertex 35.2153 13.4514 -9.91821e-05
    endloop
  endfacet
  facet normal -0 0 1
    outer loop
      vertex 35.2922 13.6844 -9.91821e-05
      vertex 35.1807 13.2913 -9.91821e-05
      vertex 35.3905 13.9093 -9.91821e-05
    endloop
  endfacet
  facet normal 0 0 1
    outer loop
      vertex 35.1498 13.2149 -9.91821e-05
      vertex 35.1807 13.2913 -9.91821e-05
      vertex 35.2153 13.4514 -9.91821e-05
    endloop
  endfacet
  facet normal 0 0 1
    outer loop
      vertex 35.096 12.9755 -9.91821e-05
      vertex 35.1807 13.2913 -9.91821e-05
      vertex 35.1498 13.2149 -9.91821e-05
    endloop
  endfacet
  facet normal 0 0 1
    outer loop
      vertex 35.0534 12.6512 -9.91821e-05
      vertex 35.096 12.9755 -9.91821e-05
      vertex 35.0541 12.7337 -9.91821e-05
    endloop
  endfacet
  facet normal -0 0 1
    outer loop
      vertex 35.096 12.9755 -9.91821e-05
      vertex 35.0534 12.6512 -9.91821e-05
      vertex 35.1807 13.2913 -9.91821e-05
    endloop
  endfacet
  facet normal 0 0 1
    outer loop
      vertex 35.024 12.4901 -9.91821e-05
      vertex 35.0534 12.6512 -9.91821e-05
      vertex 35.0541 12.7337 -9.91821e-05
    endloop
  endfacet
  facet normal 0 0 1
    outer loop
      vertex 35.006 12.2453 -9.91821e-05
      vertex 35.0534 12.6512 -9.91821e-05
      vertex 35.024 12.4901 -9.91821e-05
    endloop
  endfacet
  facet normal 0 0 1
    outer loop
      vertex 35.0534 12.6512 -9.91821e-05
      vertex 35.006 12.2453 -9.91821e-05
      vertex 35.0107 12 -9.91821e-05
    endloop
  endfacet
  facet normal 0 0 1
    outer loop
      vertex 44.9466 11.3488 -9.91821e-05
      vertex 44.9939 11.7547 -9.91821e-05
      vertex 44.9893 12 -9.91821e-05
    endloop
  endfacet
  facet normal 0 0 1
    outer loop
      vertex 44.9939 11.7547 -9.91821e-05
      vertex 44.9466 11.3488 -9.91821e-05
      vertex 44.9759 11.5099 -9.91821e-05
    endloop
  endfacet
  facet normal -0 0 1
    outer loop
      vertex 44.9466 11.3488 -9.91821e-05
      vertex 44.9458 11.2663 -9.91821e-05
      vertex 44.9759 11.5099 -9.91821e-05
    endloop
  endfacet
  facet normal 0 0 1
    outer loop
      vertex 44.9466 11.3488 -9.91821e-05
      vertex 44.9039 11.0245 -9.91821e-05
      vertex 44.9458 11.2663 -9.91821e-05
    endloop
  endfacet
  facet normal 0 0 1
    outer loop
      vertex 44.8193 10.7087 -9.91821e-05
      vertex 44.9039 11.0245 -9.91821e-05
      vertex 44.9466 11.3488 -9.91821e-05
    endloop
  endfacet
  facet normal 0 0 1
    outer loop
      vertex 44.9039 11.0245 -9.91821e-05
      vertex 44.8193 10.7087 -9.91821e-05
      vertex 44.8501 10.7851 -9.91821e-05
    endloop
  endfacet
  facet normal -0 0 1
    outer loop
      vertex 44.8193 10.7087 -9.91821e-05
      vertex 44.7847 10.5486 -9.91821e-05
      vertex 44.8501 10.7851 -9.91821e-05
    endloop
  endfacet
  facet normal 0 0 1
    outer loop
      vertex 44.8193 10.7087 -9.91821e-05
      vertex 44.7077 10.3156 -9.91821e-05
      vertex 44.7847 10.5486 -9.91821e-05
    endloop
  endfacet
  facet normal 0 0 1
    outer loop
      vertex 44.6095 10.0907 -9.91821e-05
      vertex 44.7077 10.3156 -9.91821e-05
      vertex 44.8193 10.7087 -9.91821e-05
    endloop
  endfacet
  facet normal 0 0 1
    outer loop
      vertex 44.7077 10.3156 -9.91821e-05
      vertex 44.6095 10.0907 -9.91821e-05
      vertex 44.6194 10.0866 -9.91821e-05
    endloop
  endfacet
  facet normal 0 0 1
    outer loop
      vertex 44.6095 10.0907 -9.91821e-05
      vertex 44.5199 9.86222 -9.91821e-05
      vertex 44.6194 10.0866 -9.91821e-05
    endloop
  endfacet
  facet normal 0 0 1
    outer loop
      vertex 44.3209 9.50535 -9.91821e-05
      vertex 44.5199 9.86222 -9.91821e-05
      vertex 44.6095 10.0907 -9.91821e-05
    endloop
  endfacet
  facet normal 0 0 1
    outer loop
      vertex 44.5199 9.86222 -9.91821e-05
      vertex 44.3209 9.50535 -9.91821e-05
      vertex 44.4096 9.64302 -9.91821e-05
    endloop
  endfacet
  facet normal -0 0 1
    outer loop
      vertex 44.3209 9.50535 -9.91821e-05
      vertex 44.2886 9.42949 -9.91821e-05
      vertex 44.4096 9.64302 -9.91821e-05
    endloop
  endfacet
  facet normal 0 0 1
    outer loop
      vertex 44.3209 9.50535 -9.91821e-05
      vertex 44.1573 9.22215 -9.91821e-05
      vertex 44.2886 9.42949 -9.91821e-05
    endloop
  endfacet
  facet normal 0 0 1
    outer loop
      vertex 43.9583 8.96271 -9.91821e-05
      vertex 44.1573 9.22215 -9.91821e-05
      vertex 44.3209 9.50535 -9.91821e-05
    endloop
  endfacet
  facet normal 0 0 1
    outer loop
      vertex 44.1573 9.22215 -9.91821e-05
      vertex 43.9583 8.96271 -9.91821e-05
      vertex 44.016 9.0215 -9.91821e-05
    endloop
  endfacet
  facet normal -0 0 1
    outer loop
      vertex 43.9583 8.96271 -9.91821e-05
      vertex 43.865 8.82803 -9.91821e-05
      vertex 44.016 9.0215 -9.91821e-05
    endloop
  endfacet
  facet normal 0 0 1
    outer loop
      vertex 43.9583 8.96271 -9.91821e-05
      vertex 43.7047 8.64221 -9.91821e-05
      vertex 43.865 8.82803 -9.91821e-05
    endloop
  endfacet
  facet normal 0 0 1
    outer loop
      vertex 43.528 8.47204 -9.91821e-05
      vertex 43.7047 8.64221 -9.91821e-05
      vertex 43.9583 8.96271 -9.91821e-05
    endloop
  endfacet
  facet normal 0 0 1
    outer loop
      vertex 43.7047 8.64221 -9.91821e-05
      vertex 43.528 8.47204 -9.91821e-05
      vertex 43.5355 8.46447 -9.91821e-05
    endloop
  endfacet
  facet normal 0 0 1
    outer loop
      vertex 43.528 8.47204 -9.91821e-05
      vertex 43.3578 8.29525 -9.91821e-05
      vertex 43.5355 8.46447 -9.91821e-05
    endloop
  endfacet
  facet normal 0 0 1
    outer loop
      vertex 43.0373 8.04173 -9.91821e-05
      vertex 43.3578 8.29525 -9.91821e-05
      vertex 43.528 8.47204 -9.91821e-05
    endloop
  endfacet
  facet normal 0 0 1
    outer loop
      vertex 43.3578 8.29525 -9.91821e-05
      vertex 43.0373 8.04173 -9.91821e-05
      vertex 43.1719 8.13495 -9.91821e-05
    endloop
  endfacet
  facet normal -0 0 1
    outer loop
      vertex 43.0373 8.04173 -9.91821e-05
      vertex 42.9785 7.98396 -9.91821e-05
      vertex 43.1719 8.13495 -9.91821e-05
    endloop
  endfacet
  facet normal 0 0 1
    outer loop
      vertex 43.0373 8.04173 -9.91821e-05
      vertex 42.7778 7.84265 -9.91821e-05
      vertex 42.9785 7.98396 -9.91821e-05
    endloop
  endfacet
  facet normal 0 0 1
    outer loop
      vertex 42.4946 7.67914 -9.91821e-05
      vertex 42.7778 7.84265 -9.91821e-05
      vertex 43.0373 8.04173 -9.91821e-05
    endloop
  endfacet
  facet normal 0 0 1
    outer loop
      vertex 42.7778 7.84265 -9.91821e-05
      vertex 42.4946 7.67914 -9.91821e-05
      vertex 42.5705 7.71136 -9.91821e-05
    endloop
  endfacet
  facet normal -0 0 1
    outer loop
      vertex 42.4946 7.67914 -9.91821e-05
      vertex 42.357 7.59039 -9.91821e-05
      vertex 42.5705 7.71136 -9.91821e-05
    endloop
  endfacet
  facet normal 0 0 1
    outer loop
      vertex 42.4946 7.67914 -9.91821e-05
      vertex 42.1377 7.48005 -9.91821e-05
      vertex 42.357 7.59039 -9.91821e-05
    endloop
  endfacet
  facet normal 0 0 1
    outer loop
      vertex 41.9093 7.39049 -9.91821e-05
      vertex 42.1377 7.48005 -9.91821e-05
      vertex 42.4946 7.67914 -9.91821e-05
    endloop
  endfacet
  facet normal 0 0 1
    outer loop
      vertex 42.1377 7.48005 -9.91821e-05
      vertex 41.9093 7.39049 -9.91821e-05
      vertex 41.9134 7.3806 -9.91821e-05
    endloop
  endfacet
  facet normal 0 0 1
    outer loop
      vertex 41.9093 7.39049 -9.91821e-05
      vertex 41.6844 7.29228 -9.91821e-05
      vertex 41.9134 7.3806 -9.91821e-05
    endloop
  endfacet
  facet normal 0 0 1
    outer loop
      vertex 41.2913 7.18071 -9.91821e-05
      vertex 41.6844 7.29228 -9.91821e-05
      vertex 41.9093 7.39049 -9.91821e-05
    endloop
  endfacet
  facet normal 0 0 1
    outer loop
      vertex 41.6844 7.29228 -9.91821e-05
      vertex 41.2913 7.18071 -9.91821e-05
      vertex 41.4514 7.2153 -9.91821e-05
    endloop
  endfacet
  facet normal -0 0 1
    outer loop
      vertex 41.2913 7.18071 -9.91821e-05
      vertex 41.2149 7.14984 -9.91821e-05
      vertex 41.4514 7.2153 -9.91821e-05
    endloop
  endfacet
  facet normal 0 0 1
    outer loop
      vertex 41.2913 7.18071 -9.91821e-05
      vertex 40.9754 7.09607 -9.91821e-05
      vertex 41.2149 7.14984 -9.91821e-05
    endloop
  endfacet
  facet normal 0 0 1
    outer loop
      vertex 40.6512 7.05339 -9.91821e-05
      vertex 40.9754 7.09607 -9.91821e-05
      vertex 41.2913 7.18071 -9.91821e-05
    endloop
  endfacet
  facet normal 0 0 1
    outer loop
      vertex 40.9754 7.09607 -9.91821e-05
      vertex 40.6512 7.05339 -9.91821e-05
      vertex 40.7336 7.05412 -9.91821e-05
    endloop
  endfacet
  facet normal -0 0 1
    outer loop
      vertex 40.6512 7.05339 -9.91821e-05
      vertex 40.4901 7.02408 -9.91821e-05
      vertex 40.7336 7.05412 -9.91821e-05
    endloop
  endfacet
  facet normal 0 0 1
    outer loop
      vertex 40.6512 7.05339 -9.91821e-05
      vertex 40.2453 7.00602 -9.91821e-05
      vertex 40.4901 7.02408 -9.91821e-05
    endloop
  endfacet
  facet normal -0 0 1
    outer loop
      vertex 40 7.0107 -9.91821e-05
      vertex 40.2453 7.00602 -9.91821e-05
      vertex 40.6512 7.05339 -9.91821e-05
    endloop
  endfacet
  facet normal 0 0 1
    outer loop
      vertex 40 7.0107 -9.91821e-05
      vertex 40 7 -9.91821e-05
      vertex 40.2453 7.00602 -9.91821e-05
    endloop
  endfacet
  facet normal 0 0 1
    outer loop
      vertex 40 7.0107 -9.91821e-05
      vertex 39.7546 7.00602 -9.91821e-05
      vertex 40 7 -9.91821e-05
    endloop
  endfacet
  facet normal 0 0 1
    outer loop
      vertex 39.3488 7.05339 -9.91821e-05
      vertex 39.7546 7.00602 -9.91821e-05
      vertex 40 7.0107 -9.91821e-05
    endloop
  endfacet
  facet normal 0 0 1
    outer loop
      vertex 39.7546 7.00602 -9.91821e-05
      vertex 39.3488 7.05339 -9.91821e-05
      vertex 39.5099 7.02408 -9.91821e-05
    endloop
  endfacet
  facet normal 0 0 1
    outer loop
      vertex 39.3488 7.05339 -9.91821e-05
      vertex 39.2663 7.05412 -9.91821e-05
      vertex 39.5099 7.02408 -9.91821e-05
    endloop
  endfacet
  facet normal 0 0 1
    outer loop
      vertex 39.3488 7.05339 -9.91821e-05
      vertex 39.0245 7.09607 -9.91821e-05
      vertex 39.2663 7.05412 -9.91821e-05
    endloop
  endfacet
  facet normal 0 0 1
    outer loop
      vertex 38.7087 7.18071 -9.91821e-05
      vertex 39.0245 7.09607 -9.91821e-05
      vertex 39.3488 7.05339 -9.91821e-05
    endloop
  endfacet
  facet normal 0 0 1
    outer loop
      vertex 39.0245 7.09607 -9.91821e-05
      vertex 38.7087 7.18071 -9.91821e-05
      vertex 38.7851 7.14984 -9.91821e-05
    endloop
  endfacet
  facet normal 0 0 1
    outer loop
      vertex 38.7087 7.18071 -9.91821e-05
      vertex 38.5485 7.2153 -9.91821e-05
      vertex 38.7851 7.14984 -9.91821e-05
    endloop
  endfacet
  facet normal 0 0 1
    outer loop
      vertex 38.7087 7.18071 -9.91821e-05
      vertex 38.3155 7.29228 -9.91821e-05
      vertex 38.5485 7.2153 -9.91821e-05
    endloop
  endfacet
  facet normal 0 0 1
    outer loop
      vertex 38.0907 7.39049 -9.91821e-05
      vertex 38.3155 7.29228 -9.91821e-05
      vertex 38.7087 7.18071 -9.91821e-05
    endloop
  endfacet
  facet normal 0 0 1
    outer loop
      vertex 38.0907 7.39049 -9.91821e-05
      vertex 38.0865 7.3806 -9.91821e-05
      vertex 38.3155 7.29228 -9.91821e-05
    endloop
  endfacet
  facet normal 0 0 1
    outer loop
      vertex 38.0907 7.39049 -9.91821e-05
      vertex 37.8622 7.48005 -9.91821e-05
      vertex 38.0865 7.3806 -9.91821e-05
    endloop
  endfacet
  facet normal 0 0 1
    outer loop
      vertex 37.5054 7.67914 -9.91821e-05
      vertex 37.8622 7.48005 -9.91821e-05
      vertex 38.0907 7.39049 -9.91821e-05
    endloop
  endfacet
  facet normal 0 0 1
    outer loop
      vertex 37.8622 7.48005 -9.91821e-05
      vertex 37.5054 7.67914 -9.91821e-05
      vertex 37.643 7.59039 -9.91821e-05
    endloop
  endfacet
  facet normal 0 0 1
    outer loop
      vertex 37.5054 7.67914 -9.91821e-05
      vertex 37.4295 7.71136 -9.91821e-05
      vertex 37.643 7.59039 -9.91821e-05
    endloop
  endfacet
  facet normal 0 0 1
    outer loop
      vertex 37.5054 7.67914 -9.91821e-05
      vertex 37.2221 7.84265 -9.91821e-05
      vertex 37.4295 7.71136 -9.91821e-05
    endloop
  endfacet
  facet normal 0 0 1
    outer loop
      vertex 36.9627 8.04173 -9.91821e-05
      vertex 37.2221 7.84265 -9.91821e-05
      vertex 37.5054 7.67914 -9.91821e-05
    endloop
  endfacet
  facet normal 0 0 1
    outer loop
      vertex 37.2221 7.84265 -9.91821e-05
      vertex 36.9627 8.04173 -9.91821e-05
      vertex 37.0215 7.98396 -9.91821e-05
    endloop
  endfacet
  facet normal 0 0 1
    outer loop
      vertex 36.9627 8.04173 -9.91821e-05
      vertex 36.828 8.13495 -9.91821e-05
      vertex 37.0215 7.98396 -9.91821e-05
    endloop
  endfacet
  facet normal 0 0 1
    outer loop
      vertex 36.9627 8.04173 -9.91821e-05
      vertex 36.6422 8.29525 -9.91821e-05
      vertex 36.828 8.13495 -9.91821e-05
    endloop
  endfacet
  facet normal 0 0 1
    outer loop
      vertex 36.472 8.47204 -9.91821e-05
      vertex 36.6422 8.29525 -9.91821e-05
      vertex 36.9627 8.04173 -9.91821e-05
    endloop
  endfacet
  facet normal 0 0 1
    outer loop
      vertex 36.472 8.47204 -9.91821e-05
      vertex 36.4644 8.46447 -9.91821e-05
      vertex 36.6422 8.29525 -9.91821e-05
    endloop
  endfacet
  facet normal 0 0 1
    outer loop
      vertex 36.472 8.47204 -9.91821e-05
      vertex 36.2952 8.64221 -9.91821e-05
      vertex 36.4644 8.46447 -9.91821e-05
    endloop
  endfacet
  facet normal 0 0 1
    outer loop
      vertex 36.0417 8.96271 -9.91821e-05
      vertex 36.2952 8.64221 -9.91821e-05
      vertex 36.472 8.47204 -9.91821e-05
    endloop
  endfacet
  facet normal 0 0 1
    outer loop
      vertex 36.2952 8.64221 -9.91821e-05
      vertex 36.0417 8.96271 -9.91821e-05
      vertex 36.1349 8.82803 -9.91821e-05
    endloop
  endfacet
  facet normal 0 0 1
    outer loop
      vertex 36.0417 8.96271 -9.91821e-05
      vertex 35.9839 9.0215 -9.91821e-05
      vertex 36.1349 8.82803 -9.91821e-05
    endloop
  endfacet
  facet normal 0 0 1
    outer loop
      vertex 36.0417 8.96271 -9.91821e-05
      vertex 35.8426 9.22215 -9.91821e-05
      vertex 35.9839 9.0215 -9.91821e-05
    endloop
  endfacet
  facet normal 0 0 1
    outer loop
      vertex 35.6791 9.50535 -9.91821e-05
      vertex 35.8426 9.22215 -9.91821e-05
      vertex 36.0417 8.96271 -9.91821e-05
    endloop
  endfacet
  facet normal 0 0 1
    outer loop
      vertex 35.8426 9.22215 -9.91821e-05
      vertex 35.6791 9.50535 -9.91821e-05
      vertex 35.7113 9.42949 -9.91821e-05
    endloop
  endfacet
  facet normal 0 0 1
    outer loop
      vertex 35.6791 9.50535 -9.91821e-05
      vertex 35.5904 9.64302 -9.91821e-05
      vertex 35.7113 9.42949 -9.91821e-05
    endloop
  endfacet
  facet normal 0 0 1
    outer loop
      vertex 35.6791 9.50535 -9.91821e-05
      vertex 35.48 9.86222 -9.91821e-05
      vertex 35.5904 9.64302 -9.91821e-05
    endloop
  endfacet
  facet normal 0 0 1
    outer loop
      vertex 35.3905 10.0907 -9.91821e-05
      vertex 35.48 9.86222 -9.91821e-05
      vertex 35.6791 9.50535 -9.91821e-05
    endloop
  endfacet
  facet normal 0 0 1
    outer loop
      vertex 35.3905 10.0907 -9.91821e-05
      vertex 35.3806 10.0866 -9.91821e-05
      vertex 35.48 9.86222 -9.91821e-05
    endloop
  endfacet
  facet normal 0 0 1
    outer loop
      vertex 35.3905 10.0907 -9.91821e-05
      vertex 35.2922 10.3156 -9.91821e-05
      vertex 35.3806 10.0866 -9.91821e-05
    endloop
  endfacet
  facet normal 0 0 1
    outer loop
      vertex 35.1807 10.7087 -9.91821e-05
      vertex 35.2922 10.3156 -9.91821e-05
      vertex 35.3905 10.0907 -9.91821e-05
    endloop
  endfacet
  facet normal 0 0 1
    outer loop
      vertex 35.2922 10.3156 -9.91821e-05
      vertex 35.1807 10.7087 -9.91821e-05
      vertex 35.2153 10.5486 -9.91821e-05
    endloop
  endfacet
  facet normal 0 0 1
    outer loop
      vertex 35.1807 10.7087 -9.91821e-05
      vertex 35.1498 10.7851 -9.91821e-05
      vertex 35.2153 10.5486 -9.91821e-05
    endloop
  endfacet
  facet normal 0 0 1
    outer loop
      vertex 35.1807 10.7087 -9.91821e-05
      vertex 35.096 11.0245 -9.91821e-05
      vertex 35.1498 10.7851 -9.91821e-05
    endloop
  endfacet
  facet normal 0 0 1
    outer loop
      vertex 35.0534 11.3488 -9.91821e-05
      vertex 35.096 11.0245 -9.91821e-05
      vertex 35.1807 10.7087 -9.91821e-05
    endloop
  endfacet
  facet normal 0 0 1
    outer loop
      vertex 35.096 11.0245 -9.91821e-05
      vertex 35.0534 11.3488 -9.91821e-05
      vertex 35.0541 11.2663 -9.91821e-05
    endloop
  endfacet
  facet normal 0 0 1
    outer loop
      vertex 35.0534 11.3488 -9.91821e-05
      vertex 35.024 11.5099 -9.91821e-05
      vertex 35.0541 11.2663 -9.91821e-05
    endloop
  endfacet
  facet normal -0 0 1
    outer loop
      vertex 35.006 11.7547 -9.91821e-05
      vertex 35.0534 11.3488 -9.91821e-05
      vertex 35.0107 12 -9.91821e-05
    endloop
  endfacet
  facet normal 0 0 1
    outer loop
      vertex 35.0534 11.3488 -9.91821e-05
      vertex 35.006 11.7547 -9.91821e-05
      vertex 35.024 11.5099 -9.91821e-05
    endloop
  endfacet
  facet normal 0 0 1
    outer loop
      vertex 35 12 -9.91821e-05
      vertex 35.0107 12 -9.91821e-05
      vertex 35.006 12.2453 -9.91821e-05
    endloop
  endfacet
  facet normal 0 0 1
    outer loop
      vertex 35.0107 12 -9.91821e-05
      vertex 35 12 -9.91821e-05
      vertex 35.006 11.7547 -9.91821e-05
    endloop
  endfacet
  facet normal 0 0 -1
    outer loop
      vertex 36.4644 8.46447 -1.5001
      vertex 36.5547 8.39957 -1.5001
      vertex 36.6 8.33541 -1.5001
    endloop
  endfacet
  facet normal 0 0 -1
    outer loop
      vertex 36.5547 8.39957 -1.5001
      vertex 36.4644 8.46447 -1.5001
      vertex 36.472 8.47204 -1.5001
    endloop
  endfacet
  facet normal 0 0 -1
    outer loop
      vertex 36.2952 8.64221 -1.5001
      vertex 36.472 8.47204 -1.5001
      vertex 36.4644 8.46447 -1.5001
    endloop
  endfacet
  facet normal 0 0 -1
    outer loop
      vertex 36.0417 8.96271 -1.5001
      vertex 36.2952 8.64221 -1.5001
      vertex 36.1349 8.82803 -1.5001
    endloop
  endfacet
  facet normal 0 0 -1
    outer loop
      vertex 36.2952 8.64221 -1.5001
      vertex 36.0417 8.96271 -1.5001
      vertex 36.472 8.47204 -1.5001
    endloop
  endfacet
  facet normal 0 0 -1
    outer loop
      vertex 35.9839 9.0215 -1.5001
      vertex 36.0417 8.96271 -1.5001
      vertex 36.1349 8.82803 -1.5001
    endloop
  endfacet
  facet normal 0 0 -1
    outer loop
      vertex 35.8426 9.22215 -1.5001
      vertex 36.0417 8.96271 -1.5001
      vertex 35.9839 9.0215 -1.5001
    endloop
  endfacet
  facet normal 0 0 -1
    outer loop
      vertex 35.6791 9.50535 -1.5001
      vertex 35.8426 9.22215 -1.5001
      vertex 35.7113 9.42949 -1.5001
    endloop
  endfacet
  facet normal 0 0 -1
    outer loop
      vertex 35.8426 9.22215 -1.5001
      vertex 35.6791 9.50535 -1.5001
      vertex 36.0417 8.96271 -1.5001
    endloop
  endfacet
  facet normal 0 0 -1
    outer loop
      vertex 35.5904 9.64302 -1.5001
      vertex 35.6791 9.50535 -1.5001
      vertex 35.7113 9.42949 -1.5001
    endloop
  endfacet
  facet normal 0 0 -1
    outer loop
      vertex 35.48 9.86222 -1.5001
      vertex 35.6791 9.50535 -1.5001
      vertex 35.5904 9.64302 -1.5001
    endloop
  endfacet
  facet normal 0 0 -1
    outer loop
      vertex 35.48 9.86222 -1.5001
      vertex 35.3905 10.0907 -1.5001
      vertex 35.6791 9.50535 -1.5001
    endloop
  endfacet
  facet normal 0 0 -1
    outer loop
      vertex 35.3806 10.0866 -1.5001
      vertex 35.3905 10.0907 -1.5001
      vertex 35.48 9.86222 -1.5001
    endloop
  endfacet
  facet normal 0 0 -1
    outer loop
      vertex 35.2922 10.3156 -1.5001
      vertex 35.3905 10.0907 -1.5001
      vertex 35.3806 10.0866 -1.5001
    endloop
  endfacet
  facet normal 0 0 -1
    outer loop
      vertex 35.1807 10.7087 -1.5001
      vertex 35.2922 10.3156 -1.5001
      vertex 35.2153 10.5486 -1.5001
    endloop
  endfacet
  facet normal 0 0 -1
    outer loop
      vertex 35.2922 10.3156 -1.5001
      vertex 35.1807 10.7087 -1.5001
      vertex 35.3905 10.0907 -1.5001
    endloop
  endfacet
  facet normal 0 0 -1
    outer loop
      vertex 35.1498 10.7851 -1.5001
      vertex 35.1807 10.7087 -1.5001
      vertex 35.2153 10.5486 -1.5001
    endloop
  endfacet
  facet normal 0 0 -1
    outer loop
      vertex 35.096 11.0245 -1.5001
      vertex 35.1807 10.7087 -1.5001
      vertex 35.1498 10.7851 -1.5001
    endloop
  endfacet
  facet normal 0 0 -1
    outer loop
      vertex 35.0534 11.3488 -1.5001
      vertex 35.096 11.0245 -1.5001
      vertex 35.0541 11.2663 -1.5001
    endloop
  endfacet
  facet normal 0 0 -1
    outer loop
      vertex 35.096 11.0245 -1.5001
      vertex 35.0534 11.3488 -1.5001
      vertex 35.1807 10.7087 -1.5001
    endloop
  endfacet
  facet normal 0 0 -1
    outer loop
      vertex 35.024 11.5099 -1.5001
      vertex 35.0534 11.3488 -1.5001
      vertex 35.0541 11.2663 -1.5001
    endloop
  endfacet
  facet normal 0 0 -1
    outer loop
      vertex 35.006 11.7547 -1.5001
      vertex 35.0534 11.3488 -1.5001
      vertex 35.024 11.5099 -1.5001
    endloop
  endfacet
  facet normal 0 0 -1
    outer loop
      vertex 35.0534 11.3488 -1.5001
      vertex 35.006 11.7547 -1.5001
      vertex 35.0107 12 -1.5001
    endloop
  endfacet
  facet normal 0 0 -1
    outer loop
      vertex 44.9893 12 -1.5001
      vertex 45 12 -1.5001
      vertex 44.9939 11.7547 -1.5001
    endloop
  endfacet
  facet normal 0 0 -1
    outer loop
      vertex 45 12 -1.5001
      vertex 44.9893 12 -1.5001
      vertex 44.9939 12.2453 -1.5001
    endloop
  endfacet
  facet normal 0 0 -1
    outer loop
      vertex 44.9466 11.3488 -1.5001
      vertex 44.9939 11.7547 -1.5001
      vertex 44.9759 11.5099 -1.5001
    endloop
  endfacet
  facet normal -0 0 -1
    outer loop
      vertex 44.9939 11.7547 -1.5001
      vertex 44.9466 11.3488 -1.5001
      vertex 44.9893 12 -1.5001
    endloop
  endfacet
  facet normal 0 0 -1
    outer loop
      vertex 44.9458 11.2663 -1.5001
      vertex 44.9466 11.3488 -1.5001
      vertex 44.9759 11.5099 -1.5001
    endloop
  endfacet
  facet normal 0 0 -1
    outer loop
      vertex 44.9039 11.0245 -1.5001
      vertex 44.9466 11.3488 -1.5001
      vertex 44.9458 11.2663 -1.5001
    endloop
  endfacet
  facet normal 0 0 -1
    outer loop
      vertex 44.8193 10.7087 -1.5001
      vertex 44.9039 11.0245 -1.5001
      vertex 44.8501 10.7851 -1.5001
    endloop
  endfacet
  facet normal -0 0 -1
    outer loop
      vertex 44.9039 11.0245 -1.5001
      vertex 44.8193 10.7087 -1.5001
      vertex 44.9466 11.3488 -1.5001
    endloop
  endfacet
  facet normal 0 0 -1
    outer loop
      vertex 44.7847 10.5486 -1.5001
      vertex 44.8193 10.7087 -1.5001
      vertex 44.8501 10.7851 -1.5001
    endloop
  endfacet
  facet normal 0 0 -1
    outer loop
      vertex 44.7077 10.3156 -1.5001
      vertex 44.8193 10.7087 -1.5001
      vertex 44.7847 10.5486 -1.5001
    endloop
  endfacet
  facet normal 0 0 -1
    outer loop
      vertex 44.6095 10.0907 -1.5001
      vertex 44.7077 10.3156 -1.5001
      vertex 44.6194 10.0866 -1.5001
    endloop
  endfacet
  facet normal -0 0 -1
    outer loop
      vertex 44.7077 10.3156 -1.5001
      vertex 44.6095 10.0907 -1.5001
      vertex 44.8193 10.7087 -1.5001
    endloop
  endfacet
  facet normal 0 0 -1
    outer loop
      vertex 44.5199 9.86222 -1.5001
      vertex 44.6095 10.0907 -1.5001
      vertex 44.6194 10.0866 -1.5001
    endloop
  endfacet
  facet normal 0 0 -1
    outer loop
      vertex 44.3209 9.50535 -1.5001
      vertex 44.5199 9.86222 -1.5001
      vertex 44.4096 9.64302 -1.5001
    endloop
  endfacet
  facet normal -0 0 -1
    outer loop
      vertex 44.5199 9.86222 -1.5001
      vertex 44.3209 9.50535 -1.5001
      vertex 44.6095 10.0907 -1.5001
    endloop
  endfacet
  facet normal 0 0 -1
    outer loop
      vertex 44.2886 9.42949 -1.5001
      vertex 44.3209 9.50535 -1.5001
      vertex 44.4096 9.64302 -1.5001
    endloop
  endfacet
  facet normal 0 0 -1
    outer loop
      vertex 44.1573 9.22215 -1.5001
      vertex 44.3209 9.50535 -1.5001
      vertex 44.2886 9.42949 -1.5001
    endloop
  endfacet
  facet normal 0 0 -1
    outer loop
      vertex 43.9583 8.96271 -1.5001
      vertex 44.1573 9.22215 -1.5001
      vertex 44.016 9.0215 -1.5001
    endloop
  endfacet
  facet normal -0 0 -1
    outer loop
      vertex 44.1573 9.22215 -1.5001
      vertex 43.9583 8.96271 -1.5001
      vertex 44.3209 9.50535 -1.5001
    endloop
  endfacet
  facet normal 0 0 -1
    outer loop
      vertex 43.865 8.82803 -1.5001
      vertex 43.9583 8.96271 -1.5001
      vertex 44.016 9.0215 -1.5001
    endloop
  endfacet
  facet normal 0 0 -1
    outer loop
      vertex 43.7047 8.64221 -1.5001
      vertex 43.9583 8.96271 -1.5001
      vertex 43.865 8.82803 -1.5001
    endloop
  endfacet
  facet normal 0 0 -1
    outer loop
      vertex 43.528 8.47204 -1.5001
      vertex 43.7047 8.64221 -1.5001
      vertex 43.5355 8.46447 -1.5001
    endloop
  endfacet
  facet normal -0 0 -1
    outer loop
      vertex 43.7047 8.64221 -1.5001
      vertex 43.528 8.47204 -1.5001
      vertex 43.9583 8.96271 -1.5001
    endloop
  endfacet
  facet normal -0 0 -1
    outer loop
      vertex 43.5355 8.46447 -1.5001
      vertex 43.4453 8.39957 -1.5001
      vertex 43.528 8.47204 -1.5001
    endloop
  endfacet
  facet normal 0 -0 -1
    outer loop
      vertex 43.4453 8.39957 -1.5001
      vertex 43.5355 8.46447 -1.5001
      vertex 43.3999 8.33541 -1.5001
    endloop
  endfacet
  facet normal 0 0 -1
    outer loop
      vertex 44.9466 12.6512 -1.5001
      vertex 44.9939 12.2453 -1.5001
      vertex 44.9893 12 -1.5001
    endloop
  endfacet
  facet normal 0 0 -1
    outer loop
      vertex 44.9939 12.2453 -1.5001
      vertex 44.9466 12.6512 -1.5001
      vertex 44.9759 12.4901 -1.5001
    endloop
  endfacet
  facet normal 0 0 -1
    outer loop
      vertex 44.9466 12.6512 -1.5001
      vertex 44.9458 12.7337 -1.5001
      vertex 44.9759 12.4901 -1.5001
    endloop
  endfacet
  facet normal 0 0 -1
    outer loop
      vertex 44.9466 12.6512 -1.5001
      vertex 44.9039 12.9755 -1.5001
      vertex 44.9458 12.7337 -1.5001
    endloop
  endfacet
  facet normal 0 0 -1
    outer loop
      vertex 44.8193 13.2913 -1.5001
      vertex 44.9039 12.9755 -1.5001
      vertex 44.9466 12.6512 -1.5001
    endloop
  endfacet
  facet normal 0 0 -1
    outer loop
      vertex 44.9039 12.9755 -1.5001
      vertex 44.8193 13.2913 -1.5001
      vertex 44.8501 13.2149 -1.5001
    endloop
  endfacet
  facet normal 0 0 -1
    outer loop
      vertex 44.8193 13.2913 -1.5001
      vertex 44.7847 13.4514 -1.5001
      vertex 44.8501 13.2149 -1.5001
    endloop
  endfacet
  facet normal 0 0 -1
    outer loop
      vertex 44.8193 13.2913 -1.5001
      vertex 44.7077 13.6844 -1.5001
      vertex 44.7847 13.4514 -1.5001
    endloop
  endfacet
  facet normal 0 0 -1
    outer loop
      vertex 44.6095 13.9093 -1.5001
      vertex 44.7077 13.6844 -1.5001
      vertex 44.8193 13.2913 -1.5001
    endloop
  endfacet
  facet normal 0 0 -1
    outer loop
      vertex 44.7077 13.6844 -1.5001
      vertex 44.6095 13.9093 -1.5001
      vertex 44.6194 13.9134 -1.5001
    endloop
  endfacet
  facet normal 0 0 -1
    outer loop
      vertex 44.6095 13.9093 -1.5001
      vertex 44.5199 14.1378 -1.5001
      vertex 44.6194 13.9134 -1.5001
    endloop
  endfacet
  facet normal 0 0 -1
    outer loop
      vertex 44.3209 14.4946 -1.5001
      vertex 44.5199 14.1378 -1.5001
      vertex 44.6095 13.9093 -1.5001
    endloop
  endfacet
  facet normal 0 0 -1
    outer loop
      vertex 44.5199 14.1378 -1.5001
      vertex 44.3209 14.4946 -1.5001
      vertex 44.4096 14.357 -1.5001
    endloop
  endfacet
  facet normal 0 0 -1
    outer loop
      vertex 44.3209 14.4946 -1.5001
      vertex 44.2886 14.5705 -1.5001
      vertex 44.4096 14.357 -1.5001
    endloop
  endfacet
  facet normal 0 0 -1
    outer loop
      vertex 44.3209 14.4946 -1.5001
      vertex 44.1573 14.7779 -1.5001
      vertex 44.2886 14.5705 -1.5001
    endloop
  endfacet
  facet normal 0 0 -1
    outer loop
      vertex 43.9583 15.0373 -1.5001
      vertex 44.1573 14.7779 -1.5001
      vertex 44.3209 14.4946 -1.5001
    endloop
  endfacet
  facet normal 0 0 -1
    outer loop
      vertex 44.1573 14.7779 -1.5001
      vertex 43.9583 15.0373 -1.5001
      vertex 44.016 14.9785 -1.5001
    endloop
  endfacet
  facet normal 0 0 -1
    outer loop
      vertex 43.9583 15.0373 -1.5001
      vertex 43.865 15.172 -1.5001
      vertex 44.016 14.9785 -1.5001
    endloop
  endfacet
  facet normal 0 0 -1
    outer loop
      vertex 43.9583 15.0373 -1.5001
      vertex 43.7047 15.3578 -1.5001
      vertex 43.865 15.172 -1.5001
    endloop
  endfacet
  facet normal 0 0 -1
    outer loop
      vertex 43.528 15.528 -1.5001
      vertex 43.7047 15.3578 -1.5001
      vertex 43.9583 15.0373 -1.5001
    endloop
  endfacet
  facet normal 0 0 -1
    outer loop
      vertex 43.7047 15.3578 -1.5001
      vertex 43.528 15.528 -1.5001
      vertex 43.5355 15.5355 -1.5001
    endloop
  endfacet
  facet normal 0 0 -1
    outer loop
      vertex 43.528 15.528 -1.5001
      vertex 43.3578 15.7048 -1.5001
      vertex 43.5355 15.5355 -1.5001
    endloop
  endfacet
  facet normal 0 0 -1
    outer loop
      vertex 43.0373 15.9583 -1.5001
      vertex 43.3578 15.7048 -1.5001
      vertex 43.528 15.528 -1.5001
    endloop
  endfacet
  facet normal 0 0 -1
    outer loop
      vertex 43.3578 15.7048 -1.5001
      vertex 43.0373 15.9583 -1.5001
      vertex 43.1719 15.8651 -1.5001
    endloop
  endfacet
  facet normal 0 0 -1
    outer loop
      vertex 43.0373 15.9583 -1.5001
      vertex 42.9785 16.016 -1.5001
      vertex 43.1719 15.8651 -1.5001
    endloop
  endfacet
  facet normal 0 0 -1
    outer loop
      vertex 43.0373 15.9583 -1.5001
      vertex 42.7778 16.1573 -1.5001
      vertex 42.9785 16.016 -1.5001
    endloop
  endfacet
  facet normal 0 0 -1
    outer loop
      vertex 42.4946 16.3209 -1.5001
      vertex 42.7778 16.1573 -1.5001
      vertex 43.0373 15.9583 -1.5001
    endloop
  endfacet
  facet normal 0 0 -1
    outer loop
      vertex 42.7778 16.1573 -1.5001
      vertex 42.4946 16.3209 -1.5001
      vertex 42.5705 16.2886 -1.5001
    endloop
  endfacet
  facet normal 0 0 -1
    outer loop
      vertex 42.4946 16.3209 -1.5001
      vertex 42.357 16.4096 -1.5001
      vertex 42.5705 16.2886 -1.5001
    endloop
  endfacet
  facet normal 0 0 -1
    outer loop
      vertex 42.4946 16.3209 -1.5001
      vertex 42.1377 16.5199 -1.5001
      vertex 42.357 16.4096 -1.5001
    endloop
  endfacet
  facet normal 0 0 -1
    outer loop
      vertex 41.9093 16.6095 -1.5001
      vertex 42.1377 16.5199 -1.5001
      vertex 42.4946 16.3209 -1.5001
    endloop
  endfacet
  facet normal 0 0 -1
    outer loop
      vertex 42.1377 16.5199 -1.5001
      vertex 41.9093 16.6095 -1.5001
      vertex 41.9134 16.6194 -1.5001
    endloop
  endfacet
  facet normal 0 0 -1
    outer loop
      vertex 41.9093 16.6095 -1.5001
      vertex 41.6844 16.7077 -1.5001
      vertex 41.9134 16.6194 -1.5001
    endloop
  endfacet
  facet normal 0 0 -1
    outer loop
      vertex 41.2913 16.8193 -1.5001
      vertex 41.6844 16.7077 -1.5001
      vertex 41.9093 16.6095 -1.5001
    endloop
  endfacet
  facet normal 0 0 -1
    outer loop
      vertex 41.6844 16.7077 -1.5001
      vertex 41.2913 16.8193 -1.5001
      vertex 41.4514 16.7847 -1.5001
    endloop
  endfacet
  facet normal 0 0 -1
    outer loop
      vertex 41.2913 16.8193 -1.5001
      vertex 41.2149 16.8502 -1.5001
      vertex 41.4514 16.7847 -1.5001
    endloop
  endfacet
  facet normal 0 0 -1
    outer loop
      vertex 41.2913 16.8193 -1.5001
      vertex 40.9754 16.9039 -1.5001
      vertex 41.2149 16.8502 -1.5001
    endloop
  endfacet
  facet normal 0 0 -1
    outer loop
      vertex 40.6512 16.9466 -1.5001
      vertex 40.9754 16.9039 -1.5001
      vertex 41.2913 16.8193 -1.5001
    endloop
  endfacet
  facet normal 0 0 -1
    outer loop
      vertex 40.9754 16.9039 -1.5001
      vertex 40.6512 16.9466 -1.5001
      vertex 40.7336 16.9459 -1.5001
    endloop
  endfacet
  facet normal 0 0 -1
    outer loop
      vertex 40.6512 16.9466 -1.5001
      vertex 40.4901 16.9759 -1.5001
      vertex 40.7336 16.9459 -1.5001
    endloop
  endfacet
  facet normal 0 0 -1
    outer loop
      vertex 40.6512 16.9466 -1.5001
      vertex 40.2453 16.994 -1.5001
      vertex 40.4901 16.9759 -1.5001
    endloop
  endfacet
  facet normal 0 0 -1
    outer loop
      vertex 40 16.9893 -1.5001
      vertex 40.2453 16.994 -1.5001
      vertex 40.6512 16.9466 -1.5001
    endloop
  endfacet
  facet normal 0 0 -1
    outer loop
      vertex 40 16.9893 -1.5001
      vertex 40 17 -1.5001
      vertex 40.2453 16.994 -1.5001
    endloop
  endfacet
  facet normal 0 0 -1
    outer loop
      vertex 40 16.9893 -1.5001
      vertex 39.7546 16.994 -1.5001
      vertex 40 17 -1.5001
    endloop
  endfacet
  facet normal 0 0 -1
    outer loop
      vertex 39.3488 16.9466 -1.5001
      vertex 39.7546 16.994 -1.5001
      vertex 40 16.9893 -1.5001
    endloop
  endfacet
  facet normal 0 0 -1
    outer loop
      vertex 39.7546 16.994 -1.5001
      vertex 39.3488 16.9466 -1.5001
      vertex 39.5099 16.9759 -1.5001
    endloop
  endfacet
  facet normal -0 0 -1
    outer loop
      vertex 39.3488 16.9466 -1.5001
      vertex 39.2663 16.9459 -1.5001
      vertex 39.5099 16.9759 -1.5001
    endloop
  endfacet
  facet normal 0 0 -1
    outer loop
      vertex 39.3488 16.9466 -1.5001
      vertex 39.0245 16.9039 -1.5001
      vertex 39.2663 16.9459 -1.5001
    endloop
  endfacet
  facet normal 0 0 -1
    outer loop
      vertex 38.7087 16.8193 -1.5001
      vertex 39.0245 16.9039 -1.5001
      vertex 39.3488 16.9466 -1.5001
    endloop
  endfacet
  facet normal 0 0 -1
    outer loop
      vertex 39.0245 16.9039 -1.5001
      vertex 38.7087 16.8193 -1.5001
      vertex 38.7851 16.8502 -1.5001
    endloop
  endfacet
  facet normal -0 0 -1
    outer loop
      vertex 38.7087 16.8193 -1.5001
      vertex 38.5485 16.7847 -1.5001
      vertex 38.7851 16.8502 -1.5001
    endloop
  endfacet
  facet normal 0 0 -1
    outer loop
      vertex 38.7087 16.8193 -1.5001
      vertex 38.3155 16.7077 -1.5001
      vertex 38.5485 16.7847 -1.5001
    endloop
  endfacet
  facet normal 0 0 -1
    outer loop
      vertex 38.0907 16.6095 -1.5001
      vertex 38.3155 16.7077 -1.5001
      vertex 38.7087 16.8193 -1.5001
    endloop
  endfacet
  facet normal 0 0 -1
    outer loop
      vertex 38.0907 16.6095 -1.5001
      vertex 38.0865 16.6194 -1.5001
      vertex 38.3155 16.7077 -1.5001
    endloop
  endfacet
  facet normal -0 0 -1
    outer loop
      vertex 38.0907 16.6095 -1.5001
      vertex 37.8622 16.5199 -1.5001
      vertex 38.0865 16.6194 -1.5001
    endloop
  endfacet
  facet normal 0 0 -1
    outer loop
      vertex 37.5054 16.3209 -1.5001
      vertex 37.8622 16.5199 -1.5001
      vertex 38.0907 16.6095 -1.5001
    endloop
  endfacet
  facet normal 0 0 -1
    outer loop
      vertex 37.8622 16.5199 -1.5001
      vertex 37.5054 16.3209 -1.5001
      vertex 37.643 16.4096 -1.5001
    endloop
  endfacet
  facet normal -0 0 -1
    outer loop
      vertex 37.5054 16.3209 -1.5001
      vertex 37.4295 16.2886 -1.5001
      vertex 37.643 16.4096 -1.5001
    endloop
  endfacet
  facet normal 0 0 -1
    outer loop
      vertex 37.5054 16.3209 -1.5001
      vertex 37.2221 16.1573 -1.5001
      vertex 37.4295 16.2886 -1.5001
    endloop
  endfacet
  facet normal 0 0 -1
    outer loop
      vertex 36.9627 15.9583 -1.5001
      vertex 37.2221 16.1573 -1.5001
      vertex 37.5054 16.3209 -1.5001
    endloop
  endfacet
  facet normal 0 0 -1
    outer loop
      vertex 37.2221 16.1573 -1.5001
      vertex 36.9627 15.9583 -1.5001
      vertex 37.0215 16.016 -1.5001
    endloop
  endfacet
  facet normal -0 0 -1
    outer loop
      vertex 36.9627 15.9583 -1.5001
      vertex 36.828 15.8651 -1.5001
      vertex 37.0215 16.016 -1.5001
    endloop
  endfacet
  facet normal 0 0 -1
    outer loop
      vertex 36.9627 15.9583 -1.5001
      vertex 36.6422 15.7048 -1.5001
      vertex 36.828 15.8651 -1.5001
    endloop
  endfacet
  facet normal 0 0 -1
    outer loop
      vertex 36.472 15.528 -1.5001
      vertex 36.6422 15.7048 -1.5001
      vertex 36.9627 15.9583 -1.5001
    endloop
  endfacet
  facet normal 0 0 -1
    outer loop
      vertex 36.472 15.528 -1.5001
      vertex 36.4644 15.5355 -1.5001
      vertex 36.6422 15.7048 -1.5001
    endloop
  endfacet
  facet normal -0 0 -1
    outer loop
      vertex 36.472 15.528 -1.5001
      vertex 36.2952 15.3578 -1.5001
      vertex 36.4644 15.5355 -1.5001
    endloop
  endfacet
  facet normal 0 0 -1
    outer loop
      vertex 36.0417 15.0373 -1.5001
      vertex 36.2952 15.3578 -1.5001
      vertex 36.472 15.528 -1.5001
    endloop
  endfacet
  facet normal 0 0 -1
    outer loop
      vertex 36.2952 15.3578 -1.5001
      vertex 36.0417 15.0373 -1.5001
      vertex 36.1349 15.172 -1.5001
    endloop
  endfacet
  facet normal -0 0 -1
    outer loop
      vertex 36.0417 15.0373 -1.5001
      vertex 35.9839 14.9785 -1.5001
      vertex 36.1349 15.172 -1.5001
    endloop
  endfacet
  facet normal 0 0 -1
    outer loop
      vertex 36.0417 15.0373 -1.5001
      vertex 35.8426 14.7779 -1.5001
      vertex 35.9839 14.9785 -1.5001
    endloop
  endfacet
  facet normal 0 0 -1
    outer loop
      vertex 35.6791 14.4946 -1.5001
      vertex 35.8426 14.7779 -1.5001
      vertex 36.0417 15.0373 -1.5001
    endloop
  endfacet
  facet normal 0 0 -1
    outer loop
      vertex 35.8426 14.7779 -1.5001
      vertex 35.6791 14.4946 -1.5001
      vertex 35.7113 14.5705 -1.5001
    endloop
  endfacet
  facet normal -0 0 -1
    outer loop
      vertex 35.6791 14.4946 -1.5001
      vertex 35.5904 14.357 -1.5001
      vertex 35.7113 14.5705 -1.5001
    endloop
  endfacet
  facet normal 0 0 -1
    outer loop
      vertex 35.6791 14.4946 -1.5001
      vertex 35.48 14.1378 -1.5001
      vertex 35.5904 14.357 -1.5001
    endloop
  endfacet
  facet normal 0 0 -1
    outer loop
      vertex 35.3905 13.9093 -1.5001
      vertex 35.48 14.1378 -1.5001
      vertex 35.6791 14.4946 -1.5001
    endloop
  endfacet
  facet normal 0 0 -1
    outer loop
      vertex 35.3905 13.9093 -1.5001
      vertex 35.3806 13.9134 -1.5001
      vertex 35.48 14.1378 -1.5001
    endloop
  endfacet
  facet normal -0 0 -1
    outer loop
      vertex 35.3905 13.9093 -1.5001
      vertex 35.2922 13.6844 -1.5001
      vertex 35.3806 13.9134 -1.5001
    endloop
  endfacet
  facet normal 0 0 -1
    outer loop
      vertex 35.1807 13.2913 -1.5001
      vertex 35.2922 13.6844 -1.5001
      vertex 35.3905 13.9093 -1.5001
    endloop
  endfacet
  facet normal 0 0 -1
    outer loop
      vertex 35.2922 13.6844 -1.5001
      vertex 35.1807 13.2913 -1.5001
      vertex 35.2153 13.4514 -1.5001
    endloop
  endfacet
  facet normal -0 0 -1
    outer loop
      vertex 35.1807 13.2913 -1.5001
      vertex 35.1498 13.2149 -1.5001
      vertex 35.2153 13.4514 -1.5001
    endloop
  endfacet
  facet normal 0 0 -1
    outer loop
      vertex 35.1807 13.2913 -1.5001
      vertex 35.096 12.9755 -1.5001
      vertex 35.1498 13.2149 -1.5001
    endloop
  endfacet
  facet normal 0 0 -1
    outer loop
      vertex 35.0534 12.6512 -1.5001
      vertex 35.096 12.9755 -1.5001
      vertex 35.1807 13.2913 -1.5001
    endloop
  endfacet
  facet normal 0 0 -1
    outer loop
      vertex 35.096 12.9755 -1.5001
      vertex 35.0534 12.6512 -1.5001
      vertex 35.0541 12.7337 -1.5001
    endloop
  endfacet
  facet normal -0 0 -1
    outer loop
      vertex 35.0534 12.6512 -1.5001
      vertex 35.024 12.4901 -1.5001
      vertex 35.0541 12.7337 -1.5001
    endloop
  endfacet
  facet normal 0 0 -1
    outer loop
      vertex 35.006 12.2453 -1.5001
      vertex 35.0534 12.6512 -1.5001
      vertex 35.0107 12 -1.5001
    endloop
  endfacet
  facet normal 0 0 -1
    outer loop
      vertex 35.0534 12.6512 -1.5001
      vertex 35.006 12.2453 -1.5001
      vertex 35.024 12.4901 -1.5001
    endloop
  endfacet
  facet normal 0 0 -1
    outer loop
      vertex 35 12 -1.5001
      vertex 35.0107 12 -1.5001
      vertex 35.006 11.7547 -1.5001
    endloop
  endfacet
  facet normal 0 0 -1
    outer loop
      vertex 35.0107 12 -1.5001
      vertex 35 12 -1.5001
      vertex 35.006 12.2453 -1.5001
    endloop
  endfacet
  facet normal 0 0 -1
    outer loop
      vertex 44.9893 -12 -1.5001
      vertex 45 -12 -1.5001
      vertex 44.9939 -12.2453 -1.5001
    endloop
  endfacet
  facet normal 0 0 -1
    outer loop
      vertex 45 -12 -1.5001
      vertex 44.9893 -12 -1.5001
      vertex 44.9939 -11.7547 -1.5001
    endloop
  endfacet
  facet normal 0 0 -1
    outer loop
      vertex 44.9466 -12.6512 -1.5001
      vertex 44.9939 -12.2453 -1.5001
      vertex 44.9759 -12.4901 -1.5001
    endloop
  endfacet
  facet normal -0 0 -1
    outer loop
      vertex 44.9939 -12.2453 -1.5001
      vertex 44.9466 -12.6512 -1.5001
      vertex 44.9893 -12 -1.5001
    endloop
  endfacet
  facet normal 0 0 -1
    outer loop
      vertex 44.9458 -12.7337 -1.5001
      vertex 44.9466 -12.6512 -1.5001
      vertex 44.9759 -12.4901 -1.5001
    endloop
  endfacet
  facet normal 0 0 -1
    outer loop
      vertex 44.9039 -12.9755 -1.5001
      vertex 44.9466 -12.6512 -1.5001
      vertex 44.9458 -12.7337 -1.5001
    endloop
  endfacet
  facet normal 0 0 -1
    outer loop
      vertex 44.8193 -13.2913 -1.5001
      vertex 44.9039 -12.9755 -1.5001
      vertex 44.8501 -13.2149 -1.5001
    endloop
  endfacet
  facet normal -0 0 -1
    outer loop
      vertex 44.9039 -12.9755 -1.5001
      vertex 44.8193 -13.2913 -1.5001
      vertex 44.9466 -12.6512 -1.5001
    endloop
  endfacet
  facet normal 0 0 -1
    outer loop
      vertex 44.7847 -13.4514 -1.5001
      vertex 44.8193 -13.2913 -1.5001
      vertex 44.8501 -13.2149 -1.5001
    endloop
  endfacet
  facet normal 0 0 -1
    outer loop
      vertex 44.7077 -13.6844 -1.5001
      vertex 44.8193 -13.2913 -1.5001
      vertex 44.7847 -13.4514 -1.5001
    endloop
  endfacet
  facet normal 0 0 -1
    outer loop
      vertex 44.6095 -13.9093 -1.5001
      vertex 44.7077 -13.6844 -1.5001
      vertex 44.6194 -13.9134 -1.5001
    endloop
  endfacet
  facet normal -0 0 -1
    outer loop
      vertex 44.7077 -13.6844 -1.5001
      vertex 44.6095 -13.9093 -1.5001
      vertex 44.8193 -13.2913 -1.5001
    endloop
  endfacet
  facet normal 0 0 -1
    outer loop
      vertex 44.5199 -14.1378 -1.5001
      vertex 44.6095 -13.9093 -1.5001
      vertex 44.6194 -13.9134 -1.5001
    endloop
  endfacet
  facet normal 0 0 -1
    outer loop
      vertex 44.3209 -14.4946 -1.5001
      vertex 44.5199 -14.1378 -1.5001
      vertex 44.4096 -14.357 -1.5001
    endloop
  endfacet
  facet normal -0 0 -1
    outer loop
      vertex 44.5199 -14.1378 -1.5001
      vertex 44.3209 -14.4946 -1.5001
      vertex 44.6095 -13.9093 -1.5001
    endloop
  endfacet
  facet normal 0 0 -1
    outer loop
      vertex 44.2886 -14.5705 -1.5001
      vertex 44.3209 -14.4946 -1.5001
      vertex 44.4096 -14.357 -1.5001
    endloop
  endfacet
  facet normal 0 0 -1
    outer loop
      vertex 44.1573 -14.7779 -1.5001
      vertex 44.3209 -14.4946 -1.5001
      vertex 44.2886 -14.5705 -1.5001
    endloop
  endfacet
  facet normal 0 0 -1
    outer loop
      vertex 43.9583 -15.0373 -1.5001
      vertex 44.1573 -14.7779 -1.5001
      vertex 44.016 -14.9785 -1.5001
    endloop
  endfacet
  facet normal -0 0 -1
    outer loop
      vertex 44.1573 -14.7779 -1.5001
      vertex 43.9583 -15.0373 -1.5001
      vertex 44.3209 -14.4946 -1.5001
    endloop
  endfacet
  facet normal 0 0 -1
    outer loop
      vertex 43.865 -15.172 -1.5001
      vertex 43.9583 -15.0373 -1.5001
      vertex 44.016 -14.9785 -1.5001
    endloop
  endfacet
  facet normal 0 0 -1
    outer loop
      vertex 43.7047 -15.3578 -1.5001
      vertex 43.9583 -15.0373 -1.5001
      vertex 43.865 -15.172 -1.5001
    endloop
  endfacet
  facet normal 0 0 -1
    outer loop
      vertex 43.528 -15.528 -1.5001
      vertex 43.7047 -15.3578 -1.5001
      vertex 43.5355 -15.5355 -1.5001
    endloop
  endfacet
  facet normal -0 0 -1
    outer loop
      vertex 43.7047 -15.3578 -1.5001
      vertex 43.528 -15.528 -1.5001
      vertex 43.9583 -15.0373 -1.5001
    endloop
  endfacet
  facet normal 0 0 -1
    outer loop
      vertex 43.3578 -15.7048 -1.5001
      vertex 43.528 -15.528 -1.5001
      vertex 43.5355 -15.5355 -1.5001
    endloop
  endfacet
  facet normal 0 0 -1
    outer loop
      vertex 43.0373 -15.9583 -1.5001
      vertex 43.3578 -15.7048 -1.5001
      vertex 43.1719 -15.8651 -1.5001
    endloop
  endfacet
  facet normal -0 0 -1
    outer loop
      vertex 43.3578 -15.7048 -1.5001
      vertex 43.0373 -15.9583 -1.5001
      vertex 43.528 -15.528 -1.5001
    endloop
  endfacet
  facet normal 0 0 -1
    outer loop
      vertex 42.9785 -16.016 -1.5001
      vertex 43.0373 -15.9583 -1.5001
      vertex 43.1719 -15.8651 -1.5001
    endloop
  endfacet
  facet normal 0 0 -1
    outer loop
      vertex 42.7778 -16.1573 -1.5001
      vertex 43.0373 -15.9583 -1.5001
      vertex 42.9785 -16.016 -1.5001
    endloop
  endfacet
  facet normal 0 0 -1
    outer loop
      vertex 42.4946 -16.3209 -1.5001
      vertex 42.7778 -16.1573 -1.5001
      vertex 42.5705 -16.2886 -1.5001
    endloop
  endfacet
  facet normal -0 0 -1
    outer loop
      vertex 42.7778 -16.1573 -1.5001
      vertex 42.4946 -16.3209 -1.5001
      vertex 43.0373 -15.9583 -1.5001
    endloop
  endfacet
  facet normal 0 0 -1
    outer loop
      vertex 42.357 -16.4096 -1.5001
      vertex 42.4946 -16.3209 -1.5001
      vertex 42.5705 -16.2886 -1.5001
    endloop
  endfacet
  facet normal 0 0 -1
    outer loop
      vertex 42.1377 -16.5199 -1.5001
      vertex 42.4946 -16.3209 -1.5001
      vertex 42.357 -16.4096 -1.5001
    endloop
  endfacet
  facet normal 0 0 -1
    outer loop
      vertex 41.9093 -16.6095 -1.5001
      vertex 42.1377 -16.5199 -1.5001
      vertex 41.9134 -16.6194 -1.5001
    endloop
  endfacet
  facet normal -0 0 -1
    outer loop
      vertex 42.1377 -16.5199 -1.5001
      vertex 41.9093 -16.6095 -1.5001
      vertex 42.4946 -16.3209 -1.5001
    endloop
  endfacet
  facet normal 0 0 -1
    outer loop
      vertex 41.6844 -16.7077 -1.5001
      vertex 41.9093 -16.6095 -1.5001
      vertex 41.9134 -16.6194 -1.5001
    endloop
  endfacet
  facet normal 0 0 -1
    outer loop
      vertex 41.2913 -16.8193 -1.5001
      vertex 41.6844 -16.7077 -1.5001
      vertex 41.4514 -16.7847 -1.5001
    endloop
  endfacet
  facet normal -0 0 -1
    outer loop
      vertex 41.6844 -16.7077 -1.5001
      vertex 41.2913 -16.8193 -1.5001
      vertex 41.9093 -16.6095 -1.5001
    endloop
  endfacet
  facet normal 0 0 -1
    outer loop
      vertex 41.2149 -16.8502 -1.5001
      vertex 41.2913 -16.8193 -1.5001
      vertex 41.4514 -16.7847 -1.5001
    endloop
  endfacet
  facet normal 0 0 -1
    outer loop
      vertex 40.9754 -16.9039 -1.5001
      vertex 41.2913 -16.8193 -1.5001
      vertex 41.2149 -16.8502 -1.5001
    endloop
  endfacet
  facet normal 0 0 -1
    outer loop
      vertex 40.6512 -16.9466 -1.5001
      vertex 40.9754 -16.9039 -1.5001
      vertex 40.7336 -16.9459 -1.5001
    endloop
  endfacet
  facet normal -0 0 -1
    outer loop
      vertex 40.9754 -16.9039 -1.5001
      vertex 40.6512 -16.9466 -1.5001
      vertex 41.2913 -16.8193 -1.5001
    endloop
  endfacet
  facet normal 0 0 -1
    outer loop
      vertex 40.4901 -16.9759 -1.5001
      vertex 40.6512 -16.9466 -1.5001
      vertex 40.7336 -16.9459 -1.5001
    endloop
  endfacet
  facet normal 0 0 -1
    outer loop
      vertex 40.2453 -16.994 -1.5001
      vertex 40.6512 -16.9466 -1.5001
      vertex 40.4901 -16.9759 -1.5001
    endloop
  endfacet
  facet normal 0 0 -1
    outer loop
      vertex 40 -16.9893 -1.5001
      vertex 40.2453 -16.994 -1.5001
      vertex 40 -17 -1.5001
    endloop
  endfacet
  facet normal 0 0 -1
    outer loop
      vertex 40.2453 -16.994 -1.5001
      vertex 40 -16.9893 -1.5001
      vertex 40.6512 -16.9466 -1.5001
    endloop
  endfacet
  facet normal 0 0 -1
    outer loop
      vertex 39.7546 -16.994 -1.5001
      vertex 40 -16.9893 -1.5001
      vertex 40 -17 -1.5001
    endloop
  endfacet
  facet normal 0 0 -1
    outer loop
      vertex 39.3488 -16.9466 -1.5001
      vertex 39.7546 -16.994 -1.5001
      vertex 39.5099 -16.9759 -1.5001
    endloop
  endfacet
  facet normal 0 0 -1
    outer loop
      vertex 39.7546 -16.994 -1.5001
      vertex 39.3488 -16.9466 -1.5001
      vertex 40 -16.9893 -1.5001
    endloop
  endfacet
  facet normal 0 0 -1
    outer loop
      vertex 39.2663 -16.9459 -1.5001
      vertex 39.3488 -16.9466 -1.5001
      vertex 39.5099 -16.9759 -1.5001
    endloop
  endfacet
  facet normal 0 0 -1
    outer loop
      vertex 39.0245 -16.9039 -1.5001
      vertex 39.3488 -16.9466 -1.5001
      vertex 39.2663 -16.9459 -1.5001
    endloop
  endfacet
  facet normal 0 0 -1
    outer loop
      vertex 38.7087 -16.8193 -1.5001
      vertex 39.0245 -16.9039 -1.5001
      vertex 38.7851 -16.8502 -1.5001
    endloop
  endfacet
  facet normal 0 0 -1
    outer loop
      vertex 39.0245 -16.9039 -1.5001
      vertex 38.7087 -16.8193 -1.5001
      vertex 39.3488 -16.9466 -1.5001
    endloop
  endfacet
  facet normal 0 0 -1
    outer loop
      vertex 38.5485 -16.7847 -1.5001
      vertex 38.7087 -16.8193 -1.5001
      vertex 38.7851 -16.8502 -1.5001
    endloop
  endfacet
  facet normal 0 0 -1
    outer loop
      vertex 38.3155 -16.7077 -1.5001
      vertex 38.7087 -16.8193 -1.5001
      vertex 38.5485 -16.7847 -1.5001
    endloop
  endfacet
  facet normal 0 0 -1
    outer loop
      vertex 38.3155 -16.7077 -1.5001
      vertex 38.0907 -16.6095 -1.5001
      vertex 38.7087 -16.8193 -1.5001
    endloop
  endfacet
  facet normal 0 0 -1
    outer loop
      vertex 38.0865 -16.6194 -1.5001
      vertex 38.0907 -16.6095 -1.5001
      vertex 38.3155 -16.7077 -1.5001
    endloop
  endfacet
  facet normal 0 0 -1
    outer loop
      vertex 37.8622 -16.5199 -1.5001
      vertex 38.0907 -16.6095 -1.5001
      vertex 38.0865 -16.6194 -1.5001
    endloop
  endfacet
  facet normal 0 0 -1
    outer loop
      vertex 37.5054 -16.3209 -1.5001
      vertex 37.8622 -16.5199 -1.5001
      vertex 37.643 -16.4096 -1.5001
    endloop
  endfacet
  facet normal 0 0 -1
    outer loop
      vertex 37.8622 -16.5199 -1.5001
      vertex 37.5054 -16.3209 -1.5001
      vertex 38.0907 -16.6095 -1.5001
    endloop
  endfacet
  facet normal 0 0 -1
    outer loop
      vertex 37.4295 -16.2886 -1.5001
      vertex 37.5054 -16.3209 -1.5001
      vertex 37.643 -16.4096 -1.5001
    endloop
  endfacet
  facet normal 0 0 -1
    outer loop
      vertex 37.2221 -16.1573 -1.5001
      vertex 37.5054 -16.3209 -1.5001
      vertex 37.4295 -16.2886 -1.5001
    endloop
  endfacet
  facet normal 0 0 -1
    outer loop
      vertex 36.9627 -15.9583 -1.5001
      vertex 37.2221 -16.1573 -1.5001
      vertex 37.0215 -16.016 -1.5001
    endloop
  endfacet
  facet normal 0 0 -1
    outer loop
      vertex 37.2221 -16.1573 -1.5001
      vertex 36.9627 -15.9583 -1.5001
      vertex 37.5054 -16.3209 -1.5001
    endloop
  endfacet
  facet normal 0 0 -1
    outer loop
      vertex 36.828 -15.8651 -1.5001
      vertex 36.9627 -15.9583 -1.5001
      vertex 37.0215 -16.016 -1.5001
    endloop
  endfacet
  facet normal 0 0 -1
    outer loop
      vertex 36.6422 -15.7048 -1.5001
      vertex 36.9627 -15.9583 -1.5001
      vertex 36.828 -15.8651 -1.5001
    endloop
  endfacet
  facet normal 0 0 -1
    outer loop
      vertex 36.6422 -15.7048 -1.5001
      vertex 36.472 -15.528 -1.5001
      vertex 36.9627 -15.9583 -1.5001
    endloop
  endfacet
  facet normal 0 0 -1
    outer loop
      vertex 36.4644 -15.5355 -1.5001
      vertex 36.472 -15.528 -1.5001
      vertex 36.6422 -15.7048 -1.5001
    endloop
  endfacet
  facet normal 0 0 -1
    outer loop
      vertex 36.2952 -15.3578 -1.5001
      vertex 36.472 -15.528 -1.5001
      vertex 36.4644 -15.5355 -1.5001
    endloop
  endfacet
  facet normal 0 0 -1
    outer loop
      vertex 36.0417 -15.0373 -1.5001
      vertex 36.2952 -15.3578 -1.5001
      vertex 36.1349 -15.172 -1.5001
    endloop
  endfacet
  facet normal 0 0 -1
    outer loop
      vertex 36.2952 -15.3578 -1.5001
      vertex 36.0417 -15.0373 -1.5001
      vertex 36.472 -15.528 -1.5001
    endloop
  endfacet
  facet normal 0 0 -1
    outer loop
      vertex 35.9839 -14.9785 -1.5001
      vertex 36.0417 -15.0373 -1.5001
      vertex 36.1349 -15.172 -1.5001
    endloop
  endfacet
  facet normal 0 0 -1
    outer loop
      vertex 35.8426 -14.7779 -1.5001
      vertex 36.0417 -15.0373 -1.5001
      vertex 35.9839 -14.9785 -1.5001
    endloop
  endfacet
  facet normal 0 0 -1
    outer loop
      vertex 35.6791 -14.4946 -1.5001
      vertex 35.8426 -14.7779 -1.5001
      vertex 35.7113 -14.5705 -1.5001
    endloop
  endfacet
  facet normal 0 0 -1
    outer loop
      vertex 35.8426 -14.7779 -1.5001
      vertex 35.6791 -14.4946 -1.5001
      vertex 36.0417 -15.0373 -1.5001
    endloop
  endfacet
  facet normal 0 0 -1
    outer loop
      vertex 35.5904 -14.357 -1.5001
      vertex 35.6791 -14.4946 -1.5001
      vertex 35.7113 -14.5705 -1.5001
    endloop
  endfacet
  facet normal 0 0 -1
    outer loop
      vertex 35.48 -14.1378 -1.5001
      vertex 35.6791 -14.4946 -1.5001
      vertex 35.5904 -14.357 -1.5001
    endloop
  endfacet
  facet normal 0 0 -1
    outer loop
      vertex 35.48 -14.1378 -1.5001
      vertex 35.3905 -13.9093 -1.5001
      vertex 35.6791 -14.4946 -1.5001
    endloop
  endfacet
  facet normal 0 0 -1
    outer loop
      vertex 35.3806 -13.9134 -1.5001
      vertex 35.3905 -13.9093 -1.5001
      vertex 35.48 -14.1378 -1.5001
    endloop
  endfacet
  facet normal 0 0 -1
    outer loop
      vertex 35.2922 -13.6844 -1.5001
      vertex 35.3905 -13.9093 -1.5001
      vertex 35.3806 -13.9134 -1.5001
    endloop
  endfacet
  facet normal 0 0 -1
    outer loop
      vertex 35.1807 -13.2913 -1.5001
      vertex 35.2922 -13.6844 -1.5001
      vertex 35.2153 -13.4514 -1.5001
    endloop
  endfacet
  facet normal 0 0 -1
    outer loop
      vertex 35.2922 -13.6844 -1.5001
      vertex 35.1807 -13.2913 -1.5001
      vertex 35.3905 -13.9093 -1.5001
    endloop
  endfacet
  facet normal 0 0 -1
    outer loop
      vertex 35.1498 -13.2149 -1.5001
      vertex 35.1807 -13.2913 -1.5001
      vertex 35.2153 -13.4514 -1.5001
    endloop
  endfacet
  facet normal 0 0 -1
    outer loop
      vertex 35.096 -12.9755 -1.5001
      vertex 35.1807 -13.2913 -1.5001
      vertex 35.1498 -13.2149 -1.5001
    endloop
  endfacet
  facet normal 0 0 -1
    outer loop
      vertex 35.0534 -12.6512 -1.5001
      vertex 35.096 -12.9755 -1.5001
      vertex 35.0541 -12.7337 -1.5001
    endloop
  endfacet
  facet normal 0 0 -1
    outer loop
      vertex 35.096 -12.9755 -1.5001
      vertex 35.0534 -12.6512 -1.5001
      vertex 35.1807 -13.2913 -1.5001
    endloop
  endfacet
  facet normal 0 0 -1
    outer loop
      vertex 35.024 -12.4901 -1.5001
      vertex 35.0534 -12.6512 -1.5001
      vertex 35.0541 -12.7337 -1.5001
    endloop
  endfacet
  facet normal 0 0 -1
    outer loop
      vertex 35.006 -12.2453 -1.5001
      vertex 35.0534 -12.6512 -1.5001
      vertex 35.024 -12.4901 -1.5001
    endloop
  endfacet
  facet normal 0 0 -1
    outer loop
      vertex 35.0534 -12.6512 -1.5001
      vertex 35.006 -12.2453 -1.5001
      vertex 35.0107 -12 -1.5001
    endloop
  endfacet
  facet normal 0 0 -1
    outer loop
      vertex 44.9466 -11.3488 -1.5001
      vertex 44.9939 -11.7547 -1.5001
      vertex 44.9893 -12 -1.5001
    endloop
  endfacet
  facet normal 0 0 -1
    outer loop
      vertex 44.9939 -11.7547 -1.5001
      vertex 44.9466 -11.3488 -1.5001
      vertex 44.9759 -11.5099 -1.5001
    endloop
  endfacet
  facet normal 0 0 -1
    outer loop
      vertex 44.9466 -11.3488 -1.5001
      vertex 44.9458 -11.2663 -1.5001
      vertex 44.9759 -11.5099 -1.5001
    endloop
  endfacet
  facet normal 0 0 -1
    outer loop
      vertex 44.9466 -11.3488 -1.5001
      vertex 44.9039 -11.0245 -1.5001
      vertex 44.9458 -11.2663 -1.5001
    endloop
  endfacet
  facet normal 0 0 -1
    outer loop
      vertex 44.8193 -10.7087 -1.5001
      vertex 44.9039 -11.0245 -1.5001
      vertex 44.9466 -11.3488 -1.5001
    endloop
  endfacet
  facet normal 0 0 -1
    outer loop
      vertex 44.9039 -11.0245 -1.5001
      vertex 44.8193 -10.7087 -1.5001
      vertex 44.8501 -10.7851 -1.5001
    endloop
  endfacet
  facet normal 0 0 -1
    outer loop
      vertex 44.8193 -10.7087 -1.5001
      vertex 44.7847 -10.5486 -1.5001
      vertex 44.8501 -10.7851 -1.5001
    endloop
  endfacet
  facet normal 0 0 -1
    outer loop
      vertex 44.8193 -10.7087 -1.5001
      vertex 44.7077 -10.3156 -1.5001
      vertex 44.7847 -10.5486 -1.5001
    endloop
  endfacet
  facet normal 0 0 -1
    outer loop
      vertex 44.6095 -10.0907 -1.5001
      vertex 44.7077 -10.3156 -1.5001
      vertex 44.8193 -10.7087 -1.5001
    endloop
  endfacet
  facet normal 0 0 -1
    outer loop
      vertex 44.7077 -10.3156 -1.5001
      vertex 44.6095 -10.0907 -1.5001
      vertex 44.6194 -10.0866 -1.5001
    endloop
  endfacet
  facet normal 0 0 -1
    outer loop
      vertex 44.6095 -10.0907 -1.5001
      vertex 44.5199 -9.86222 -1.5001
      vertex 44.6194 -10.0866 -1.5001
    endloop
  endfacet
  facet normal 0 0 -1
    outer loop
      vertex 44.3209 -9.50535 -1.5001
      vertex 44.5199 -9.86222 -1.5001
      vertex 44.6095 -10.0907 -1.5001
    endloop
  endfacet
  facet normal 0 0 -1
    outer loop
      vertex 44.5199 -9.86222 -1.5001
      vertex 44.3209 -9.50535 -1.5001
      vertex 44.4096 -9.64302 -1.5001
    endloop
  endfacet
  facet normal 0 0 -1
    outer loop
      vertex 44.3209 -9.50535 -1.5001
      vertex 44.2886 -9.42949 -1.5001
      vertex 44.4096 -9.64302 -1.5001
    endloop
  endfacet
  facet normal 0 0 -1
    outer loop
      vertex 44.3209 -9.50535 -1.5001
      vertex 44.1573 -9.22215 -1.5001
      vertex 44.2886 -9.42949 -1.5001
    endloop
  endfacet
  facet normal 0 0 -1
    outer loop
      vertex 43.9583 -8.96271 -1.5001
      vertex 44.1573 -9.22215 -1.5001
      vertex 44.3209 -9.50535 -1.5001
    endloop
  endfacet
  facet normal 0 0 -1
    outer loop
      vertex 44.1573 -9.22215 -1.5001
      vertex 43.9583 -8.96271 -1.5001
      vertex 44.016 -9.0215 -1.5001
    endloop
  endfacet
  facet normal 0 0 -1
    outer loop
      vertex 43.9583 -8.96271 -1.5001
      vertex 43.865 -8.82803 -1.5001
      vertex 44.016 -9.0215 -1.5001
    endloop
  endfacet
  facet normal 0 0 -1
    outer loop
      vertex 43.9583 -8.96271 -1.5001
      vertex 43.7047 -8.64221 -1.5001
      vertex 43.865 -8.82803 -1.5001
    endloop
  endfacet
  facet normal 0 0 -1
    outer loop
      vertex 43.528 -8.47204 -1.5001
      vertex 43.7047 -8.64221 -1.5001
      vertex 43.9583 -8.96271 -1.5001
    endloop
  endfacet
  facet normal 0 0 -1
    outer loop
      vertex 43.7047 -8.64221 -1.5001
      vertex 43.528 -8.47204 -1.5001
      vertex 43.5355 -8.46447 -1.5001
    endloop
  endfacet
  facet normal 0 0 -1
    outer loop
      vertex 43.4453 -8.39957 -1.5001
      vertex 43.5355 -8.46447 -1.5001
      vertex 43.528 -8.47204 -1.5001
    endloop
  endfacet
  facet normal 0 0 -1
    outer loop
      vertex 43.5355 -8.46447 -1.5001
      vertex 43.4453 -8.39957 -1.5001
      vertex 43.3999 -8.33541 -1.5001
    endloop
  endfacet
  facet normal 0 0 -1
    outer loop
      vertex 36.4644 -8.46447 -1.5001
      vertex 36.5547 -8.39957 -1.5001
      vertex 36.472 -8.47204 -1.5001
    endloop
  endfacet
  facet normal -0 0 -1
    outer loop
      vertex 36.5547 -8.39957 -1.5001
      vertex 36.4644 -8.46447 -1.5001
      vertex 36.6 -8.33541 -1.5001
    endloop
  endfacet
  facet normal -0 0 -1
    outer loop
      vertex 36.472 -8.47204 -1.5001
      vertex 36.2952 -8.64221 -1.5001
      vertex 36.4644 -8.46447 -1.5001
    endloop
  endfacet
  facet normal 0 0 -1
    outer loop
      vertex 36.0417 -8.96271 -1.5001
      vertex 36.2952 -8.64221 -1.5001
      vertex 36.472 -8.47204 -1.5001
    endloop
  endfacet
  facet normal 0 0 -1
    outer loop
      vertex 36.2952 -8.64221 -1.5001
      vertex 36.0417 -8.96271 -1.5001
      vertex 36.1349 -8.82803 -1.5001
    endloop
  endfacet
  facet normal -0 0 -1
    outer loop
      vertex 36.0417 -8.96271 -1.5001
      vertex 35.9839 -9.0215 -1.5001
      vertex 36.1349 -8.82803 -1.5001
    endloop
  endfacet
  facet normal 0 0 -1
    outer loop
      vertex 36.0417 -8.96271 -1.5001
      vertex 35.8426 -9.22215 -1.5001
      vertex 35.9839 -9.0215 -1.5001
    endloop
  endfacet
  facet normal 0 0 -1
    outer loop
      vertex 35.6791 -9.50535 -1.5001
      vertex 35.8426 -9.22215 -1.5001
      vertex 36.0417 -8.96271 -1.5001
    endloop
  endfacet
  facet normal 0 0 -1
    outer loop
      vertex 35.8426 -9.22215 -1.5001
      vertex 35.6791 -9.50535 -1.5001
      vertex 35.7113 -9.42949 -1.5001
    endloop
  endfacet
  facet normal -0 0 -1
    outer loop
      vertex 35.6791 -9.50535 -1.5001
      vertex 35.5904 -9.64302 -1.5001
      vertex 35.7113 -9.42949 -1.5001
    endloop
  endfacet
  facet normal 0 0 -1
    outer loop
      vertex 35.6791 -9.50535 -1.5001
      vertex 35.48 -9.86222 -1.5001
      vertex 35.5904 -9.64302 -1.5001
    endloop
  endfacet
  facet normal 0 0 -1
    outer loop
      vertex 35.3905 -10.0907 -1.5001
      vertex 35.48 -9.86222 -1.5001
      vertex 35.6791 -9.50535 -1.5001
    endloop
  endfacet
  facet normal 0 0 -1
    outer loop
      vertex 35.3905 -10.0907 -1.5001
      vertex 35.3806 -10.0866 -1.5001
      vertex 35.48 -9.86222 -1.5001
    endloop
  endfacet
  facet normal -0 0 -1
    outer loop
      vertex 35.3905 -10.0907 -1.5001
      vertex 35.2922 -10.3156 -1.5001
      vertex 35.3806 -10.0866 -1.5001
    endloop
  endfacet
  facet normal 0 0 -1
    outer loop
      vertex 35.1807 -10.7087 -1.5001
      vertex 35.2922 -10.3156 -1.5001
      vertex 35.3905 -10.0907 -1.5001
    endloop
  endfacet
  facet normal 0 0 -1
    outer loop
      vertex 35.2922 -10.3156 -1.5001
      vertex 35.1807 -10.7087 -1.5001
      vertex 35.2153 -10.5486 -1.5001
    endloop
  endfacet
  facet normal -0 0 -1
    outer loop
      vertex 35.1807 -10.7087 -1.5001
      vertex 35.1498 -10.7851 -1.5001
      vertex 35.2153 -10.5486 -1.5001
    endloop
  endfacet
  facet normal 0 0 -1
    outer loop
      vertex 35.1807 -10.7087 -1.5001
      vertex 35.096 -11.0245 -1.5001
      vertex 35.1498 -10.7851 -1.5001
    endloop
  endfacet
  facet normal 0 0 -1
    outer loop
      vertex 35.0534 -11.3488 -1.5001
      vertex 35.096 -11.0245 -1.5001
      vertex 35.1807 -10.7087 -1.5001
    endloop
  endfacet
  facet normal 0 0 -1
    outer loop
      vertex 35.096 -11.0245 -1.5001
      vertex 35.0534 -11.3488 -1.5001
      vertex 35.0541 -11.2663 -1.5001
    endloop
  endfacet
  facet normal -0 0 -1
    outer loop
      vertex 35.0534 -11.3488 -1.5001
      vertex 35.024 -11.5099 -1.5001
      vertex 35.0541 -11.2663 -1.5001
    endloop
  endfacet
  facet normal 0 0 -1
    outer loop
      vertex 35.006 -11.7547 -1.5001
      vertex 35.0534 -11.3488 -1.5001
      vertex 35.0107 -12 -1.5001
    endloop
  endfacet
  facet normal 0 0 -1
    outer loop
      vertex 35.0534 -11.3488 -1.5001
      vertex 35.006 -11.7547 -1.5001
      vertex 35.024 -11.5099 -1.5001
    endloop
  endfacet
  facet normal 0 0 -1
    outer loop
      vertex 35 -12 -1.5001
      vertex 35.0107 -12 -1.5001
      vertex 35.006 -12.2453 -1.5001
    endloop
  endfacet
  facet normal 0 0 -1
    outer loop
      vertex 35.0107 -12 -1.5001
      vertex 35 -12 -1.5001
      vertex 35.006 -11.7547 -1.5001
    endloop
  endfacet
  facet normal 0 0 1
    outer loop
      vertex 44.9893 -12 -9.91821e-05
      vertex 45 -12 -9.91821e-05
      vertex 44.9939 -11.7547 -9.91821e-05
    endloop
  endfacet
  facet normal 0 0 1
    outer loop
      vertex 45 -12 -9.91821e-05
      vertex 44.9893 -12 -9.91821e-05
      vertex 44.9939 -12.2453 -9.91821e-05
    endloop
  endfacet
  facet normal 0 0 1
    outer loop
      vertex 44.9466 -11.3488 -9.91821e-05
      vertex 44.9939 -11.7547 -9.91821e-05
      vertex 44.9759 -11.5099 -9.91821e-05
    endloop
  endfacet
  facet normal 0 0 1
    outer loop
      vertex 44.9939 -11.7547 -9.91821e-05
      vertex 44.9466 -11.3488 -9.91821e-05
      vertex 44.9893 -12 -9.91821e-05
    endloop
  endfacet
  facet normal 0 0 1
    outer loop
      vertex 44.9458 -11.2663 -9.91821e-05
      vertex 44.9466 -11.3488 -9.91821e-05
      vertex 44.9759 -11.5099 -9.91821e-05
    endloop
  endfacet
  facet normal 0 0 1
    outer loop
      vertex 44.9039 -11.0245 -9.91821e-05
      vertex 44.9466 -11.3488 -9.91821e-05
      vertex 44.9458 -11.2663 -9.91821e-05
    endloop
  endfacet
  facet normal 0 0 1
    outer loop
      vertex 44.8193 -10.7087 -9.91821e-05
      vertex 44.9039 -11.0245 -9.91821e-05
      vertex 44.8501 -10.7851 -9.91821e-05
    endloop
  endfacet
  facet normal 0 0 1
    outer loop
      vertex 44.9039 -11.0245 -9.91821e-05
      vertex 44.8193 -10.7087 -9.91821e-05
      vertex 44.9466 -11.3488 -9.91821e-05
    endloop
  endfacet
  facet normal 0 0 1
    outer loop
      vertex 44.7847 -10.5486 -9.91821e-05
      vertex 44.8193 -10.7087 -9.91821e-05
      vertex 44.8501 -10.7851 -9.91821e-05
    endloop
  endfacet
  facet normal 0 0 1
    outer loop
      vertex 44.7077 -10.3156 -9.91821e-05
      vertex 44.8193 -10.7087 -9.91821e-05
      vertex 44.7847 -10.5486 -9.91821e-05
    endloop
  endfacet
  facet normal -0 0 1
    outer loop
      vertex 44.6095 -10.0907 -9.91821e-05
      vertex 44.7077 -10.3156 -9.91821e-05
      vertex 44.6194 -10.0866 -9.91821e-05
    endloop
  endfacet
  facet normal 0 0 1
    outer loop
      vertex 44.7077 -10.3156 -9.91821e-05
      vertex 44.6095 -10.0907 -9.91821e-05
      vertex 44.8193 -10.7087 -9.91821e-05
    endloop
  endfacet
  facet normal 0 0 1
    outer loop
      vertex 44.5199 -9.86222 -9.91821e-05
      vertex 44.6095 -10.0907 -9.91821e-05
      vertex 44.6194 -10.0866 -9.91821e-05
    endloop
  endfacet
  facet normal 0 0 1
    outer loop
      vertex 44.3209 -9.50535 -9.91821e-05
      vertex 44.5199 -9.86222 -9.91821e-05
      vertex 44.4096 -9.64302 -9.91821e-05
    endloop
  endfacet
  facet normal 0 0 1
    outer loop
      vertex 44.5199 -9.86222 -9.91821e-05
      vertex 44.3209 -9.50535 -9.91821e-05
      vertex 44.6095 -10.0907 -9.91821e-05
    endloop
  endfacet
  facet normal 0 0 1
    outer loop
      vertex 44.2886 -9.42949 -9.91821e-05
      vertex 44.3209 -9.50535 -9.91821e-05
      vertex 44.4096 -9.64302 -9.91821e-05
    endloop
  endfacet
  facet normal 0 0 1
    outer loop
      vertex 44.1573 -9.22215 -9.91821e-05
      vertex 44.3209 -9.50535 -9.91821e-05
      vertex 44.2886 -9.42949 -9.91821e-05
    endloop
  endfacet
  facet normal 0 0 1
    outer loop
      vertex 43.9583 -8.96271 -9.91821e-05
      vertex 44.1573 -9.22215 -9.91821e-05
      vertex 44.016 -9.0215 -9.91821e-05
    endloop
  endfacet
  facet normal 0 0 1
    outer loop
      vertex 44.1573 -9.22215 -9.91821e-05
      vertex 43.9583 -8.96271 -9.91821e-05
      vertex 44.3209 -9.50535 -9.91821e-05
    endloop
  endfacet
  facet normal 0 0 1
    outer loop
      vertex 43.865 -8.82803 -9.91821e-05
      vertex 43.9583 -8.96271 -9.91821e-05
      vertex 44.016 -9.0215 -9.91821e-05
    endloop
  endfacet
  facet normal 0 0 1
    outer loop
      vertex 43.7047 -8.64221 -9.91821e-05
      vertex 43.9583 -8.96271 -9.91821e-05
      vertex 43.865 -8.82803 -9.91821e-05
    endloop
  endfacet
  facet normal -0 0 1
    outer loop
      vertex 43.528 -8.47204 -9.91821e-05
      vertex 43.7047 -8.64221 -9.91821e-05
      vertex 43.5355 -8.46447 -9.91821e-05
    endloop
  endfacet
  facet normal 0 0 1
    outer loop
      vertex 43.7047 -8.64221 -9.91821e-05
      vertex 43.528 -8.47204 -9.91821e-05
      vertex 43.9583 -8.96271 -9.91821e-05
    endloop
  endfacet
  facet normal 0 0 1
    outer loop
      vertex 43.3578 -8.29525 -9.91821e-05
      vertex 43.528 -8.47204 -9.91821e-05
      vertex 43.5355 -8.46447 -9.91821e-05
    endloop
  endfacet
  facet normal 0 0 1
    outer loop
      vertex 43.0373 -8.04173 -9.91821e-05
      vertex 43.3578 -8.29525 -9.91821e-05
      vertex 43.1719 -8.13495 -9.91821e-05
    endloop
  endfacet
  facet normal 0 0 1
    outer loop
      vertex 43.3578 -8.29525 -9.91821e-05
      vertex 43.0373 -8.04173 -9.91821e-05
      vertex 43.528 -8.47204 -9.91821e-05
    endloop
  endfacet
  facet normal 0 0 1
    outer loop
      vertex 42.9785 -7.98396 -9.91821e-05
      vertex 43.0373 -8.04173 -9.91821e-05
      vertex 43.1719 -8.13495 -9.91821e-05
    endloop
  endfacet
  facet normal 0 0 1
    outer loop
      vertex 42.7778 -7.84265 -9.91821e-05
      vertex 43.0373 -8.04173 -9.91821e-05
      vertex 42.9785 -7.98396 -9.91821e-05
    endloop
  endfacet
  facet normal 0 0 1
    outer loop
      vertex 42.4946 -7.67914 -9.91821e-05
      vertex 42.7778 -7.84265 -9.91821e-05
      vertex 42.5705 -7.71136 -9.91821e-05
    endloop
  endfacet
  facet normal 0 0 1
    outer loop
      vertex 42.7778 -7.84265 -9.91821e-05
      vertex 42.4946 -7.67914 -9.91821e-05
      vertex 43.0373 -8.04173 -9.91821e-05
    endloop
  endfacet
  facet normal 0 0 1
    outer loop
      vertex 42.357 -7.59039 -9.91821e-05
      vertex 42.4946 -7.67914 -9.91821e-05
      vertex 42.5705 -7.71136 -9.91821e-05
    endloop
  endfacet
  facet normal 0 0 1
    outer loop
      vertex 42.1377 -7.48005 -9.91821e-05
      vertex 42.4946 -7.67914 -9.91821e-05
      vertex 42.357 -7.59039 -9.91821e-05
    endloop
  endfacet
  facet normal -0 0 1
    outer loop
      vertex 41.9093 -7.39049 -9.91821e-05
      vertex 42.1377 -7.48005 -9.91821e-05
      vertex 41.9134 -7.3806 -9.91821e-05
    endloop
  endfacet
  facet normal 0 0 1
    outer loop
      vertex 42.1377 -7.48005 -9.91821e-05
      vertex 41.9093 -7.39049 -9.91821e-05
      vertex 42.4946 -7.67914 -9.91821e-05
    endloop
  endfacet
  facet normal 0 0 1
    outer loop
      vertex 41.6844 -7.29228 -9.91821e-05
      vertex 41.9093 -7.39049 -9.91821e-05
      vertex 41.9134 -7.3806 -9.91821e-05
    endloop
  endfacet
  facet normal 0 0 1
    outer loop
      vertex 41.2913 -7.18071 -9.91821e-05
      vertex 41.6844 -7.29228 -9.91821e-05
      vertex 41.4514 -7.2153 -9.91821e-05
    endloop
  endfacet
  facet normal 0 0 1
    outer loop
      vertex 41.6844 -7.29228 -9.91821e-05
      vertex 41.2913 -7.18071 -9.91821e-05
      vertex 41.9093 -7.39049 -9.91821e-05
    endloop
  endfacet
  facet normal 0 0 1
    outer loop
      vertex 41.2149 -7.14984 -9.91821e-05
      vertex 41.2913 -7.18071 -9.91821e-05
      vertex 41.4514 -7.2153 -9.91821e-05
    endloop
  endfacet
  facet normal 0 0 1
    outer loop
      vertex 40.9754 -7.09607 -9.91821e-05
      vertex 41.2913 -7.18071 -9.91821e-05
      vertex 41.2149 -7.14984 -9.91821e-05
    endloop
  endfacet
  facet normal 0 0 1
    outer loop
      vertex 40.6512 -7.05339 -9.91821e-05
      vertex 40.9754 -7.09607 -9.91821e-05
      vertex 40.7336 -7.05412 -9.91821e-05
    endloop
  endfacet
  facet normal 0 0 1
    outer loop
      vertex 40.9754 -7.09607 -9.91821e-05
      vertex 40.6512 -7.05339 -9.91821e-05
      vertex 41.2913 -7.18071 -9.91821e-05
    endloop
  endfacet
  facet normal 0 0 1
    outer loop
      vertex 40.4901 -7.02408 -9.91821e-05
      vertex 40.6512 -7.05339 -9.91821e-05
      vertex 40.7336 -7.05412 -9.91821e-05
    endloop
  endfacet
  facet normal 0 0 1
    outer loop
      vertex 40.2453 -7.00602 -9.91821e-05
      vertex 40.6512 -7.05339 -9.91821e-05
      vertex 40.4901 -7.02408 -9.91821e-05
    endloop
  endfacet
  facet normal 0 0 1
    outer loop
      vertex 40 -7.0107 -9.91821e-05
      vertex 40.2453 -7.00602 -9.91821e-05
      vertex 40 -7 -9.91821e-05
    endloop
  endfacet
  facet normal 0 0 1
    outer loop
      vertex 40.2453 -7.00602 -9.91821e-05
      vertex 40 -7.0107 -9.91821e-05
      vertex 40.6512 -7.05339 -9.91821e-05
    endloop
  endfacet
  facet normal -0 0 1
    outer loop
      vertex 39.7546 -7.00602 -9.91821e-05
      vertex 40 -7.0107 -9.91821e-05
      vertex 40 -7 -9.91821e-05
    endloop
  endfacet
  facet normal 0 0 1
    outer loop
      vertex 39.3488 -7.05339 -9.91821e-05
      vertex 39.7546 -7.00602 -9.91821e-05
      vertex 39.5099 -7.02408 -9.91821e-05
    endloop
  endfacet
  facet normal 0 0 1
    outer loop
      vertex 39.7546 -7.00602 -9.91821e-05
      vertex 39.3488 -7.05339 -9.91821e-05
      vertex 40 -7.0107 -9.91821e-05
    endloop
  endfacet
  facet normal 0 0 1
    outer loop
      vertex 39.2663 -7.05412 -9.91821e-05
      vertex 39.3488 -7.05339 -9.91821e-05
      vertex 39.5099 -7.02408 -9.91821e-05
    endloop
  endfacet
  facet normal 0 0 1
    outer loop
      vertex 39.0245 -7.09607 -9.91821e-05
      vertex 39.3488 -7.05339 -9.91821e-05
      vertex 39.2663 -7.05412 -9.91821e-05
    endloop
  endfacet
  facet normal 0 0 1
    outer loop
      vertex 38.7087 -7.18071 -9.91821e-05
      vertex 39.0245 -7.09607 -9.91821e-05
      vertex 38.7851 -7.14984 -9.91821e-05
    endloop
  endfacet
  facet normal -0 0 1
    outer loop
      vertex 39.0245 -7.09607 -9.91821e-05
      vertex 38.7087 -7.18071 -9.91821e-05
      vertex 39.3488 -7.05339 -9.91821e-05
    endloop
  endfacet
  facet normal 0 0 1
    outer loop
      vertex 38.5485 -7.2153 -9.91821e-05
      vertex 38.7087 -7.18071 -9.91821e-05
      vertex 38.7851 -7.14984 -9.91821e-05
    endloop
  endfacet
  facet normal 0 0 1
    outer loop
      vertex 38.3155 -7.29228 -9.91821e-05
      vertex 38.7087 -7.18071 -9.91821e-05
      vertex 38.5485 -7.2153 -9.91821e-05
    endloop
  endfacet
  facet normal -0 0 1
    outer loop
      vertex 38.3155 -7.29228 -9.91821e-05
      vertex 38.0907 -7.39049 -9.91821e-05
      vertex 38.7087 -7.18071 -9.91821e-05
    endloop
  endfacet
  facet normal -0 0 1
    outer loop
      vertex 38.0865 -7.3806 -9.91821e-05
      vertex 38.0907 -7.39049 -9.91821e-05
      vertex 38.3155 -7.29228 -9.91821e-05
    endloop
  endfacet
  facet normal 0 0 1
    outer loop
      vertex 37.8622 -7.48005 -9.91821e-05
      vertex 38.0907 -7.39049 -9.91821e-05
      vertex 38.0865 -7.3806 -9.91821e-05
    endloop
  endfacet
  facet normal 0 0 1
    outer loop
      vertex 37.5054 -7.67914 -9.91821e-05
      vertex 37.8622 -7.48005 -9.91821e-05
      vertex 37.643 -7.59039 -9.91821e-05
    endloop
  endfacet
  facet normal -0 0 1
    outer loop
      vertex 37.8622 -7.48005 -9.91821e-05
      vertex 37.5054 -7.67914 -9.91821e-05
      vertex 38.0907 -7.39049 -9.91821e-05
    endloop
  endfacet
  facet normal 0 0 1
    outer loop
      vertex 37.4295 -7.71136 -9.91821e-05
      vertex 37.5054 -7.67914 -9.91821e-05
      vertex 37.643 -7.59039 -9.91821e-05
    endloop
  endfacet
  facet normal 0 0 1
    outer loop
      vertex 37.2221 -7.84265 -9.91821e-05
      vertex 37.5054 -7.67914 -9.91821e-05
      vertex 37.4295 -7.71136 -9.91821e-05
    endloop
  endfacet
  facet normal 0 0 1
    outer loop
      vertex 36.9627 -8.04173 -9.91821e-05
      vertex 37.2221 -7.84265 -9.91821e-05
      vertex 37.0215 -7.98396 -9.91821e-05
    endloop
  endfacet
  facet normal -0 0 1
    outer loop
      vertex 37.2221 -7.84265 -9.91821e-05
      vertex 36.9627 -8.04173 -9.91821e-05
      vertex 37.5054 -7.67914 -9.91821e-05
    endloop
  endfacet
  facet normal 0 0 1
    outer loop
      vertex 36.828 -8.13495 -9.91821e-05
      vertex 36.9627 -8.04173 -9.91821e-05
      vertex 37.0215 -7.98396 -9.91821e-05
    endloop
  endfacet
  facet normal 0 0 1
    outer loop
      vertex 36.6422 -8.29525 -9.91821e-05
      vertex 36.9627 -8.04173 -9.91821e-05
      vertex 36.828 -8.13495 -9.91821e-05
    endloop
  endfacet
  facet normal -0 0 1
    outer loop
      vertex 36.6422 -8.29525 -9.91821e-05
      vertex 36.472 -8.47204 -9.91821e-05
      vertex 36.9627 -8.04173 -9.91821e-05
    endloop
  endfacet
  facet normal -0 0 1
    outer loop
      vertex 36.4644 -8.46447 -9.91821e-05
      vertex 36.472 -8.47204 -9.91821e-05
      vertex 36.6422 -8.29525 -9.91821e-05
    endloop
  endfacet
  facet normal 0 0 1
    outer loop
      vertex 36.2952 -8.64221 -9.91821e-05
      vertex 36.472 -8.47204 -9.91821e-05
      vertex 36.4644 -8.46447 -9.91821e-05
    endloop
  endfacet
  facet normal 0 0 1
    outer loop
      vertex 36.0417 -8.96271 -9.91821e-05
      vertex 36.2952 -8.64221 -9.91821e-05
      vertex 36.1349 -8.82803 -9.91821e-05
    endloop
  endfacet
  facet normal -0 0 1
    outer loop
      vertex 36.2952 -8.64221 -9.91821e-05
      vertex 36.0417 -8.96271 -9.91821e-05
      vertex 36.472 -8.47204 -9.91821e-05
    endloop
  endfacet
  facet normal 0 0 1
    outer loop
      vertex 35.9839 -9.0215 -9.91821e-05
      vertex 36.0417 -8.96271 -9.91821e-05
      vertex 36.1349 -8.82803 -9.91821e-05
    endloop
  endfacet
  facet normal 0 0 1
    outer loop
      vertex 35.8426 -9.22215 -9.91821e-05
      vertex 36.0417 -8.96271 -9.91821e-05
      vertex 35.9839 -9.0215 -9.91821e-05
    endloop
  endfacet
  facet normal 0 0 1
    outer loop
      vertex 35.6791 -9.50535 -9.91821e-05
      vertex 35.8426 -9.22215 -9.91821e-05
      vertex 35.7113 -9.42949 -9.91821e-05
    endloop
  endfacet
  facet normal -0 0 1
    outer loop
      vertex 35.8426 -9.22215 -9.91821e-05
      vertex 35.6791 -9.50535 -9.91821e-05
      vertex 36.0417 -8.96271 -9.91821e-05
    endloop
  endfacet
  facet normal 0 0 1
    outer loop
      vertex 35.5904 -9.64302 -9.91821e-05
      vertex 35.6791 -9.50535 -9.91821e-05
      vertex 35.7113 -9.42949 -9.91821e-05
    endloop
  endfacet
  facet normal 0 0 1
    outer loop
      vertex 35.48 -9.86222 -9.91821e-05
      vertex 35.6791 -9.50535 -9.91821e-05
      vertex 35.5904 -9.64302 -9.91821e-05
    endloop
  endfacet
  facet normal -0 0 1
    outer loop
      vertex 35.48 -9.86222 -9.91821e-05
      vertex 35.3905 -10.0907 -9.91821e-05
      vertex 35.6791 -9.50535 -9.91821e-05
    endloop
  endfacet
  facet normal -0 0 1
    outer loop
      vertex 35.3806 -10.0866 -9.91821e-05
      vertex 35.3905 -10.0907 -9.91821e-05
      vertex 35.48 -9.86222 -9.91821e-05
    endloop
  endfacet
  facet normal 0 0 1
    outer loop
      vertex 35.2922 -10.3156 -9.91821e-05
      vertex 35.3905 -10.0907 -9.91821e-05
      vertex 35.3806 -10.0866 -9.91821e-05
    endloop
  endfacet
  facet normal 0 0 1
    outer loop
      vertex 35.1807 -10.7087 -9.91821e-05
      vertex 35.2922 -10.3156 -9.91821e-05
      vertex 35.2153 -10.5486 -9.91821e-05
    endloop
  endfacet
  facet normal -0 0 1
    outer loop
      vertex 35.2922 -10.3156 -9.91821e-05
      vertex 35.1807 -10.7087 -9.91821e-05
      vertex 35.3905 -10.0907 -9.91821e-05
    endloop
  endfacet
  facet normal 0 0 1
    outer loop
      vertex 35.1498 -10.7851 -9.91821e-05
      vertex 35.1807 -10.7087 -9.91821e-05
      vertex 35.2153 -10.5486 -9.91821e-05
    endloop
  endfacet
  facet normal 0 0 1
    outer loop
      vertex 35.096 -11.0245 -9.91821e-05
      vertex 35.1807 -10.7087 -9.91821e-05
      vertex 35.1498 -10.7851 -9.91821e-05
    endloop
  endfacet
  facet normal 0 0 1
    outer loop
      vertex 35.0534 -11.3488 -9.91821e-05
      vertex 35.096 -11.0245 -9.91821e-05
      vertex 35.0541 -11.2663 -9.91821e-05
    endloop
  endfacet
  facet normal -0 0 1
    outer loop
      vertex 35.096 -11.0245 -9.91821e-05
      vertex 35.0534 -11.3488 -9.91821e-05
      vertex 35.1807 -10.7087 -9.91821e-05
    endloop
  endfacet
  facet normal 0 0 1
    outer loop
      vertex 35.024 -11.5099 -9.91821e-05
      vertex 35.0534 -11.3488 -9.91821e-05
      vertex 35.0541 -11.2663 -9.91821e-05
    endloop
  endfacet
  facet normal 0 0 1
    outer loop
      vertex 35.006 -11.7547 -9.91821e-05
      vertex 35.0534 -11.3488 -9.91821e-05
      vertex 35.024 -11.5099 -9.91821e-05
    endloop
  endfacet
  facet normal 0 0 1
    outer loop
      vertex 35.0534 -11.3488 -9.91821e-05
      vertex 35.006 -11.7547 -9.91821e-05
      vertex 35.0107 -12 -9.91821e-05
    endloop
  endfacet
  facet normal 0 0 1
    outer loop
      vertex 44.9466 -12.6512 -9.91821e-05
      vertex 44.9939 -12.2453 -9.91821e-05
      vertex 44.9893 -12 -9.91821e-05
    endloop
  endfacet
  facet normal 0 0 1
    outer loop
      vertex 44.9939 -12.2453 -9.91821e-05
      vertex 44.9466 -12.6512 -9.91821e-05
      vertex 44.9759 -12.4901 -9.91821e-05
    endloop
  endfacet
  facet normal -0 0 1
    outer loop
      vertex 44.9466 -12.6512 -9.91821e-05
      vertex 44.9458 -12.7337 -9.91821e-05
      vertex 44.9759 -12.4901 -9.91821e-05
    endloop
  endfacet
  facet normal 0 0 1
    outer loop
      vertex 44.9466 -12.6512 -9.91821e-05
      vertex 44.9039 -12.9755 -9.91821e-05
      vertex 44.9458 -12.7337 -9.91821e-05
    endloop
  endfacet
  facet normal 0 0 1
    outer loop
      vertex 44.8193 -13.2913 -9.91821e-05
      vertex 44.9039 -12.9755 -9.91821e-05
      vertex 44.9466 -12.6512 -9.91821e-05
    endloop
  endfacet
  facet normal 0 0 1
    outer loop
      vertex 44.9039 -12.9755 -9.91821e-05
      vertex 44.8193 -13.2913 -9.91821e-05
      vertex 44.8501 -13.2149 -9.91821e-05
    endloop
  endfacet
  facet normal -0 0 1
    outer loop
      vertex 44.8193 -13.2913 -9.91821e-05
      vertex 44.7847 -13.4514 -9.91821e-05
      vertex 44.8501 -13.2149 -9.91821e-05
    endloop
  endfacet
  facet normal 0 0 1
    outer loop
      vertex 44.8193 -13.2913 -9.91821e-05
      vertex 44.7077 -13.6844 -9.91821e-05
      vertex 44.7847 -13.4514 -9.91821e-05
    endloop
  endfacet
  facet normal 0 0 1
    outer loop
      vertex 44.6095 -13.9093 -9.91821e-05
      vertex 44.7077 -13.6844 -9.91821e-05
      vertex 44.8193 -13.2913 -9.91821e-05
    endloop
  endfacet
  facet normal 0 0 1
    outer loop
      vertex 44.7077 -13.6844 -9.91821e-05
      vertex 44.6095 -13.9093 -9.91821e-05
      vertex 44.6194 -13.9134 -9.91821e-05
    endloop
  endfacet
  facet normal 0 0 1
    outer loop
      vertex 44.6095 -13.9093 -9.91821e-05
      vertex 44.5199 -14.1378 -9.91821e-05
      vertex 44.6194 -13.9134 -9.91821e-05
    endloop
  endfacet
  facet normal 0 0 1
    outer loop
      vertex 44.3209 -14.4946 -9.91821e-05
      vertex 44.5199 -14.1378 -9.91821e-05
      vertex 44.6095 -13.9093 -9.91821e-05
    endloop
  endfacet
  facet normal 0 0 1
    outer loop
      vertex 44.5199 -14.1378 -9.91821e-05
      vertex 44.3209 -14.4946 -9.91821e-05
      vertex 44.4096 -14.357 -9.91821e-05
    endloop
  endfacet
  facet normal -0 0 1
    outer loop
      vertex 44.3209 -14.4946 -9.91821e-05
      vertex 44.2886 -14.5705 -9.91821e-05
      vertex 44.4096 -14.357 -9.91821e-05
    endloop
  endfacet
  facet normal 0 0 1
    outer loop
      vertex 44.3209 -14.4946 -9.91821e-05
      vertex 44.1573 -14.7779 -9.91821e-05
      vertex 44.2886 -14.5705 -9.91821e-05
    endloop
  endfacet
  facet normal 0 0 1
    outer loop
      vertex 43.9583 -15.0373 -9.91821e-05
      vertex 44.1573 -14.7779 -9.91821e-05
      vertex 44.3209 -14.4946 -9.91821e-05
    endloop
  endfacet
  facet normal 0 0 1
    outer loop
      vertex 44.1573 -14.7779 -9.91821e-05
      vertex 43.9583 -15.0373 -9.91821e-05
      vertex 44.016 -14.9785 -9.91821e-05
    endloop
  endfacet
  facet normal -0 0 1
    outer loop
      vertex 43.9583 -15.0373 -9.91821e-05
      vertex 43.865 -15.172 -9.91821e-05
      vertex 44.016 -14.9785 -9.91821e-05
    endloop
  endfacet
  facet normal 0 0 1
    outer loop
      vertex 43.9583 -15.0373 -9.91821e-05
      vertex 43.7047 -15.3578 -9.91821e-05
      vertex 43.865 -15.172 -9.91821e-05
    endloop
  endfacet
  facet normal 0 0 1
    outer loop
      vertex 43.528 -15.528 -9.91821e-05
      vertex 43.7047 -15.3578 -9.91821e-05
      vertex 43.9583 -15.0373 -9.91821e-05
    endloop
  endfacet
  facet normal 0 0 1
    outer loop
      vertex 43.7047 -15.3578 -9.91821e-05
      vertex 43.528 -15.528 -9.91821e-05
      vertex 43.5355 -15.5355 -9.91821e-05
    endloop
  endfacet
  facet normal 0 0 1
    outer loop
      vertex 43.528 -15.528 -9.91821e-05
      vertex 43.3578 -15.7048 -9.91821e-05
      vertex 43.5355 -15.5355 -9.91821e-05
    endloop
  endfacet
  facet normal 0 0 1
    outer loop
      vertex 43.0373 -15.9583 -9.91821e-05
      vertex 43.3578 -15.7048 -9.91821e-05
      vertex 43.528 -15.528 -9.91821e-05
    endloop
  endfacet
  facet normal 0 0 1
    outer loop
      vertex 43.3578 -15.7048 -9.91821e-05
      vertex 43.0373 -15.9583 -9.91821e-05
      vertex 43.1719 -15.8651 -9.91821e-05
    endloop
  endfacet
  facet normal -0 0 1
    outer loop
      vertex 43.0373 -15.9583 -9.91821e-05
      vertex 42.9785 -16.016 -9.91821e-05
      vertex 43.1719 -15.8651 -9.91821e-05
    endloop
  endfacet
  facet normal 0 0 1
    outer loop
      vertex 43.0373 -15.9583 -9.91821e-05
      vertex 42.7778 -16.1573 -9.91821e-05
      vertex 42.9785 -16.016 -9.91821e-05
    endloop
  endfacet
  facet normal 0 0 1
    outer loop
      vertex 42.4946 -16.3209 -9.91821e-05
      vertex 42.7778 -16.1573 -9.91821e-05
      vertex 43.0373 -15.9583 -9.91821e-05
    endloop
  endfacet
  facet normal 0 0 1
    outer loop
      vertex 42.7778 -16.1573 -9.91821e-05
      vertex 42.4946 -16.3209 -9.91821e-05
      vertex 42.5705 -16.2886 -9.91821e-05
    endloop
  endfacet
  facet normal -0 0 1
    outer loop
      vertex 42.4946 -16.3209 -9.91821e-05
      vertex 42.357 -16.4096 -9.91821e-05
      vertex 42.5705 -16.2886 -9.91821e-05
    endloop
  endfacet
  facet normal 0 0 1
    outer loop
      vertex 42.4946 -16.3209 -9.91821e-05
      vertex 42.1377 -16.5199 -9.91821e-05
      vertex 42.357 -16.4096 -9.91821e-05
    endloop
  endfacet
  facet normal 0 0 1
    outer loop
      vertex 41.9093 -16.6095 -9.91821e-05
      vertex 42.1377 -16.5199 -9.91821e-05
      vertex 42.4946 -16.3209 -9.91821e-05
    endloop
  endfacet
  facet normal 0 0 1
    outer loop
      vertex 42.1377 -16.5199 -9.91821e-05
      vertex 41.9093 -16.6095 -9.91821e-05
      vertex 41.9134 -16.6194 -9.91821e-05
    endloop
  endfacet
  facet normal 0 0 1
    outer loop
      vertex 41.9093 -16.6095 -9.91821e-05
      vertex 41.6844 -16.7077 -9.91821e-05
      vertex 41.9134 -16.6194 -9.91821e-05
    endloop
  endfacet
  facet normal 0 0 1
    outer loop
      vertex 41.2913 -16.8193 -9.91821e-05
      vertex 41.6844 -16.7077 -9.91821e-05
      vertex 41.9093 -16.6095 -9.91821e-05
    endloop
  endfacet
  facet normal 0 0 1
    outer loop
      vertex 41.6844 -16.7077 -9.91821e-05
      vertex 41.2913 -16.8193 -9.91821e-05
      vertex 41.4514 -16.7847 -9.91821e-05
    endloop
  endfacet
  facet normal -0 0 1
    outer loop
      vertex 41.2913 -16.8193 -9.91821e-05
      vertex 41.2149 -16.8502 -9.91821e-05
      vertex 41.4514 -16.7847 -9.91821e-05
    endloop
  endfacet
  facet normal 0 0 1
    outer loop
      vertex 41.2913 -16.8193 -9.91821e-05
      vertex 40.9754 -16.9039 -9.91821e-05
      vertex 41.2149 -16.8502 -9.91821e-05
    endloop
  endfacet
  facet normal 0 0 1
    outer loop
      vertex 40.6512 -16.9466 -9.91821e-05
      vertex 40.9754 -16.9039 -9.91821e-05
      vertex 41.2913 -16.8193 -9.91821e-05
    endloop
  endfacet
  facet normal 0 0 1
    outer loop
      vertex 40.9754 -16.9039 -9.91821e-05
      vertex 40.6512 -16.9466 -9.91821e-05
      vertex 40.7336 -16.9459 -9.91821e-05
    endloop
  endfacet
  facet normal -0 0 1
    outer loop
      vertex 40.6512 -16.9466 -9.91821e-05
      vertex 40.4901 -16.9759 -9.91821e-05
      vertex 40.7336 -16.9459 -9.91821e-05
    endloop
  endfacet
  facet normal 0 0 1
    outer loop
      vertex 40.6512 -16.9466 -9.91821e-05
      vertex 40.2453 -16.994 -9.91821e-05
      vertex 40.4901 -16.9759 -9.91821e-05
    endloop
  endfacet
  facet normal -0 0 1
    outer loop
      vertex 40 -16.9893 -9.91821e-05
      vertex 40.2453 -16.994 -9.91821e-05
      vertex 40.6512 -16.9466 -9.91821e-05
    endloop
  endfacet
  facet normal 0 0 1
    outer loop
      vertex 40 -16.9893 -9.91821e-05
      vertex 40 -17 -9.91821e-05
      vertex 40.2453 -16.994 -9.91821e-05
    endloop
  endfacet
  facet normal 0 0 1
    outer loop
      vertex 40 -16.9893 -9.91821e-05
      vertex 39.7546 -16.994 -9.91821e-05
      vertex 40 -17 -9.91821e-05
    endloop
  endfacet
  facet normal 0 0 1
    outer loop
      vertex 39.3488 -16.9466 -9.91821e-05
      vertex 39.7546 -16.994 -9.91821e-05
      vertex 40 -16.9893 -9.91821e-05
    endloop
  endfacet
  facet normal 0 0 1
    outer loop
      vertex 39.7546 -16.994 -9.91821e-05
      vertex 39.3488 -16.9466 -9.91821e-05
      vertex 39.5099 -16.9759 -9.91821e-05
    endloop
  endfacet
  facet normal 0 0 1
    outer loop
      vertex 39.3488 -16.9466 -9.91821e-05
      vertex 39.2663 -16.9459 -9.91821e-05
      vertex 39.5099 -16.9759 -9.91821e-05
    endloop
  endfacet
  facet normal 0 0 1
    outer loop
      vertex 39.3488 -16.9466 -9.91821e-05
      vertex 39.0245 -16.9039 -9.91821e-05
      vertex 39.2663 -16.9459 -9.91821e-05
    endloop
  endfacet
  facet normal 0 0 1
    outer loop
      vertex 38.7087 -16.8193 -9.91821e-05
      vertex 39.0245 -16.9039 -9.91821e-05
      vertex 39.3488 -16.9466 -9.91821e-05
    endloop
  endfacet
  facet normal 0 0 1
    outer loop
      vertex 39.0245 -16.9039 -9.91821e-05
      vertex 38.7087 -16.8193 -9.91821e-05
      vertex 38.7851 -16.8502 -9.91821e-05
    endloop
  endfacet
  facet normal 0 0 1
    outer loop
      vertex 38.7087 -16.8193 -9.91821e-05
      vertex 38.5485 -16.7847 -9.91821e-05
      vertex 38.7851 -16.8502 -9.91821e-05
    endloop
  endfacet
  facet normal 0 0 1
    outer loop
      vertex 38.7087 -16.8193 -9.91821e-05
      vertex 38.3155 -16.7077 -9.91821e-05
      vertex 38.5485 -16.7847 -9.91821e-05
    endloop
  endfacet
  facet normal 0 0 1
    outer loop
      vertex 38.0907 -16.6095 -9.91821e-05
      vertex 38.3155 -16.7077 -9.91821e-05
      vertex 38.7087 -16.8193 -9.91821e-05
    endloop
  endfacet
  facet normal 0 0 1
    outer loop
      vertex 38.0907 -16.6095 -9.91821e-05
      vertex 38.0865 -16.6194 -9.91821e-05
      vertex 38.3155 -16.7077 -9.91821e-05
    endloop
  endfacet
  facet normal 0 0 1
    outer loop
      vertex 38.0907 -16.6095 -9.91821e-05
      vertex 37.8622 -16.5199 -9.91821e-05
      vertex 38.0865 -16.6194 -9.91821e-05
    endloop
  endfacet
  facet normal 0 0 1
    outer loop
      vertex 37.5054 -16.3209 -9.91821e-05
      vertex 37.8622 -16.5199 -9.91821e-05
      vertex 38.0907 -16.6095 -9.91821e-05
    endloop
  endfacet
  facet normal 0 0 1
    outer loop
      vertex 37.8622 -16.5199 -9.91821e-05
      vertex 37.5054 -16.3209 -9.91821e-05
      vertex 37.643 -16.4096 -9.91821e-05
    endloop
  endfacet
  facet normal 0 0 1
    outer loop
      vertex 37.5054 -16.3209 -9.91821e-05
      vertex 37.4295 -16.2886 -9.91821e-05
      vertex 37.643 -16.4096 -9.91821e-05
    endloop
  endfacet
  facet normal 0 0 1
    outer loop
      vertex 37.5054 -16.3209 -9.91821e-05
      vertex 37.2221 -16.1573 -9.91821e-05
      vertex 37.4295 -16.2886 -9.91821e-05
    endloop
  endfacet
  facet normal 0 0 1
    outer loop
      vertex 36.9627 -15.9583 -9.91821e-05
      vertex 37.2221 -16.1573 -9.91821e-05
      vertex 37.5054 -16.3209 -9.91821e-05
    endloop
  endfacet
  facet normal 0 0 1
    outer loop
      vertex 37.2221 -16.1573 -9.91821e-05
      vertex 36.9627 -15.9583 -9.91821e-05
      vertex 37.0215 -16.016 -9.91821e-05
    endloop
  endfacet
  facet normal 0 0 1
    outer loop
      vertex 36.9627 -15.9583 -9.91821e-05
      vertex 36.828 -15.8651 -9.91821e-05
      vertex 37.0215 -16.016 -9.91821e-05
    endloop
  endfacet
  facet normal 0 0 1
    outer loop
      vertex 36.9627 -15.9583 -9.91821e-05
      vertex 36.6422 -15.7048 -9.91821e-05
      vertex 36.828 -15.8651 -9.91821e-05
    endloop
  endfacet
  facet normal 0 0 1
    outer loop
      vertex 36.472 -15.528 -9.91821e-05
      vertex 36.6422 -15.7048 -9.91821e-05
      vertex 36.9627 -15.9583 -9.91821e-05
    endloop
  endfacet
  facet normal 0 0 1
    outer loop
      vertex 36.472 -15.528 -9.91821e-05
      vertex 36.4644 -15.5355 -9.91821e-05
      vertex 36.6422 -15.7048 -9.91821e-05
    endloop
  endfacet
  facet normal 0 0 1
    outer loop
      vertex 36.472 -15.528 -9.91821e-05
      vertex 36.2952 -15.3578 -9.91821e-05
      vertex 36.4644 -15.5355 -9.91821e-05
    endloop
  endfacet
  facet normal 0 0 1
    outer loop
      vertex 36.0417 -15.0373 -9.91821e-05
      vertex 36.2952 -15.3578 -9.91821e-05
      vertex 36.472 -15.528 -9.91821e-05
    endloop
  endfacet
  facet normal 0 0 1
    outer loop
      vertex 36.2952 -15.3578 -9.91821e-05
      vertex 36.0417 -15.0373 -9.91821e-05
      vertex 36.1349 -15.172 -9.91821e-05
    endloop
  endfacet
  facet normal 0 0 1
    outer loop
      vertex 36.0417 -15.0373 -9.91821e-05
      vertex 35.9839 -14.9785 -9.91821e-05
      vertex 36.1349 -15.172 -9.91821e-05
    endloop
  endfacet
  facet normal 0 0 1
    outer loop
      vertex 36.0417 -15.0373 -9.91821e-05
      vertex 35.8426 -14.7779 -9.91821e-05
      vertex 35.9839 -14.9785 -9.91821e-05
    endloop
  endfacet
  facet normal 0 0 1
    outer loop
      vertex 35.6791 -14.4946 -9.91821e-05
      vertex 35.8426 -14.7779 -9.91821e-05
      vertex 36.0417 -15.0373 -9.91821e-05
    endloop
  endfacet
  facet normal 0 0 1
    outer loop
      vertex 35.8426 -14.7779 -9.91821e-05
      vertex 35.6791 -14.4946 -9.91821e-05
      vertex 35.7113 -14.5705 -9.91821e-05
    endloop
  endfacet
  facet normal 0 0 1
    outer loop
      vertex 35.6791 -14.4946 -9.91821e-05
      vertex 35.5904 -14.357 -9.91821e-05
      vertex 35.7113 -14.5705 -9.91821e-05
    endloop
  endfacet
  facet normal 0 0 1
    outer loop
      vertex 35.6791 -14.4946 -9.91821e-05
      vertex 35.48 -14.1378 -9.91821e-05
      vertex 35.5904 -14.357 -9.91821e-05
    endloop
  endfacet
  facet normal 0 0 1
    outer loop
      vertex 35.3905 -13.9093 -9.91821e-05
      vertex 35.48 -14.1378 -9.91821e-05
      vertex 35.6791 -14.4946 -9.91821e-05
    endloop
  endfacet
  facet normal 0 0 1
    outer loop
      vertex 35.3905 -13.9093 -9.91821e-05
      vertex 35.3806 -13.9134 -9.91821e-05
      vertex 35.48 -14.1378 -9.91821e-05
    endloop
  endfacet
  facet normal 0 0 1
    outer loop
      vertex 35.3905 -13.9093 -9.91821e-05
      vertex 35.2922 -13.6844 -9.91821e-05
      vertex 35.3806 -13.9134 -9.91821e-05
    endloop
  endfacet
  facet normal 0 0 1
    outer loop
      vertex 35.1807 -13.2913 -9.91821e-05
      vertex 35.2922 -13.6844 -9.91821e-05
      vertex 35.3905 -13.9093 -9.91821e-05
    endloop
  endfacet
  facet normal 0 0 1
    outer loop
      vertex 35.2922 -13.6844 -9.91821e-05
      vertex 35.1807 -13.2913 -9.91821e-05
      vertex 35.2153 -13.4514 -9.91821e-05
    endloop
  endfacet
  facet normal 0 0 1
    outer loop
      vertex 35.1807 -13.2913 -9.91821e-05
      vertex 35.1498 -13.2149 -9.91821e-05
      vertex 35.2153 -13.4514 -9.91821e-05
    endloop
  endfacet
  facet normal 0 0 1
    outer loop
      vertex 35.1807 -13.2913 -9.91821e-05
      vertex 35.096 -12.9755 -9.91821e-05
      vertex 35.1498 -13.2149 -9.91821e-05
    endloop
  endfacet
  facet normal 0 0 1
    outer loop
      vertex 35.0534 -12.6512 -9.91821e-05
      vertex 35.096 -12.9755 -9.91821e-05
      vertex 35.1807 -13.2913 -9.91821e-05
    endloop
  endfacet
  facet normal 0 0 1
    outer loop
      vertex 35.096 -12.9755 -9.91821e-05
      vertex 35.0534 -12.6512 -9.91821e-05
      vertex 35.0541 -12.7337 -9.91821e-05
    endloop
  endfacet
  facet normal 0 0 1
    outer loop
      vertex 35.0534 -12.6512 -9.91821e-05
      vertex 35.024 -12.4901 -9.91821e-05
      vertex 35.0541 -12.7337 -9.91821e-05
    endloop
  endfacet
  facet normal -0 0 1
    outer loop
      vertex 35.006 -12.2453 -9.91821e-05
      vertex 35.0534 -12.6512 -9.91821e-05
      vertex 35.0107 -12 -9.91821e-05
    endloop
  endfacet
  facet normal 0 0 1
    outer loop
      vertex 35.0534 -12.6512 -9.91821e-05
      vertex 35.006 -12.2453 -9.91821e-05
      vertex 35.024 -12.4901 -9.91821e-05
    endloop
  endfacet
  facet normal 0 0 1
    outer loop
      vertex 35 -12 -9.91821e-05
      vertex 35.0107 -12 -9.91821e-05
      vertex 35.006 -11.7547 -9.91821e-05
    endloop
  endfacet
  facet normal 0 0 1
    outer loop
      vertex 35.0107 -12 -9.91821e-05
      vertex 35 -12 -9.91821e-05
      vertex 35.006 -12.2453 -9.91821e-05
    endloop
  endfacet
  facet normal 0.438405 -0.889289 0.130252
    outer loop
      vertex 38.6269 14.3783 -3.5464
      vertex 38.9308 14.5813 -3.1833
      vertex 38.603 14.4197 -3.1833
    endloop
  endfacet
  facet normal 0.438548 -0.88924 0.130104
    outer loop
      vertex 38.9491 14.5372 -3.5464
      vertex 38.9308 14.5813 -3.1833
      vertex 38.6269 14.3783 -3.5464
    endloop
  endfacet
  facet normal -0.555647 -0.831418 0
    outer loop
      vertex 41.397 14.4197 -3.1833
      vertex 41.7009 14.2166 0
      vertex 41.397 14.4197 0
    endloop
  endfacet
  facet normal -0.555647 -0.831418 -0
    outer loop
      vertex 41.7009 14.2166 0
      vertex 41.397 14.4197 -3.1833
      vertex 41.7009 14.2166 -3.1833
    endloop
  endfacet
  facet normal 0.536711 -0.803256 0.258303
    outer loop
      vertex 38.6743 14.2962 -3.9002
      vertex 38.6269 14.3783 -3.5464
      vertex 38.3859 14.1035 -3.9002
    endloop
  endfacet
  facet normal -0.065393 -0.99786 0
    outer loop
      vertex 40 14.794 -3.1833
      vertex 40.3647 14.7701 0
      vertex 40 14.794 0
    endloop
  endfacet
  facet normal -0.065393 -0.99786 -0
    outer loop
      vertex 40.3647 14.7701 0
      vertex 40 14.794 -3.1833
      vertex 40.3647 14.7701 -3.1833
    endloop
  endfacet
  facet normal 0.726178 -0.637042 0.258542
    outer loop
      vertex 38.1252 13.8748 -3.9002
      vertex 38.0581 13.9419 -3.5464
      vertex 37.8965 13.6141 -3.9002
    endloop
  endfacet
  facet normal 0.99786 -0.065393 0
    outer loop
      vertex 37.206 12 -2.817
      vertex 37.2299 12.3647 0
      vertex 37.206 12 0
    endloop
  endfacet
  facet normal 0.99786 -0.065393 0
    outer loop
      vertex 37.2299 12.3647 0
      vertex 37.206 12 -2.817
      vertex 37.2299 12.3647 -3.1833
    endloop
  endfacet
  facet normal 0.99786 -0.065393 0
    outer loop
      vertex 37.2299 12.3647 -3.1833
      vertex 37.206 12 -2.817
      vertex 37.206 12 -3.1833
    endloop
  endfacet
  facet normal -0.824336 -0.550913 0.130251
    outer loop
      vertex 42.3783 13.3731 -3.5464
      vertex 42.4197 13.397 -3.1833
      vertex 42.2166 13.7009 -3.1833
    endloop
  endfacet
  facet normal 0.195116 -0.98078 0
    outer loop
      vertex 39.2769 14.6988 -3.1833
      vertex 39.6353 14.7701 0
      vertex 39.2769 14.6988 0
    endloop
  endfacet
  facet normal 0.195116 -0.98078 0
    outer loop
      vertex 39.6353 14.7701 0
      vertex 39.2769 14.6988 -3.1833
      vertex 39.6353 14.7701 -3.1833
    endloop
  endfacet
  facet normal 0.55087 -0.824373 0.130196
    outer loop
      vertex 38.3282 14.1787 -3.5464
      vertex 38.6269 14.3783 -3.5464
      vertex 38.2991 14.2166 -3.1833
    endloop
  endfacet
  facet normal 0.972422 -0.193436 0.130299
    outer loop
      vertex 37.2773 12.3584 -3.5464
      vertex 37.3474 12.7108 -3.5464
      vertex 37.2299 12.3647 -3.1833
    endloop
  endfacet
  facet normal 0.659202 -0.751966 0
    outer loop
      vertex 38.0243 13.9757 -3.1833
      vertex 38.2991 14.2166 0
      vertex 38.0243 13.9757 0
    endloop
  endfacet
  facet normal 0.659202 -0.751966 0
    outer loop
      vertex 38.2991 14.2166 0
      vertex 38.0243 13.9757 -3.1833
      vertex 38.2991 14.2166 -3.1833
    endloop
  endfacet
  facet normal 0.318737 -0.938851 0.130254
    outer loop
      vertex 39.2892 14.6526 -3.5464
      vertex 39.2769 14.6988 -3.1833
      vertex 38.9308 14.5813 -3.1833
    endloop
  endfacet
  facet normal 0.831418 -0.555647 0
    outer loop
      vertex 37.5803 13.397 0
      vertex 37.7834 13.7009 -3.1833
      vertex 37.7834 13.7009 0
    endloop
  endfacet
  facet normal 0.831418 -0.555647 0
    outer loop
      vertex 37.7834 13.7009 -3.1833
      vertex 37.5803 13.397 0
      vertex 37.5803 13.397 -3.1833
    endloop
  endfacet
  facet normal -0.745561 -0.653587 0.130243
    outer loop
      vertex 42.2166 13.7009 -3.1833
      vertex 41.9757 13.9757 -3.1833
      vertex 41.9419 13.9419 -3.5464
    endloop
  endfacet
  facet normal -0.438405 -0.889289 0.130252
    outer loop
      vertex 41.3731 14.3783 -3.5464
      vertex 41.397 14.4197 -3.1833
      vertex 41.0692 14.5813 -3.1833
    endloop
  endfacet
  facet normal -0.94693 0.321441 0
    outer loop
      vertex 42.6526 11.1408 -2.6023
      vertex 42.6988 11.2769 0
      vertex 42.6988 11.2769 -2.6984
    endloop
  endfacet
  facet normal -0.946989 0.321265 1.02942e-05
    outer loop
      vertex 42.6988 11.2769 0
      vertex 42.6526 11.1408 -2.6023
      vertex 42.6663 11.1811 0
    endloop
  endfacet
  facet normal -0.94691 0.3215 6.23388e-06
    outer loop
      vertex 42.5813 10.9308 -2.556
      vertex 42.6663 11.1811 0
      vertex 42.6526 11.1408 -2.6023
    endloop
  endfacet
  facet normal -0.946955 0.321368 2.06735e-05
    outer loop
      vertex 42.6663 11.1811 0
      vertex 42.5813 10.9308 -2.556
      vertex 42.6157 11.032 0
    endloop
  endfacet
  facet normal -0.946796 0.321836 0
    outer loop
      vertex 42.5813 10.9308 0
      vertex 42.6157 11.032 0
      vertex 42.5813 10.9308 -2.556
    endloop
  endfacet
  facet normal -0.0654508 0.997856 1.51384e-06
    outer loop
      vertex 40.2694 9.22365 0
      vertex 40.241 9.22179 -1.8428
      vertex 40.1857 9.21816 0
    endloop
  endfacet
  facet normal -0.0649964 0.997886 -9.33629e-07
    outer loop
      vertex 40.2748 9.224 -1.8428
      vertex 40.2694 9.22365 0
      vertex 40.2955 9.22535 0
    endloop
  endfacet
  facet normal -0.0652453 0.997869 -1.66614e-06
    outer loop
      vertex 40.2694 9.22365 0
      vertex 40.2748 9.224 -1.8428
      vertex 40.241 9.22179 -1.8428
    endloop
  endfacet
  facet normal -0.0656098 0.997845 5.98605e-06
    outer loop
      vertex 40.3647 9.2299 0
      vertex 40.2748 9.224 -1.8428
      vertex 40.2955 9.22535 0
    endloop
  endfacet
  facet normal -0.0654876 0.997853 0
    outer loop
      vertex 40.2748 9.224 -1.8428
      vertex 40.3647 9.2299 0
      vertex 40.3647 9.2299 -1.8548
    endloop
  endfacet
  facet normal -0.0654197 0.997858 2.44906e-06
    outer loop
      vertex 40 9.20599 -1.8428
      vertex 40.1857 9.21816 0
      vertex 40.241 9.22179 -1.8428
    endloop
  endfacet
  facet normal -0.0653955 0.997859 0
    outer loop
      vertex 40.1857 9.21816 0
      vertex 40 9.20599 -1.8428
      vertex 40 9.20599 0
    endloop
  endfacet
  facet normal -0.980786 0.195087 0
    outer loop
      vertex 42.7227 11.397 -2.6984
      vertex 42.7701 11.6353 0
      vertex 42.7701 11.6353 -2.817
    endloop
  endfacet
  facet normal -0.980785 0.195093 -5.25814e-07
    outer loop
      vertex 42.7701 11.6353 0
      vertex 42.7227 11.397 -2.6984
      vertex 42.7371 11.4694 0
    endloop
  endfacet
  facet normal -0.980769 0.195174 2.30909e-05
    outer loop
      vertex 42.6988 11.2769 -2.6984
      vertex 42.7155 11.3605 0
      vertex 42.7227 11.397 -2.6984
    endloop
  endfacet
  facet normal -0.980626 0.195891 0
    outer loop
      vertex 42.7155 11.3605 0
      vertex 42.6988 11.2769 -2.6984
      vertex 42.6988 11.2769 0
    endloop
  endfacet
  facet normal -0.980891 0.194557 1.44202e-05
    outer loop
      vertex 42.7371 11.4694 0
      vertex 42.7227 11.397 -2.6984
      vertex 42.7155 11.3605 0
    endloop
  endfacet
  facet normal -0.89693 -0.442172 0
    outer loop
      vertex 42.5813 13.0692 -3.1833
      vertex 42.4197 13.397 0
      vertex 42.4197 13.397 -3.1833
    endloop
  endfacet
  facet normal -0.89693 -0.442172 0
    outer loop
      vertex 42.4197 13.397 0
      vertex 42.5813 13.0692 -3.1833
      vertex 42.5813 13.0692 0
    endloop
  endfacet
  facet normal -0.193453 -0.972421 0.130282
    outer loop
      vertex 40.7108 14.6526 -3.5464
      vertex 40.7231 14.6988 -3.1833
      vertex 40.3647 14.7701 -3.1833
    endloop
  endfacet
  facet normal -0.88924 -0.438548 0.130104
    outer loop
      vertex 42.5372 13.0509 -3.5464
      vertex 42.5813 13.0692 -3.1833
      vertex 42.3783 13.3731 -3.5464
    endloop
  endfacet
  facet normal -0.914806 -0.310599 0.258184
    outer loop
      vertex 42.5611 12.6862 -3.9002
      vertex 42.6526 12.7108 -3.5464
      vertex 42.4496 13.0146 -3.9002
    endloop
  endfacet
  facet normal 0.321398 0.946944 -1.03366e-05
    outer loop
      vertex 39.2137 9.32266 0
      vertex 39.1944 9.32919 -1.8799
      vertex 39.133 9.35005 0
    endloop
  endfacet
  facet normal 0.321527 0.946901 -0
    outer loop
      vertex 39.2769 9.3012 -1.8799
      vertex 39.2137 9.32266 0
      vertex 39.2769 9.3012 0
    endloop
  endfacet
  facet normal 0.321285 0.946982 -9.04902e-06
    outer loop
      vertex 39.2137 9.32266 0
      vertex 39.2769 9.3012 -1.8799
      vertex 39.1944 9.32919 -1.8799
    endloop
  endfacet
  facet normal 0.32141 0.94694 -9.89361e-06
    outer loop
      vertex 39.1944 9.32919 -1.8799
      vertex 38.9435 9.41437 0
      vertex 39.133 9.35005 0
    endloop
  endfacet
  facet normal 0.321423 0.946936 -8.00164e-06
    outer loop
      vertex 38.9435 9.41437 0
      vertex 39.1944 9.32919 -1.8799
      vertex 38.9474 9.41303 -1.9178
    endloop
  endfacet
  facet normal 0.321368 0.946954 -8.12584e-06
    outer loop
      vertex 38.9474 9.41303 -1.9178
      vertex 38.9308 9.41868 0
      vertex 38.9435 9.41437 0
    endloop
  endfacet
  facet normal 0.322209 0.946668 0
    outer loop
      vertex 38.9308 9.41868 0
      vertex 38.9474 9.41303 -1.9178
      vertex 38.9308 9.41868 -1.9233
    endloop
  endfacet
  facet normal 0.980785 0.195093 -5.25814e-07
    outer loop
      vertex 37.2773 11.397 -2.6984
      vertex 37.2299 11.6353 0
      vertex 37.2629 11.4694 0
    endloop
  endfacet
  facet normal 0.980786 0.195087 0
    outer loop
      vertex 37.2299 11.6353 0
      vertex 37.2773 11.397 -2.6984
      vertex 37.2299 11.6353 -2.817
    endloop
  endfacet
  facet normal 0.980719 0.195423 -9.74526e-06
    outer loop
      vertex 37.2846 11.3605 0
      vertex 37.2773 11.397 -2.6984
      vertex 37.2629 11.4694 0
    endloop
  endfacet
  facet normal 0.98085 0.194762 -0
    outer loop
      vertex 37.3012 11.2769 -2.6984
      vertex 37.2846 11.3605 0
      vertex 37.3012 11.2769 0
    endloop
  endfacet
  facet normal 0.980769 0.195174 -1.32554e-05
    outer loop
      vertex 37.2846 11.3605 0
      vertex 37.3012 11.2769 -2.6984
      vertex 37.2773 11.397 -2.6984
    endloop
  endfacet
  facet normal 0.98078 -0.195116 0
    outer loop
      vertex 37.2299 12.3647 0
      vertex 37.3012 12.7231 -3.1833
      vertex 37.3012 12.7231 0
    endloop
  endfacet
  facet normal 0.98078 -0.195116 0
    outer loop
      vertex 37.3012 12.7231 -3.1833
      vertex 37.2299 12.3647 0
      vertex 37.2299 12.3647 -3.1833
    endloop
  endfacet
  facet normal 0.65929 0.751889 0
    outer loop
      vertex 38.2991 9.78337 0
      vertex 38.2991 9.78337 -2.0773
      vertex 38.23 9.84396 0
    endloop
  endfacet
  facet normal 0.659415 0.751779 7.37977e-06
    outer loop
      vertex 38.2991 9.78337 -2.0773
      vertex 38.1202 9.94027 0
      vertex 38.23 9.84396 0
    endloop
  endfacet
  facet normal 0.659414 0.75178 7.13314e-06
    outer loop
      vertex 38.1202 9.94027 0
      vertex 38.2991 9.78337 -2.0773
      vertex 38.153 9.91152 -2.1158
    endloop
  endfacet
  facet normal 0.659026 0.75212 -3.48806e-06
    outer loop
      vertex 38.153 9.91152 -2.1158
      vertex 38.0243 10.0243 0
      vertex 38.1202 9.94027 0
    endloop
  endfacet
  facet normal 0.659059 0.752091 0
    outer loop
      vertex 38.0243 10.0243 0
      vertex 38.153 9.91152 -2.1158
      vertex 38.0243 10.0243 -2.1851
    endloop
  endfacet
  facet normal 0.946989 0.321265 1.02942e-05
    outer loop
      vertex 37.3474 11.1408 -2.6023
      vertex 37.3012 11.2769 0
      vertex 37.3337 11.1811 0
    endloop
  endfacet
  facet normal 0.94693 0.321441 0
    outer loop
      vertex 37.3012 11.2769 0
      vertex 37.3474 11.1408 -2.6023
      vertex 37.3012 11.2769 -2.6984
    endloop
  endfacet
  facet normal 0.94708 0.320997 0
    outer loop
      vertex 37.4187 10.9308 0
      vertex 37.4187 10.9308 -2.556
      vertex 37.3844 11.032 0
    endloop
  endfacet
  facet normal 0.946761 0.321937 -4.15125e-05
    outer loop
      vertex 37.4187 10.9308 -2.556
      vertex 37.3337 11.1811 0
      vertex 37.3844 11.032 0
    endloop
  endfacet
  facet normal 0.94691 0.3215 6.23388e-06
    outer loop
      vertex 37.3337 11.1811 0
      vertex 37.4187 10.9308 -2.556
      vertex 37.3474 11.1408 -2.6023
    endloop
  endfacet
  facet normal -0.318737 -0.938851 0.130254
    outer loop
      vertex 41.0692 14.5813 -3.1833
      vertex 40.7231 14.6988 -3.1833
      vertex 40.7108 14.6526 -3.5464
    endloop
  endfacet
  facet normal 0.297146 -0.875116 0.381937
    outer loop
      vertex 39.35 14.4257 -4.2386
      vertex 39.3138 14.5611 -3.9002
      vertex 39.039 14.3201 -4.2386
    endloop
  endfacet
  facet normal -0.752088 0.659063 0
    outer loop
      vertex 42.1748 10.2514 -2.2547
      vertex 42.2166 10.2991 0
      vertex 42.2166 10.2991 -2.2918
    endloop
  endfacet
  facet normal -0.752843 0.6582 3.22451e-05
    outer loop
      vertex 42.2166 10.2991 0
      vertex 42.1748 10.2514 -2.2547
      vertex 42.186 10.2641 0
    endloop
  endfacet
  facet normal -0.751834 0.659352 2.07462e-05
    outer loop
      vertex 41.9923 10.0433 -2.1897
      vertex 42.186 10.2641 0
      vertex 42.1748 10.2514 -2.2547
    endloop
  endfacet
  facet normal -0.751759 0.659438 5.42078e-06
    outer loop
      vertex 42.186 10.2641 0
      vertex 41.9923 10.0433 -2.1897
      vertex 42.051 10.1102 0
    endloop
  endfacet
  facet normal -0.753057 0.657955 8.55256e-05
    outer loop
      vertex 41.9757 10.0243 -2.1851
      vertex 42.051 10.1102 0
      vertex 41.9923 10.0433 -2.1897
    endloop
  endfacet
  facet normal -0.750925 0.660388 -8.35988e-05
    outer loop
      vertex 42.051 10.1102 0
      vertex 41.9757 10.0243 -2.1851
      vertex 42.0386 10.0961 0
    endloop
  endfacet
  facet normal -0.752187 0.658949 0
    outer loop
      vertex 41.9757 10.0243 0
      vertex 42.0386 10.0961 0
      vertex 41.9757 10.0243 -2.1851
    endloop
  endfacet
  facet normal -0.98078 -0.195116 0
    outer loop
      vertex 42.7701 12.3647 -3.1833
      vertex 42.6988 12.7231 0
      vertex 42.6988 12.7231 -3.1833
    endloop
  endfacet
  facet normal -0.98078 -0.195116 0
    outer loop
      vertex 42.6988 12.7231 0
      vertex 42.7701 12.3647 -3.1833
      vertex 42.7701 12.3647 0
    endloop
  endfacet
  facet normal -0.946918 -0.321476 0
    outer loop
      vertex 42.6988 12.7231 -3.1833
      vertex 42.5813 13.0692 0
      vertex 42.5813 13.0692 -3.1833
    endloop
  endfacet
  facet normal -0.946918 -0.321476 0
    outer loop
      vertex 42.5813 13.0692 0
      vertex 42.6988 12.7231 -3.1833
      vertex 42.6988 12.7231 0
    endloop
  endfacet
  facet normal -0.555449 0.831551 0
    outer loop
      vertex 41.397 9.58032 0
      vertex 41.4713 9.62995 0
      vertex 41.397 9.58032 -2.0002
    endloop
  endfacet
  facet normal -0.555572 0.831468 6.61329e-06
    outer loop
      vertex 41.4867 9.64024 0
      vertex 41.397 9.58032 -2.0002
      vertex 41.4713 9.62995 0
    endloop
  endfacet
  facet normal -0.554894 0.831921 -3.73691e-05
    outer loop
      vertex 41.397 9.58032 -2.0002
      vertex 41.4867 9.64024 0
      vertex 41.4173 9.59386 -2.0037
    endloop
  endfacet
  facet normal -0.555509 0.831511 -6.56984e-06
    outer loop
      vertex 41.6599 9.75595 0
      vertex 41.4173 9.59386 -2.0037
      vertex 41.4867 9.64024 0
    endloop
  endfacet
  facet normal -0.555677 0.831398 2.29365e-05
    outer loop
      vertex 41.4173 9.59386 -2.0037
      vertex 41.6599 9.75595 0
      vertex 41.6462 9.74685 -2.0515
    endloop
  endfacet
  facet normal -0.555916 0.831238 2.52401e-05
    outer loop
      vertex 41.7009 9.78337 0
      vertex 41.6462 9.74685 -2.0515
      vertex 41.6599 9.75595 0
    endloop
  endfacet
  facet normal -0.555261 0.831676 0
    outer loop
      vertex 41.6462 9.74685 -2.0515
      vertex 41.7009 9.78337 0
      vertex 41.7009 9.78337 -2.0773
    endloop
  endfacet
  facet normal 0.609299 -0.694814 0.382085
    outer loop
      vertex 38.4713 13.9923 -4.2386
      vertex 38.3859 14.1035 -3.9002
      vertex 38.2243 13.7757 -4.2386
    endloop
  endfacet
  facet normal 0.972421 -0.193453 0.130282
    outer loop
      vertex 37.3474 12.7108 -3.5464
      vertex 37.3012 12.7231 -3.1833
      vertex 37.2299 12.3647 -3.1833
    endloop
  endfacet
  facet normal 0.914806 -0.310599 0.258184
    outer loop
      vertex 37.4389 12.6862 -3.9002
      vertex 37.5504 13.0146 -3.9002
      vertex 37.3474 12.7108 -3.5464
    endloop
  endfacet
  facet normal 0.751778 0.659417 -1.32418e-05
    outer loop
      vertex 37.8252 10.2514 -2.2547
      vertex 37.7834 10.2991 0
      vertex 37.8141 10.2641 0
    endloop
  endfacet
  facet normal 0.752088 0.659063 0
    outer loop
      vertex 37.7834 10.2991 0
      vertex 37.8252 10.2514 -2.2547
      vertex 37.7834 10.2991 -2.2918
    endloop
  endfacet
  facet normal 0.751759 0.659438 -2.89108e-05
    outer loop
      vertex 38.0077 10.0433 -2.1897
      vertex 37.8141 10.2641 0
      vertex 37.9491 10.1102 0
    endloop
  endfacet
  facet normal 0.75184 0.659346 -1.25406e-05
    outer loop
      vertex 37.8141 10.2641 0
      vertex 38.0077 10.0433 -2.1897
      vertex 37.8252 10.2514 -2.2547
    endloop
  endfacet
  facet normal 0.752187 0.658949 0
    outer loop
      vertex 38.0243 10.0243 0
      vertex 38.0243 10.0243 -2.1851
      vertex 37.9614 10.0961 0
    endloop
  endfacet
  facet normal 0.753569 0.657369 9.172e-05
    outer loop
      vertex 38.0243 10.0243 -2.1851
      vertex 37.9491 10.1102 0
      vertex 37.9614 10.0961 0
    endloop
  endfacet
  facet normal 0.753061 0.65795 5.13875e-05
    outer loop
      vertex 37.9491 10.1102 0
      vertex 38.0243 10.0243 -2.1851
      vertex 38.0077 10.0433 -2.1897
    endloop
  endfacet
  facet normal 0.442591 0.896723 0
    outer loop
      vertex 38.9308 9.41868 0
      vertex 38.9308 9.41868 -1.9233
      vertex 38.8531 9.45703 0
    endloop
  endfacet
  facet normal 0.44217 0.896931 -2.11868e-05
    outer loop
      vertex 38.9308 9.41868 -1.9233
      vertex 38.6907 9.53709 0
      vertex 38.8531 9.45703 0
    endloop
  endfacet
  facet normal 0.442306 0.896864 5.80358e-08
    outer loop
      vertex 38.6907 9.53709 0
      vertex 38.9308 9.41868 -1.9233
      vertex 38.7185 9.52338 -1.9605
    endloop
  endfacet
  facet normal 0.442134 0.896949 -2.98921e-06
    outer loop
      vertex 38.7185 9.52338 -1.9605
      vertex 38.603 9.58032 0
      vertex 38.6907 9.53709 0
    endloop
  endfacet
  facet normal 0.442174 0.896929 0
    outer loop
      vertex 38.603 9.58032 0
      vertex 38.7185 9.52338 -1.9605
      vertex 38.603 9.58032 -2.0002
    endloop
  endfacet
  facet normal -0.889289 -0.438405 0.130252
    outer loop
      vertex 42.5813 13.0692 -3.1833
      vertex 42.4197 13.397 -3.1833
      vertex 42.3783 13.3731 -3.5464
    endloop
  endfacet
  facet normal -0.536711 -0.803256 0.258303
    outer loop
      vertex 41.6141 14.1035 -3.9002
      vertex 41.3731 14.3783 -3.5464
      vertex 41.3257 14.2962 -3.9002
    endloop
  endfacet
  facet normal -0.751966 -0.659202 0
    outer loop
      vertex 42.2166 13.7009 -3.1833
      vertex 41.9757 13.9757 0
      vertex 41.9757 13.9757 -3.1833
    endloop
  endfacet
  facet normal -0.751966 -0.659202 0
    outer loop
      vertex 41.9757 13.9757 0
      vertex 42.2166 13.7009 -3.1833
      vertex 42.2166 13.7009 0
    endloop
  endfacet
  facet normal -0.831535 0.555472 0
    outer loop
      vertex 42.3201 10.4539 -2.3468
      vertex 42.4197 10.603 0
      vertex 42.4197 10.603 -2.4167
    endloop
  endfacet
  facet normal -0.831577 0.55541 5.70361e-06
    outer loop
      vertex 42.4197 10.603 0
      vertex 42.3201 10.4539 -2.3468
      vertex 42.3475 10.4949 0
    endloop
  endfacet
  facet normal -0.831307 0.555814 -4.5029e-06
    outer loop
      vertex 42.2166 10.2991 -2.2918
      vertex 42.3475 10.4949 0
      vertex 42.3201 10.4539 -2.3468
    endloop
  endfacet
  facet normal -0.831487 0.555544 2.88076e-05
    outer loop
      vertex 42.3475 10.4949 0
      vertex 42.2166 10.2991 -2.2918
      vertex 42.2716 10.3813 0
    endloop
  endfacet
  facet normal -0.831116 0.556099 0
    outer loop
      vertex 42.2166 10.2991 0
      vertex 42.2716 10.3813 0
      vertex 42.2166 10.2991 -2.2918
    endloop
  endfacet
  facet normal -0.99786 -0.065393 -0
    outer loop
      vertex 42.794 12 -2.817
      vertex 42.7701 12.3647 -3.1833
      vertex 42.794 12 -3.1833
    endloop
  endfacet
  facet normal -0.99786 -0.065393 0
    outer loop
      vertex 42.7701 12.3647 -3.1833
      vertex 42.794 12 -2.817
      vertex 42.7701 12.3647 0
    endloop
  endfacet
  facet normal -0.99786 -0.065393 0
    outer loop
      vertex 42.7701 12.3647 0
      vertex 42.794 12 -2.817
      vertex 42.794 12 0
    endloop
  endfacet
  facet normal -0.938924 -0.318588 0.130093
    outer loop
      vertex 42.6526 12.7108 -3.5464
      vertex 42.5813 13.0692 -3.1833
      vertex 42.5372 13.0509 -3.5464
    endloop
  endfacet
  facet normal -0.831418 -0.555647 0
    outer loop
      vertex 42.4197 13.397 -3.1833
      vertex 42.2166 13.7009 0
      vertex 42.2166 13.7009 -3.1833
    endloop
  endfacet
  facet normal -0.831418 -0.555647 0
    outer loop
      vertex 42.2166 13.7009 0
      vertex 42.4197 13.397 -3.1833
      vertex 42.4197 13.397 0
    endloop
  endfacet
  facet normal -0.65929 0.751889 0
    outer loop
      vertex 41.7009 9.78337 0
      vertex 41.77 9.84396 0
      vertex 41.7009 9.78337 -2.0773
    endloop
  endfacet
  facet normal -0.659415 0.751779 7.37977e-06
    outer loop
      vertex 41.8798 9.94027 0
      vertex 41.7009 9.78337 -2.0773
      vertex 41.77 9.84396 0
    endloop
  endfacet
  facet normal -0.659414 0.75178 7.13314e-06
    outer loop
      vertex 41.7009 9.78337 -2.0773
      vertex 41.8798 9.94027 0
      vertex 41.847 9.91152 -2.1158
    endloop
  endfacet
  facet normal -0.659026 0.75212 -3.48806e-06
    outer loop
      vertex 41.9757 10.0243 0
      vertex 41.847 9.91152 -2.1158
      vertex 41.8798 9.94027 0
    endloop
  endfacet
  facet normal -0.659059 0.752091 0
    outer loop
      vertex 41.847 9.91152 -2.1158
      vertex 41.9757 10.0243 0
      vertex 41.9757 10.0243 -2.1851
    endloop
  endfacet
  facet normal 0.297124 -0.875116 0.381954
    outer loop
      vertex 39.039 14.3201 -4.2386
      vertex 39.3138 14.5611 -3.9002
      vertex 38.9854 14.4496 -3.9002
    endloop
  endfacet
  facet normal 0.19349 -0.972418 0.130246
    outer loop
      vertex 39.6415 14.7227 -3.5464
      vertex 39.6353 14.7701 -3.1833
      vertex 39.2892 14.6526 -3.5464
    endloop
  endfacet
  facet normal -0.188528 -0.94748 0.25834
    outer loop
      vertex 40.7108 14.6526 -3.5464
      vertex 40.3585 14.7227 -3.5464
      vertex 40.3461 14.6287 -3.9002
    endloop
  endfacet
  facet normal 0.88924 -0.438548 0.130104
    outer loop
      vertex 37.4628 13.0509 -3.5464
      vertex 37.6217 13.3731 -3.5464
      vertex 37.4187 13.0692 -3.1833
    endloop
  endfacet
  facet normal 0.938851 -0.318737 0.130254
    outer loop
      vertex 37.3474 12.7108 -3.5464
      vertex 37.4187 13.0692 -3.1833
      vertex 37.3012 12.7231 -3.1833
    endloop
  endfacet
  facet normal 0.751966 -0.659202 0
    outer loop
      vertex 37.7834 13.7009 0
      vertex 38.0243 13.9757 -3.1833
      vertex 38.0243 13.9757 0
    endloop
  endfacet
  facet normal 0.751966 -0.659202 0
    outer loop
      vertex 38.0243 13.9757 -3.1833
      vertex 37.7834 13.7009 0
      vertex 37.7834 13.7009 -3.1833
    endloop
  endfacet
  facet normal 0.803242 -0.53675 0.258265
    outer loop
      vertex 37.8965 13.6141 -3.9002
      vertex 37.8213 13.6718 -3.5464
      vertex 37.6217 13.3731 -3.5464
    endloop
  endfacet
  facet normal 0.555966 0.831205 0
    outer loop
      vertex 38.603 9.58032 0
      vertex 38.603 9.58032 -2.0002
      vertex 38.5288 9.62995 0
    endloop
  endfacet
  facet normal 0.553087 0.833124 -0.000154435
    outer loop
      vertex 38.603 9.58032 -2.0002
      vertex 38.5133 9.64024 0
      vertex 38.5288 9.62995 0
    endloop
  endfacet
  facet normal 0.554894 0.831921 -3.73691e-05
    outer loop
      vertex 38.5133 9.64024 0
      vertex 38.603 9.58032 -2.0002
      vertex 38.5827 9.59386 -2.0037
    endloop
  endfacet
  facet normal 0.555731 0.831362 4.54463e-06
    outer loop
      vertex 38.5827 9.59386 -2.0037
      vertex 38.3402 9.75595 0
      vertex 38.5133 9.64024 0
    endloop
  endfacet
  facet normal 0.555681 0.831396 -4.11244e-06
    outer loop
      vertex 38.3402 9.75595 0
      vertex 38.5827 9.59386 -2.0037
      vertex 38.3538 9.74685 -2.0515
    endloop
  endfacet
  facet normal 0.55498 0.831863 -1.08328e-05
    outer loop
      vertex 38.3538 9.74685 -2.0515
      vertex 38.2991 9.78337 0
      vertex 38.3402 9.75595 0
    endloop
  endfacet
  facet normal 0.555261 0.831676 0
    outer loop
      vertex 38.2991 9.78337 0
      vertex 38.3538 9.74685 -2.0515
      vertex 38.2991 9.78337 -2.0773
    endloop
  endfacet
  facet normal 0.065393 -0.99786 0
    outer loop
      vertex 39.6353 14.7701 -3.1833
      vertex 40 14.794 0
      vertex 39.6353 14.7701 0
    endloop
  endfacet
  facet normal 0.065393 -0.99786 0
    outer loop
      vertex 40 14.794 0
      vertex 39.6353 14.7701 -3.1833
      vertex 40 14.794 -3.1833
    endloop
  endfacet
  facet normal 0.065373 0.997861 3.10162e-07
    outer loop
      vertex 39.8144 9.21816 0
      vertex 39.759 9.22179 -1.8428
      vertex 39.7306 9.22365 0
    endloop
  endfacet
  facet normal 0.0654306 0.997857 -0
    outer loop
      vertex 40 9.20599 -1.8428
      vertex 39.8144 9.21816 0
      vertex 40 9.20599 0
    endloop
  endfacet
  facet normal 0.0654197 0.997858 -1.10095e-06
    outer loop
      vertex 39.8144 9.21816 0
      vertex 40 9.20599 -1.8428
      vertex 39.759 9.22179 -1.8428
    endloop
  endfacet
  facet normal 0.0652453 0.997869 -1.66614e-06
    outer loop
      vertex 39.7252 9.224 -1.8428
      vertex 39.7306 9.22365 0
      vertex 39.759 9.22179 -1.8428
    endloop
  endfacet
  facet normal 0.0652453 0.997869 -1.66614e-06
    outer loop
      vertex 39.7306 9.22365 0
      vertex 39.7252 9.224 -1.8428
      vertex 39.7046 9.22535 0
    endloop
  endfacet
  facet normal 0.0655155 0.997852 1.36739e-06
    outer loop
      vertex 39.7252 9.224 -1.8428
      vertex 39.6353 9.2299 0
      vertex 39.7046 9.22535 0
    endloop
  endfacet
  facet normal 0.0654876 0.997853 0
    outer loop
      vertex 39.6353 9.2299 0
      vertex 39.7252 9.224 -1.8428
      vertex 39.6353 9.2299 -1.8548
    endloop
  endfacet
  facet normal 0.195204 0.980763 -5.15982e-06
    outer loop
      vertex 39.4967 9.25746 0
      vertex 39.4551 9.26573 -1.8548
      vertex 39.414 9.27392 0
    endloop
  endfacet
  facet normal 0.195027 0.980798 -0
    outer loop
      vertex 39.6353 9.2299 -1.8548
      vertex 39.4967 9.25746 0
      vertex 39.6353 9.2299 0
    endloop
  endfacet
  facet normal 0.195017 0.9808 -8.04043e-07
    outer loop
      vertex 39.4967 9.25746 0
      vertex 39.6353 9.2299 -1.8548
      vertex 39.4551 9.26573 -1.8548
    endloop
  endfacet
  facet normal 0.195153 0.980773 -6.32911e-06
    outer loop
      vertex 39.4551 9.26573 -1.8548
      vertex 39.2769 9.3012 0
      vertex 39.414 9.27392 0
    endloop
  endfacet
  facet normal 0.195216 0.98076 0
    outer loop
      vertex 39.2769 9.3012 0
      vertex 39.4551 9.26573 -1.8548
      vertex 39.2769 9.3012 -1.8799
    endloop
  endfacet
  facet normal -0.195116 -0.98078 0
    outer loop
      vertex 40.3647 14.7701 -3.1833
      vertex 40.7231 14.6988 0
      vertex 40.3647 14.7701 0
    endloop
  endfacet
  facet normal -0.195116 -0.98078 -0
    outer loop
      vertex 40.7231 14.6988 0
      vertex 40.3647 14.7701 -3.1833
      vertex 40.7231 14.6988 -3.1833
    endloop
  endfacet
  facet normal -0.726428 -0.636868 0.258266
    outer loop
      vertex 42.1035 13.6141 -3.9002
      vertex 42.1787 13.6718 -3.5464
      vertex 41.9419 13.9419 -3.5464
    endloop
  endfacet
  facet normal -0.659202 -0.751966 0
    outer loop
      vertex 41.7009 14.2166 -3.1833
      vertex 41.9757 13.9757 0
      vertex 41.7009 14.2166 0
    endloop
  endfacet
  facet normal -0.659202 -0.751966 -0
    outer loop
      vertex 41.9757 13.9757 0
      vertex 41.7009 14.2166 -3.1833
      vertex 41.9757 13.9757 -3.1833
    endloop
  endfacet
  facet normal -0.653587 -0.745561 0.130243
    outer loop
      vertex 41.9419 13.9419 -3.5464
      vertex 41.9757 13.9757 -3.1833
      vertex 41.7009 14.2166 -3.1833
    endloop
  endfacet
  facet normal -0.897463 0.441089 0
    outer loop
      vertex 42.5611 10.8897 -2.5242
      vertex 42.5813 10.9308 0
      vertex 42.5813 10.9308 -2.556
    endloop
  endfacet
  facet normal -0.898088 0.439817 2.57096e-05
    outer loop
      vertex 42.5813 10.9308 0
      vertex 42.5611 10.8897 -2.5242
      vertex 42.567 10.9016 0
    endloop
  endfacet
  facet normal -0.896871 0.442292 1.11964e-05
    outer loop
      vertex 42.4496 10.6636 -2.4218
      vertex 42.567 10.9016 0
      vertex 42.5611 10.8897 -2.5242
    endloop
  endfacet
  facet normal -0.896838 0.442359 3.00258e-06
    outer loop
      vertex 42.567 10.9016 0
      vertex 42.4496 10.6636 -2.4218
      vertex 42.4867 10.7388 0
    endloop
  endfacet
  facet normal -0.896782 0.442472 -1.3408e-06
    outer loop
      vertex 42.4197 10.603 -2.4167
      vertex 42.4867 10.7388 0
      vertex 42.4496 10.6636 -2.4218
    endloop
  endfacet
  facet normal -0.896469 0.443106 -4.56682e-05
    outer loop
      vertex 42.4867 10.7388 0
      vertex 42.4197 10.603 -2.4167
      vertex 42.4651 10.6951 0
    endloop
  endfacet
  facet normal -0.896945 0.442142 0
    outer loop
      vertex 42.4197 10.603 0
      vertex 42.4651 10.6951 0
      vertex 42.4197 10.603 -2.4167
    endloop
  endfacet
  facet normal -0.99786 0.065393 0
    outer loop
      vertex 42.7701 11.6353 -2.817
      vertex 42.794 12 0
      vertex 42.794 12 -2.817
    endloop
  endfacet
  facet normal -0.99786 0.065393 0
    outer loop
      vertex 42.794 12 0
      vertex 42.7701 11.6353 -2.817
      vertex 42.7701 11.6353 0
    endloop
  endfacet
  facet normal -0.571362 -0.651319 0.499329
    outer loop
      vertex 41.6462 13.6462 -4.5557
      vertex 41.7757 13.7757 -4.2386
      vertex 41.4173 13.847 -4.5557
    endloop
  endfacet
  facet normal -0.824373 -0.55087 0.130196
    outer loop
      vertex 42.3783 13.3731 -3.5464
      vertex 42.2166 13.7009 -3.1833
      vertex 42.1787 13.6718 -3.5464
    endloop
  endfacet
  facet normal -0.803242 -0.53675 0.258265
    outer loop
      vertex 42.3783 13.3731 -3.5464
      vertex 42.1787 13.6718 -3.5464
      vertex 42.1035 13.6141 -3.9002
    endloop
  endfacet
  facet normal -0.866413 -0.427291 0.258362
    outer loop
      vertex 42.4496 13.0146 -3.9002
      vertex 42.5372 13.0509 -3.5464
      vertex 42.3783 13.3731 -3.5464
    endloop
  endfacet
  facet normal -0.768363 -0.513461 0.382067
    outer loop
      vertex 42.1748 13.2556 -4.2386
      vertex 42.1035 13.6141 -3.9002
      vertex 41.9923 13.5287 -4.2386
    endloop
  endfacet
  facet normal 0.321476 -0.946918 0
    outer loop
      vertex 38.9308 14.5813 -3.1833
      vertex 39.2769 14.6988 0
      vertex 38.9308 14.5813 0
    endloop
  endfacet
  facet normal 0.321476 -0.946918 0
    outer loop
      vertex 39.2769 14.6988 0
      vertex 38.9308 14.5813 -3.1833
      vertex 39.2769 14.6988 -3.1833
    endloop
  endfacet
  facet normal 0.653622 -0.745537 0.130202
    outer loop
      vertex 38.3282 14.1787 -3.5464
      vertex 38.2991 14.2166 -3.1833
      vertex 38.0581 13.9419 -3.5464
    endloop
  endfacet
  facet normal 0.53675 -0.803242 0.258265
    outer loop
      vertex 38.3859 14.1035 -3.9002
      vertex 38.6269 14.3783 -3.5464
      vertex 38.3282 14.1787 -3.5464
    endloop
  endfacet
  facet normal -0.19349 -0.972418 0.130246
    outer loop
      vertex 40.7108 14.6526 -3.5464
      vertex 40.3647 14.7701 -3.1833
      vertex 40.3585 14.7227 -3.5464
    endloop
  endfacet
  facet normal -0.866456 -0.42724 0.258302
    outer loop
      vertex 42.4496 13.0146 -3.9002
      vertex 42.3783 13.3731 -3.5464
      vertex 42.2962 13.3257 -3.9002
    endloop
  endfacet
  facet normal 0.31041 -0.914821 0.258356
    outer loop
      vertex 38.9854 14.4496 -3.9002
      vertex 39.2892 14.6526 -3.5464
      vertex 38.9491 14.5372 -3.5464
    endloop
  endfacet
  facet normal 0.310599 -0.914806 0.258184
    outer loop
      vertex 39.3138 14.5611 -3.9002
      vertex 39.2892 14.6526 -3.5464
      vertex 38.9854 14.4496 -3.9002
    endloop
  endfacet
  facet normal -0.0604888 -0.922255 0.381821
    outer loop
      vertex 40.3278 14.4898 -4.2386
      vertex 40.3461 14.6287 -3.9002
      vertex 40 14.6514 -3.9002
    endloop
  endfacet
  facet normal 0.938924 -0.318588 0.130093
    outer loop
      vertex 37.4628 13.0509 -3.5464
      vertex 37.4187 13.0692 -3.1833
      vertex 37.3474 12.7108 -3.5464
    endloop
  endfacet
  facet normal 0.99786 0.065393 0
    outer loop
      vertex 37.2299 11.6353 0
      vertex 37.206 12 -2.817
      vertex 37.206 12 0
    endloop
  endfacet
  facet normal 0.99786 0.065393 0
    outer loop
      vertex 37.206 12 -2.817
      vertex 37.2299 11.6353 0
      vertex 37.2299 11.6353 -2.817
    endloop
  endfacet
  facet normal 0.889289 -0.438405 0.130252
    outer loop
      vertex 37.6217 13.3731 -3.5464
      vertex 37.5803 13.397 -3.1833
      vertex 37.4187 13.0692 -3.1833
    endloop
  endfacet
  facet normal 0.824336 -0.550913 0.130251
    outer loop
      vertex 37.6217 13.3731 -3.5464
      vertex 37.7834 13.7009 -3.1833
      vertex 37.5803 13.397 -3.1833
    endloop
  endfacet
  facet normal 0.824373 -0.55087 0.130196
    outer loop
      vertex 37.8213 13.6718 -3.5464
      vertex 37.7834 13.7009 -3.1833
      vertex 37.6217 13.3731 -3.5464
    endloop
  endfacet
  facet normal -0.828896 -0.408719 0.381943
    outer loop
      vertex 42.3201 12.961 -4.2386
      vertex 42.4496 13.0146 -3.9002
      vertex 42.2962 13.3257 -3.9002
    endloop
  endfacet
  facet normal -0.278571 -0.820412 0.499322
    outer loop
      vertex 40.961 14.3201 -4.2386
      vertex 40.65 14.4257 -4.2386
      vertex 40.6026 14.2488 -4.5557
    endloop
  endfacet
  facet normal -0.914821 -0.31041 0.258356
    outer loop
      vertex 42.6526 12.7108 -3.5464
      vertex 42.5372 13.0509 -3.5464
      vertex 42.4496 13.0146 -3.9002
    endloop
  endfacet
  facet normal -0.938851 -0.318737 0.130254
    outer loop
      vertex 42.6526 12.7108 -3.5464
      vertex 42.6988 12.7231 -3.1833
      vertex 42.5813 13.0692 -3.1833
    endloop
  endfacet
  facet normal -0.745537 -0.653622 0.130202
    outer loop
      vertex 42.1787 13.6718 -3.5464
      vertex 42.2166 13.7009 -3.1833
      vertex 41.9419 13.9419 -3.5464
    endloop
  endfacet
  facet normal 0.550913 -0.824336 0.130251
    outer loop
      vertex 38.6269 14.3783 -3.5464
      vertex 38.603 14.4197 -3.1833
      vertex 38.2991 14.2166 -3.1833
    endloop
  endfacet
  facet normal 0.555647 -0.831418 0
    outer loop
      vertex 38.2991 14.2166 -3.1833
      vertex 38.603 14.4197 0
      vertex 38.2991 14.2166 0
    endloop
  endfacet
  facet normal 0.555647 -0.831418 0
    outer loop
      vertex 38.603 14.4197 0
      vertex 38.2991 14.2166 -3.1833
      vertex 38.603 14.4197 -3.1833
    endloop
  endfacet
  facet normal 0.636868 -0.726428 0.258266
    outer loop
      vertex 38.3859 14.1035 -3.9002
      vertex 38.3282 14.1787 -3.5464
      vertex 38.0581 13.9419 -3.5464
    endloop
  endfacet
  facet normal 0.637042 -0.726178 0.258542
    outer loop
      vertex 38.1252 13.8748 -3.9002
      vertex 38.3859 14.1035 -3.9002
      vertex 38.0581 13.9419 -3.5464
    endloop
  endfacet
  facet normal 0.180181 -0.9065 0.381827
    outer loop
      vertex 39.6722 14.4898 -4.2386
      vertex 39.6539 14.6287 -3.9002
      vertex 39.3138 14.5611 -3.9002
    endloop
  endfacet
  facet normal 0.768363 -0.513461 0.382067
    outer loop
      vertex 38.0077 13.5287 -4.2386
      vertex 37.8965 13.6141 -3.9002
      vertex 37.8252 13.2556 -4.2386
    endloop
  endfacet
  facet normal 0.0564455 -0.864618 0.499248
    outer loop
      vertex 40 14.3281 -4.5557
      vertex 40 14.5112 -4.2386
      vertex 39.6722 14.4898 -4.2386
    endloop
  endfacet
  facet normal -0.513427 -0.768409 0.382022
    outer loop
      vertex 41.6141 14.1035 -3.9002
      vertex 41.3257 14.2962 -3.9002
      vertex 41.2556 14.1748 -4.2386
    endloop
  endfacet
  facet normal -0.31041 -0.914821 0.258356
    outer loop
      vertex 41.0146 14.4496 -3.9002
      vertex 41.0509 14.5372 -3.5464
      vertex 40.7108 14.6526 -3.5464
    endloop
  endfacet
  facet normal 0.0632264 -0.963994 0.2583
    outer loop
      vertex 40 14.6514 -3.9002
      vertex 40 14.7462 -3.5464
      vertex 39.6539 14.6287 -3.9002
    endloop
  endfacet
  facet normal -0.188343 -0.947567 0.258156
    outer loop
      vertex 40.6862 14.5611 -3.9002
      vertex 40.7108 14.6526 -3.5464
      vertex 40.3461 14.6287 -3.9002
    endloop
  endfacet
  facet normal 0.42724 -0.866456 0.258302
    outer loop
      vertex 38.6743 14.2962 -3.9002
      vertex 38.9854 14.4496 -3.9002
      vertex 38.6269 14.3783 -3.5464
    endloop
  endfacet
  facet normal 0.408719 -0.828896 0.381943
    outer loop
      vertex 39.039 14.3201 -4.2386
      vertex 38.9854 14.4496 -3.9002
      vertex 38.6743 14.2962 -3.9002
    endloop
  endfacet
  facet normal 0.318588 -0.938924 0.130093
    outer loop
      vertex 38.9491 14.5372 -3.5464
      vertex 39.2892 14.6526 -3.5464
      vertex 38.9308 14.5813 -3.1833
    endloop
  endfacet
  facet normal 0.427291 -0.866413 0.258362
    outer loop
      vertex 38.9854 14.4496 -3.9002
      vertex 38.9491 14.5372 -3.5464
      vertex 38.6269 14.3783 -3.5464
    endloop
  endfacet
  facet normal 0.914821 -0.31041 0.258356
    outer loop
      vertex 37.5504 13.0146 -3.9002
      vertex 37.4628 13.0509 -3.5464
      vertex 37.3474 12.7108 -3.5464
    endloop
  endfacet
  facet normal 0.89693 -0.442172 0
    outer loop
      vertex 37.4187 13.0692 0
      vertex 37.5803 13.397 -3.1833
      vertex 37.5803 13.397 0
    endloop
  endfacet
  facet normal 0.89693 -0.442172 0
    outer loop
      vertex 37.5803 13.397 -3.1833
      vertex 37.4187 13.0692 0
      vertex 37.4187 13.0692 -3.1833
    endloop
  endfacet
  facet normal 0.946918 -0.321476 0
    outer loop
      vertex 37.3012 12.7231 0
      vertex 37.4187 13.0692 -3.1833
      vertex 37.4187 13.0692 0
    endloop
  endfacet
  facet normal 0.946918 -0.321476 0
    outer loop
      vertex 37.4187 13.0692 -3.1833
      vertex 37.3012 12.7231 0
      vertex 37.3012 12.7231 -3.1833
    endloop
  endfacet
  facet normal -0.321398 0.946944 6.75997e-06
    outer loop
      vertex 40.8671 9.35005 0
      vertex 40.8056 9.32919 -1.8799
      vertex 40.7864 9.32266 0
    endloop
  endfacet
  facet normal -0.32141 0.94694 7.20357e-06
    outer loop
      vertex 41.0566 9.41437 0
      vertex 40.8056 9.32919 -1.8799
      vertex 40.8671 9.35005 0
    endloop
  endfacet
  facet normal -0.32142 0.946937 8.75298e-06
    outer loop
      vertex 40.8056 9.32919 -1.8799
      vertex 41.0566 9.41437 0
      vertex 41.0526 9.41303 -1.9178
    endloop
  endfacet
  facet normal -0.323652 0.946176 1.39395e-05
    outer loop
      vertex 41.0692 9.41868 0
      vertex 41.0526 9.41303 -1.9178
      vertex 41.0566 9.41437 0
    endloop
  endfacet
  facet normal -0.322209 0.946668 0
    outer loop
      vertex 41.0526 9.41303 -1.9178
      vertex 41.0692 9.41868 0
      vertex 41.0692 9.41868 -1.9233
    endloop
  endfacet
  facet normal -0.321285 0.946982 8.04154e-06
    outer loop
      vertex 40.7231 9.3012 -1.8799
      vertex 40.7864 9.32266 0
      vertex 40.8056 9.32919 -1.8799
    endloop
  endfacet
  facet normal -0.321071 0.947055 0
    outer loop
      vertex 40.7864 9.32266 0
      vertex 40.7231 9.3012 -1.8799
      vertex 40.7231 9.3012 0
    endloop
  endfacet
  facet normal -0.972421 -0.193453 0.130282
    outer loop
      vertex 42.7701 12.3647 -3.1833
      vertex 42.6988 12.7231 -3.1833
      vertex 42.6526 12.7108 -3.5464
    endloop
  endfacet
  facet normal 0.745561 -0.653587 0.130243
    outer loop
      vertex 38.0581 13.9419 -3.5464
      vertex 38.0243 13.9757 -3.1833
      vertex 37.7834 13.7009 -3.1833
    endloop
  endfacet
  facet normal 0.653587 -0.745561 0.130243
    outer loop
      vertex 38.0581 13.9419 -3.5464
      vertex 38.2991 14.2166 -3.1833
      vertex 38.0243 13.9757 -3.1833
    endloop
  endfacet
  facet normal 0.694814 -0.609299 0.382085
    outer loop
      vertex 38.0077 13.5287 -4.2386
      vertex 38.2243 13.7757 -4.2386
      vertex 37.8965 13.6141 -3.9002
    endloop
  endfacet
  facet normal 0.651319 -0.571362 0.499329
    outer loop
      vertex 38.3538 13.6462 -4.5557
      vertex 38.2243 13.7757 -4.2386
      vertex 38.153 13.4173 -4.5557
    endloop
  endfacet
  facet normal 0.481421 -0.720417 0.499233
    outer loop
      vertex 38.5827 13.847 -4.5557
      vertex 38.7444 14.1748 -4.2386
      vertex 38.4713 13.9923 -4.2386
    endloop
  endfacet
  facet normal -0.550913 -0.824336 0.130251
    outer loop
      vertex 41.7009 14.2166 -3.1833
      vertex 41.397 14.4197 -3.1833
      vertex 41.3731 14.3783 -3.5464
    endloop
  endfacet
  facet normal -0.53675 -0.803242 0.258265
    outer loop
      vertex 41.6141 14.1035 -3.9002
      vertex 41.6718 14.1787 -3.5464
      vertex 41.3731 14.3783 -3.5464
    endloop
  endfacet
  facet normal 0.351158 -0.712118 0.607928
    outer loop
      vertex 38.9474 13.8231 -4.8463
      vertex 39.1944 13.9449 -4.8463
      vertex 38.8359 14.0162 -4.5557
    endloop
  endfacet
  facet normal -0.481421 -0.720417 0.499233
    outer loop
      vertex 41.4173 13.847 -4.5557
      vertex 41.5287 13.9923 -4.2386
      vertex 41.2556 14.1748 -4.2386
    endloop
  endfacet
  facet normal -0.297124 -0.875116 0.381954
    outer loop
      vertex 40.961 14.3201 -4.2386
      vertex 41.0146 14.4496 -3.9002
      vertex 40.6862 14.5611 -3.9002
    endloop
  endfacet
  facet normal -0.0648532 -0.989356 0.13026
    outer loop
      vertex 40.3585 14.7227 -3.5464
      vertex 40.3647 14.7701 -3.1833
      vertex 40 14.7462 -3.5464
    endloop
  endfacet
  facet normal -0.0631902 -0.963987 0.258333
    outer loop
      vertex 40.3461 14.6287 -3.9002
      vertex 40.3585 14.7227 -3.5464
      vertex 40 14.7462 -3.5464
    endloop
  endfacet
  facet normal 0.513427 -0.768409 0.382022
    outer loop
      vertex 38.7444 14.1748 -4.2386
      vertex 38.6743 14.2962 -3.9002
      vertex 38.3859 14.1035 -3.9002
    endloop
  endfacet
  facet normal 0.408787 -0.828827 0.38202
    outer loop
      vertex 38.7444 14.1748 -4.2386
      vertex 39.039 14.3201 -4.2386
      vertex 38.6743 14.2962 -3.9002
    endloop
  endfacet
  facet normal 0.193453 -0.972421 0.130282
    outer loop
      vertex 39.2892 14.6526 -3.5464
      vertex 39.6353 14.7701 -3.1833
      vertex 39.2769 14.6988 -3.1833
    endloop
  endfacet
  facet normal 0.0648532 -0.989356 0.13026
    outer loop
      vertex 39.6415 14.7227 -3.5464
      vertex 40 14.7462 -3.5464
      vertex 39.6353 14.7701 -3.1833
    endloop
  endfacet
  facet normal 0.866413 -0.427291 0.258362
    outer loop
      vertex 37.5504 13.0146 -3.9002
      vertex 37.6217 13.3731 -3.5464
      vertex 37.4628 13.0509 -3.5464
    endloop
  endfacet
  facet normal -0.321476 -0.946918 0
    outer loop
      vertex 40.7231 14.6988 -3.1833
      vertex 41.0692 14.5813 0
      vertex 40.7231 14.6988 0
    endloop
  endfacet
  facet normal -0.321476 -0.946918 -0
    outer loop
      vertex 41.0692 14.5813 0
      vertex 40.7231 14.6988 -3.1833
      vertex 41.0692 14.5813 -3.1833
    endloop
  endfacet
  facet normal -0.194977 0.980808 1.27728e-07
    outer loop
      vertex 40.5861 9.27392 0
      vertex 40.5449 9.26573 -1.8548
      vertex 40.5033 9.25746 0
    endloop
  endfacet
  facet normal -0.19529 0.980746 7.35634e-06
    outer loop
      vertex 40.7231 9.3012 0
      vertex 40.5449 9.26573 -1.8548
      vertex 40.5861 9.27392 0
    endloop
  endfacet
  facet normal -0.195216 0.98076 0
    outer loop
      vertex 40.5449 9.26573 -1.8548
      vertex 40.7231 9.3012 0
      vertex 40.7231 9.3012 -1.8799
    endloop
  endfacet
  facet normal -0.195017 0.9808 -8.04043e-07
    outer loop
      vertex 40.3647 9.2299 -1.8548
      vertex 40.5033 9.25746 0
      vertex 40.5449 9.26573 -1.8548
    endloop
  endfacet
  facet normal -0.195027 0.980798 0
    outer loop
      vertex 40.5033 9.25746 0
      vertex 40.3647 9.2299 -1.8548
      vertex 40.3647 9.2299 0
    endloop
  endfacet
  facet normal -0.442134 0.896949 0
    outer loop
      vertex 41.0692 9.41868 0
      vertex 41.147 9.45703 0
      vertex 41.0692 9.41868 -1.9233
    endloop
  endfacet
  facet normal -0.442389 0.896823 1.28224e-05
    outer loop
      vertex 41.3093 9.53709 0
      vertex 41.0692 9.41868 -1.9233
      vertex 41.147 9.45703 0
    endloop
  endfacet
  facet normal -0.442306 0.896864 5.80358e-08
    outer loop
      vertex 41.0692 9.41868 -1.9233
      vertex 41.3093 9.53709 0
      vertex 41.2815 9.52338 -1.9605
    endloop
  endfacet
  facet normal -0.442134 0.896949 -2.98921e-06
    outer loop
      vertex 41.397 9.58032 0
      vertex 41.2815 9.52338 -1.9605
      vertex 41.3093 9.53709 0
    endloop
  endfacet
  facet normal -0.442174 0.896929 0
    outer loop
      vertex 41.2815 9.52338 -1.9605
      vertex 41.397 9.58032 0
      vertex 41.397 9.58032 -2.0002
    endloop
  endfacet
  facet normal -0.972422 -0.193436 0.130299
    outer loop
      vertex 42.7227 12.3584 -3.5464
      vertex 42.7701 12.3647 -3.1833
      vertex 42.6526 12.7108 -3.5464
    endloop
  endfacet
  facet normal 0.745537 -0.653622 0.130202
    outer loop
      vertex 37.8213 13.6718 -3.5464
      vertex 38.0581 13.9419 -3.5464
      vertex 37.7834 13.7009 -3.1833
    endloop
  endfacet
  facet normal 0.726428 -0.636868 0.258266
    outer loop
      vertex 37.8965 13.6141 -3.9002
      vertex 38.0581 13.9419 -3.5464
      vertex 37.8213 13.6718 -3.5464
    endloop
  endfacet
  facet normal 0.609468 -0.694746 0.381937
    outer loop
      vertex 38.2243 13.7757 -4.2386
      vertex 38.3859 14.1035 -3.9002
      vertex 38.1252 13.8748 -3.9002
    endloop
  endfacet
  facet normal 0.694746 -0.609468 0.381937
    outer loop
      vertex 38.2243 13.7757 -4.2386
      vertex 38.1252 13.8748 -3.9002
      vertex 37.8965 13.6141 -3.9002
    endloop
  endfacet
  facet normal 0.828896 -0.408719 0.381943
    outer loop
      vertex 37.6799 12.961 -4.2386
      vertex 37.7038 13.3257 -3.9002
      vertex 37.5504 13.0146 -3.9002
    endloop
  endfacet
  facet normal 0.180326 -0.906414 0.381963
    outer loop
      vertex 39.35 14.4257 -4.2386
      vertex 39.6722 14.4898 -4.2386
      vertex 39.3138 14.5611 -3.9002
    endloop
  endfacet
  facet normal 0.4412 -0.66007 0.607988
    outer loop
      vertex 38.7185 13.6701 -4.8463
      vertex 38.9474 13.8231 -4.8463
      vertex 38.5827 13.847 -4.5557
    endloop
  endfacet
  facet normal 0.169056 -0.849761 0.499325
    outer loop
      vertex 39.3974 14.2488 -4.5557
      vertex 39.6722 14.4898 -4.2386
      vertex 39.35 14.4257 -4.2386
    endloop
  endfacet
  facet normal -0.636868 -0.726428 0.258266
    outer loop
      vertex 41.9419 13.9419 -3.5464
      vertex 41.6718 14.1787 -3.5464
      vertex 41.6141 14.1035 -3.9002
    endloop
  endfacet
  facet normal -0.310599 -0.914806 0.258184
    outer loop
      vertex 41.0146 14.4496 -3.9002
      vertex 40.7108 14.6526 -3.5464
      vertex 40.6862 14.5611 -3.9002
    endloop
  endfacet
  facet normal -0.427291 -0.866413 0.258362
    outer loop
      vertex 41.3731 14.3783 -3.5464
      vertex 41.0509 14.5372 -3.5464
      vertex 41.0146 14.4496 -3.9002
    endloop
  endfacet
  facet normal -0.726178 -0.637042 0.258542
    outer loop
      vertex 42.1035 13.6141 -3.9002
      vertex 41.9419 13.9419 -3.5464
      vertex 41.8748 13.8748 -3.9002
    endloop
  endfacet
  facet normal -0.694746 -0.609468 0.381937
    outer loop
      vertex 42.1035 13.6141 -3.9002
      vertex 41.8748 13.8748 -3.9002
      vertex 41.7757 13.7757 -4.2386
    endloop
  endfacet
  facet normal 0.055058 -0.706031 0.706037
    outer loop
      vertex 40 2.794 -16.1574
      vertex 40 14.1052 -4.8463
      vertex 39.9949 13.8458 -5.1053
    endloop
  endfacet
  facet normal 0.0461062 -0.706263 0.706446
    outer loop
      vertex 39.9949 13.8458 -5.1053
      vertex 40 14.1052 -4.8463
      vertex 39.759 13.8304 -5.1053
    endloop
  endfacet
  facet normal 0.0462955 -0.706348 0.70635
    outer loop
      vertex 40 2.794 -16.1574
      vertex 39.9949 13.8458 -5.1053
      vertex 39.7777 2.77943 -16.1574
    endloop
  endfacet
  facet normal 0.060203 -0.922175 0.382059
    outer loop
      vertex 40 14.5112 -4.2386
      vertex 40 14.6514 -3.9002
      vertex 39.6722 14.4898 -4.2386
    endloop
  endfacet
  facet normal -0.0632264 -0.963994 0.2583
    outer loop
      vertex 40.3461 14.6287 -3.9002
      vertex 40 14.7462 -3.5464
      vertex 40 14.6514 -3.9002
    endloop
  endfacet
  facet normal 0.064836 -0.98936 0.130243
    outer loop
      vertex 40 14.7462 -3.5464
      vertex 40 14.794 -3.1833
      vertex 39.6353 14.7701 -3.1833
    endloop
  endfacet
  facet normal -0.064836 -0.98936 0.130243
    outer loop
      vertex 40.3647 14.7701 -3.1833
      vertex 40 14.794 -3.1833
      vertex 40 14.7462 -3.5464
    endloop
  endfacet
  facet normal 0.513461 -0.768363 0.382067
    outer loop
      vertex 38.4713 13.9923 -4.2386
      vertex 38.7444 14.1748 -4.2386
      vertex 38.3859 14.1035 -3.9002
    endloop
  endfacet
  facet normal 0.383265 -0.77708 0.499254
    outer loop
      vertex 38.8359 14.0162 -4.5557
      vertex 39.039 14.3201 -4.2386
      vertex 38.7444 14.1748 -4.2386
    endloop
  endfacet
  facet normal 0.188343 -0.947567 0.258156
    outer loop
      vertex 39.3138 14.5611 -3.9002
      vertex 39.6539 14.6287 -3.9002
      vertex 39.2892 14.6526 -3.5464
    endloop
  endfacet
  facet normal 0.0604888 -0.922255 0.381821
    outer loop
      vertex 39.6722 14.4898 -4.2386
      vertex 40 14.6514 -3.9002
      vertex 39.6539 14.6287 -3.9002
    endloop
  endfacet
  facet normal 0.866456 -0.42724 0.258302
    outer loop
      vertex 37.7038 13.3257 -3.9002
      vertex 37.6217 13.3731 -3.5464
      vertex 37.5504 13.0146 -3.9002
    endloop
  endfacet
  facet normal 0.803256 -0.536711 0.258303
    outer loop
      vertex 37.7038 13.3257 -3.9002
      vertex 37.8965 13.6141 -3.9002
      vertex 37.6217 13.3731 -3.5464
    endloop
  endfacet
  facet normal 0.896871 0.442292 -2.43362e-05
    outer loop
      vertex 37.4389 10.8897 -2.5242
      vertex 37.4187 10.9308 0
      vertex 37.4331 10.9016 0
    endloop
  endfacet
  facet normal 0.897463 0.441089 0
    outer loop
      vertex 37.4187 10.9308 0
      vertex 37.4389 10.8897 -2.5242
      vertex 37.4187 10.9308 -2.556
    endloop
  endfacet
  facet normal 0.896838 0.442359 -3.40293e-05
    outer loop
      vertex 37.5504 10.6636 -2.4218
      vertex 37.4331 10.9016 0
      vertex 37.5134 10.7388 0
    endloop
  endfacet
  facet normal 0.896877 0.442279 -2.4259e-05
    outer loop
      vertex 37.4331 10.9016 0
      vertex 37.5504 10.6636 -2.4218
      vertex 37.4389 10.8897 -2.5242
    endloop
  endfacet
  facet normal 0.896945 0.442142 0
    outer loop
      vertex 37.5803 10.603 0
      vertex 37.5803 10.603 -2.4167
      vertex 37.5349 10.6951 0
    endloop
  endfacet
  facet normal 0.897283 0.441455 3.25405e-05
    outer loop
      vertex 37.5803 10.603 -2.4167
      vertex 37.5134 10.7388 0
      vertex 37.5349 10.6951 0
    endloop
  endfacet
  facet normal 0.896784 0.442469 -3.82739e-05
    outer loop
      vertex 37.5134 10.7388 0
      vertex 37.5803 10.603 -2.4167
      vertex 37.5504 10.6636 -2.4218
    endloop
  endfacet
  facet normal 0.442172 -0.89693 0
    outer loop
      vertex 38.603 14.4197 -3.1833
      vertex 38.9308 14.5813 0
      vertex 38.603 14.4197 0
    endloop
  endfacet
  facet normal 0.442172 -0.89693 0
    outer loop
      vertex 38.9308 14.5813 0
      vertex 38.603 14.4197 -3.1833
      vertex 38.9308 14.5813 -3.1833
    endloop
  endfacet
  facet normal -0.442172 -0.89693 0
    outer loop
      vertex 41.0692 14.5813 -3.1833
      vertex 41.397 14.4197 0
      vertex 41.0692 14.5813 0
    endloop
  endfacet
  facet normal -0.442172 -0.89693 -0
    outer loop
      vertex 41.397 14.4197 0
      vertex 41.0692 14.5813 -3.1833
      vertex 41.397 14.4197 -3.1833
    endloop
  endfacet
  facet normal -0.609299 -0.694814 0.382085
    outer loop
      vertex 41.7757 13.7757 -4.2386
      vertex 41.6141 14.1035 -3.9002
      vertex 41.5287 13.9923 -4.2386
    endloop
  endfacet
  facet normal 0.651471 -0.57129 0.499213
    outer loop
      vertex 38.153 13.4173 -4.5557
      vertex 38.2243 13.7757 -4.2386
      vertex 38.0077 13.5287 -4.2386
    endloop
  endfacet
  facet normal -0.180181 -0.9065 0.381827
    outer loop
      vertex 40.6862 14.5611 -3.9002
      vertex 40.3461 14.6287 -3.9002
      vertex 40.3278 14.4898 -4.2386
    endloop
  endfacet
  facet normal -0.0566114 -0.864534 0.499377
    outer loop
      vertex 40.3039 14.3082 -4.5557
      vertex 40.3278 14.4898 -4.2386
      vertex 40 14.3281 -4.5557
    endloop
  endfacet
  facet normal 0.0566114 -0.864534 0.499377
    outer loop
      vertex 39.6961 14.3082 -4.5557
      vertex 40 14.3281 -4.5557
      vertex 39.6722 14.4898 -4.2386
    endloop
  endfacet
  facet normal 0.168982 -0.849746 0.499377
    outer loop
      vertex 39.6961 14.3082 -4.5557
      vertex 39.6722 14.4898 -4.2386
      vertex 39.3974 14.2488 -4.5557
    endloop
  endfacet
  facet normal -0.55087 -0.824373 0.130196
    outer loop
      vertex 41.6718 14.1787 -3.5464
      vertex 41.7009 14.2166 -3.1833
      vertex 41.3731 14.3783 -3.5464
    endloop
  endfacet
  facet normal -0.653622 -0.745537 0.130202
    outer loop
      vertex 41.9419 13.9419 -3.5464
      vertex 41.7009 14.2166 -3.1833
      vertex 41.6718 14.1787 -3.5464
    endloop
  endfacet
  facet normal -0.408787 -0.828827 0.38202
    outer loop
      vertex 41.2556 14.1748 -4.2386
      vertex 41.3257 14.2962 -3.9002
      vertex 40.961 14.3201 -4.2386
    endloop
  endfacet
  facet normal -0.42724 -0.866456 0.258302
    outer loop
      vertex 41.3257 14.2962 -3.9002
      vertex 41.3731 14.3783 -3.5464
      vertex 41.0146 14.4496 -3.9002
    endloop
  endfacet
  facet normal -0.318588 -0.938924 0.130093
    outer loop
      vertex 41.0509 14.5372 -3.5464
      vertex 41.0692 14.5813 -3.1833
      vertex 40.7108 14.6526 -3.5464
    endloop
  endfacet
  facet normal -0.438548 -0.88924 0.130104
    outer loop
      vertex 41.3731 14.3783 -3.5464
      vertex 41.0692 14.5813 -3.1833
      vertex 41.0509 14.5372 -3.5464
    endloop
  endfacet
  facet normal -0.768409 -0.513427 0.382022
    outer loop
      vertex 42.1748 13.2556 -4.2386
      vertex 42.2962 13.3257 -3.9002
      vertex 42.1035 13.6141 -3.9002
    endloop
  endfacet
  facet normal -0.803256 -0.536711 0.258303
    outer loop
      vertex 42.2962 13.3257 -3.9002
      vertex 42.3783 13.3731 -3.5464
      vertex 42.1035 13.6141 -3.9002
    endloop
  endfacet
  facet normal -0.513461 -0.768363 0.382067
    outer loop
      vertex 41.5287 13.9923 -4.2386
      vertex 41.6141 14.1035 -3.9002
      vertex 41.2556 14.1748 -4.2386
    endloop
  endfacet
  facet normal -0.637042 -0.726178 0.258542
    outer loop
      vertex 41.8748 13.8748 -3.9002
      vertex 41.9419 13.9419 -3.5464
      vertex 41.6141 14.1035 -3.9002
    endloop
  endfacet
  facet normal -0.297146 -0.875116 0.381937
    outer loop
      vertex 40.961 14.3201 -4.2386
      vertex 40.6862 14.5611 -3.9002
      vertex 40.65 14.4257 -4.2386
    endloop
  endfacet
  facet normal 0.0518878 -0.792397 0.607795
    outer loop
      vertex 40 14.1052 -4.8463
      vertex 40 14.3281 -4.5557
      vertex 39.6961 14.3082 -4.5557
    endloop
  endfacet
  facet normal 0.0631902 -0.963987 0.258333
    outer loop
      vertex 39.6539 14.6287 -3.9002
      vertex 40 14.7462 -3.5464
      vertex 39.6415 14.7227 -3.5464
    endloop
  endfacet
  facet normal 0.188528 -0.94748 0.25834
    outer loop
      vertex 39.6539 14.6287 -3.9002
      vertex 39.6415 14.7227 -3.5464
      vertex 39.2892 14.6526 -3.5464
    endloop
  endfacet
  facet normal 0.571362 -0.651319 0.499329
    outer loop
      vertex 38.3538 13.6462 -4.5557
      vertex 38.5827 13.847 -4.5557
      vertex 38.2243 13.7757 -4.2386
    endloop
  endfacet
  facet normal 0.57129 -0.651471 0.499213
    outer loop
      vertex 38.5827 13.847 -4.5557
      vertex 38.4713 13.9923 -4.2386
      vertex 38.2243 13.7757 -4.2386
    endloop
  endfacet
  facet normal 0.831577 0.55541 5.70361e-06
    outer loop
      vertex 37.6799 10.4539 -2.3468
      vertex 37.5803 10.603 0
      vertex 37.6525 10.4949 0
    endloop
  endfacet
  facet normal 0.831535 0.555472 0
    outer loop
      vertex 37.5803 10.603 0
      vertex 37.6799 10.4539 -2.3468
      vertex 37.5803 10.603 -2.4167
    endloop
  endfacet
  facet normal 0.831583 0.5554 0
    outer loop
      vertex 37.7834 10.2991 0
      vertex 37.7834 10.2991 -2.2918
      vertex 37.7285 10.3813 0
    endloop
  endfacet
  facet normal 0.831149 0.55605 -3.37122e-05
    outer loop
      vertex 37.7834 10.2991 -2.2918
      vertex 37.6525 10.4949 0
      vertex 37.7285 10.3813 0
    endloop
  endfacet
  facet normal 0.831307 0.555814 -4.5029e-06
    outer loop
      vertex 37.6525 10.4949 0
      vertex 37.7834 10.2991 -2.2918
      vertex 37.6799 10.4539 -2.3468
    endloop
  endfacet
  facet normal 0.828827 -0.408787 0.38202
    outer loop
      vertex 37.8252 13.2556 -4.2386
      vertex 37.7038 13.3257 -3.9002
      vertex 37.6799 12.961 -4.2386
    endloop
  endfacet
  facet normal 0.768409 -0.513427 0.382022
    outer loop
      vertex 37.8252 13.2556 -4.2386
      vertex 37.8965 13.6141 -3.9002
      vertex 37.7038 13.3257 -3.9002
    endloop
  endfacet
  facet normal -0.351126 -0.712158 0.607899
    outer loop
      vertex 41.1641 14.0162 -4.5557
      vertex 40.8909 14.1509 -4.5557
      vertex 40.8056 13.9449 -4.8463
    endloop
  endfacet
  facet normal -0.255308 -0.751843 0.607906
    outer loop
      vertex 40.8056 13.9449 -4.8463
      vertex 40.8909 14.1509 -4.5557
      vertex 40.6026 14.2488 -4.5557
    endloop
  endfacet
  facet normal 0.255308 -0.751843 0.607906
    outer loop
      vertex 39.1944 13.9449 -4.8463
      vertex 39.3974 14.2488 -4.5557
      vertex 39.1091 14.1509 -4.5557
    endloop
  endfacet
  facet normal -0.060203 -0.922175 0.382059
    outer loop
      vertex 40.3278 14.4898 -4.2386
      vertex 40 14.6514 -3.9002
      vertex 40 14.5112 -4.2386
    endloop
  endfacet
  facet normal -0.0564455 -0.864618 0.499248
    outer loop
      vertex 40.3278 14.4898 -4.2386
      vertex 40 14.5112 -4.2386
      vertex 40 14.3281 -4.5557
    endloop
  endfacet
  facet normal -0.180326 -0.906414 0.381963
    outer loop
      vertex 40.65 14.4257 -4.2386
      vertex 40.6862 14.5611 -3.9002
      vertex 40.3278 14.4898 -4.2386
    endloop
  endfacet
  facet normal -0.408719 -0.828896 0.381943
    outer loop
      vertex 41.3257 14.2962 -3.9002
      vertex 41.0146 14.4496 -3.9002
      vertex 40.961 14.3201 -4.2386
    endloop
  endfacet
  facet normal -0.278588 -0.820397 0.499338
    outer loop
      vertex 40.8909 14.1509 -4.5557
      vertex 40.961 14.3201 -4.2386
      vertex 40.6026 14.2488 -4.5557
    endloop
  endfacet
  facet normal -0.0518878 -0.792397 0.607795
    outer loop
      vertex 40.3039 14.3082 -4.5557
      vertex 40 14.3281 -4.5557
      vertex 40 14.1052 -4.8463
    endloop
  endfacet
  facet normal 0.481416 -0.720417 0.499236
    outer loop
      vertex 38.8359 14.0162 -4.5557
      vertex 38.7444 14.1748 -4.2386
      vertex 38.5827 13.847 -4.5557
    endloop
  endfacet
  facet normal 0.441148 -0.660158 0.60793
    outer loop
      vertex 38.9474 13.8231 -4.8463
      vertex 38.8359 14.0162 -4.5557
      vertex 38.5827 13.847 -4.5557
    endloop
  endfacet
  facet normal 0.351126 -0.712158 0.607899
    outer loop
      vertex 39.1944 13.9449 -4.8463
      vertex 39.1091 14.1509 -4.5557
      vertex 38.8359 14.0162 -4.5557
    endloop
  endfacet
  facet normal 0.278571 -0.820412 0.499322
    outer loop
      vertex 39.3974 14.2488 -4.5557
      vertex 39.35 14.4257 -4.2386
      vertex 39.039 14.3201 -4.2386
    endloop
  endfacet
  facet normal -0.57129 -0.651471 0.499213
    outer loop
      vertex 41.7757 13.7757 -4.2386
      vertex 41.5287 13.9923 -4.2386
      vertex 41.4173 13.847 -4.5557
    endloop
  endfacet
  facet normal -0.4412 -0.66007 0.607988
    outer loop
      vertex 41.2815 13.6701 -4.8463
      vertex 41.4173 13.847 -4.5557
      vertex 41.0526 13.8231 -4.8463
    endloop
  endfacet
  facet normal -0.383139 -0.777086 0.499341
    outer loop
      vertex 41.1641 14.0162 -4.5557
      vertex 40.961 14.3201 -4.2386
      vertex 40.8909 14.1509 -4.5557
    endloop
  endfacet
  facet normal -0.168982 -0.849746 0.499377
    outer loop
      vertex 40.6026 14.2488 -4.5557
      vertex 40.3278 14.4898 -4.2386
      vertex 40.3039 14.3082 -4.5557
    endloop
  endfacet
  facet normal -0.169056 -0.849761 0.499325
    outer loop
      vertex 40.6026 14.2488 -4.5557
      vertex 40.65 14.4257 -4.2386
      vertex 40.3278 14.4898 -4.2386
    endloop
  endfacet
  facet normal 0.154858 -0.778722 0.607956
    outer loop
      vertex 39.4551 14.0334 -4.8463
      vertex 39.6961 14.3082 -4.5557
      vertex 39.3974 14.2488 -4.5557
    endloop
  endfacet
  facet normal 0.0521812 -0.792231 0.607986
    outer loop
      vertex 39.7252 14.0871 -4.8463
      vertex 40 14.1052 -4.8463
      vertex 39.6961 14.3082 -4.5557
    endloop
  endfacet
  facet normal -0.828827 -0.408787 0.38202
    outer loop
      vertex 42.3201 12.961 -4.2386
      vertex 42.2962 13.3257 -3.9002
      vertex 42.1748 13.2556 -4.2386
    endloop
  endfacet
  facet normal -0.609468 -0.694746 0.381937
    outer loop
      vertex 41.7757 13.7757 -4.2386
      vertex 41.8748 13.8748 -3.9002
      vertex 41.6141 14.1035 -3.9002
    endloop
  endfacet
  facet normal -0.694814 -0.609299 0.382085
    outer loop
      vertex 41.9923 13.5287 -4.2386
      vertex 42.1035 13.6141 -3.9002
      vertex 41.7757 13.7757 -4.2386
    endloop
  endfacet
  facet normal -0.383265 -0.77708 0.499254
    outer loop
      vertex 41.1641 14.0162 -4.5557
      vertex 41.2556 14.1748 -4.2386
      vertex 40.961 14.3201 -4.2386
    endloop
  endfacet
  facet normal -0.481416 -0.720417 0.499236
    outer loop
      vertex 41.4173 13.847 -4.5557
      vertex 41.2556 14.1748 -4.2386
      vertex 41.1641 14.0162 -4.5557
    endloop
  endfacet
  facet normal 0.15482 -0.778712 0.607979
    outer loop
      vertex 39.7252 14.0871 -4.8463
      vertex 39.6961 14.3082 -4.5557
      vertex 39.4551 14.0334 -4.8463
    endloop
  endfacet
  facet normal 0.383139 -0.777086 0.499341
    outer loop
      vertex 39.1091 14.1509 -4.5557
      vertex 39.039 14.3201 -4.2386
      vertex 38.8359 14.0162 -4.5557
    endloop
  endfacet
  facet normal 0.278588 -0.820397 0.499338
    outer loop
      vertex 39.1091 14.1509 -4.5557
      vertex 39.3974 14.2488 -4.5557
      vertex 39.039 14.3201 -4.2386
    endloop
  endfacet
  facet normal -0.651471 -0.57129 0.499213
    outer loop
      vertex 41.847 13.4173 -4.5557
      vertex 41.9923 13.5287 -4.2386
      vertex 41.7757 13.7757 -4.2386
    endloop
  endfacet
  facet normal -0.255225 -0.751833 0.607954
    outer loop
      vertex 40.8056 13.9449 -4.8463
      vertex 40.6026 14.2488 -4.5557
      vertex 40.5449 14.0334 -4.8463
    endloop
  endfacet
  facet normal -0.154858 -0.778722 0.607956
    outer loop
      vertex 40.5449 14.0334 -4.8463
      vertex 40.6026 14.2488 -4.5557
      vertex 40.3039 14.3082 -4.5557
    endloop
  endfacet
  facet normal 0.255225 -0.751833 0.607954
    outer loop
      vertex 39.4551 14.0334 -4.8463
      vertex 39.3974 14.2488 -4.5557
      vertex 39.1944 13.9449 -4.8463
    endloop
  endfacet
  facet normal -0.651319 -0.571362 0.499329
    outer loop
      vertex 41.847 13.4173 -4.5557
      vertex 41.7757 13.7757 -4.2386
      vertex 41.6462 13.6462 -4.5557
    endloop
  endfacet
  facet normal 0.0465305 -0.706441 0.70624
    outer loop
      vertex 39.759 13.8304 -5.1053
      vertex 40 14.1052 -4.8463
      vertex 39.7252 14.0871 -4.8463
    endloop
  endfacet
  facet normal -0.351158 -0.712118 0.607928
    outer loop
      vertex 41.0526 13.8231 -4.8463
      vertex 41.1641 14.0162 -4.5557
      vertex 40.8056 13.9449 -4.8463
    endloop
  endfacet
  facet normal -0.441148 -0.660158 0.60793
    outer loop
      vertex 41.4173 13.847 -4.5557
      vertex 41.1641 14.0162 -4.5557
      vertex 41.0526 13.8231 -4.8463
    endloop
  endfacet
  facet normal -0.0461062 -0.706263 0.706446
    outer loop
      vertex 40.0051 13.8458 -5.1053
      vertex 40.241 13.8304 -5.1053
      vertex 40 14.1052 -4.8463
    endloop
  endfacet
  facet normal -0.055058 -0.706031 0.706037
    outer loop
      vertex 40.0051 13.8458 -5.1053
      vertex 40 14.1052 -4.8463
      vertex 40 2.794 -16.1574
    endloop
  endfacet
  facet normal -0.0462955 -0.706348 0.70635
    outer loop
      vertex 40.2223 2.77943 -16.1574
      vertex 40.0051 13.8458 -5.1053
      vertex 40 2.794 -16.1574
    endloop
  endfacet
  facet normal -0.15482 -0.778712 0.607979
    outer loop
      vertex 40.5449 14.0334 -4.8463
      vertex 40.3039 14.3082 -4.5557
      vertex 40.2748 14.0871 -4.8463
    endloop
  endfacet
  facet normal -0.0465305 -0.706441 0.70624
    outer loop
      vertex 40.241 13.8304 -5.1053
      vertex 40.2748 14.0871 -4.8463
      vertex 40 14.1052 -4.8463
    endloop
  endfacet
  facet normal -0.0521812 -0.792231 0.607986
    outer loop
      vertex 40.2748 14.0871 -4.8463
      vertex 40.3039 14.3082 -4.5557
      vertex 40 14.1052 -4.8463
    endloop
  endfacet
  facet normal 0.707477 -0.499738 0.499739
    outer loop
      vertex 38.153 13.4173 -4.5557
      vertex 38.0077 13.5287 -4.2386
      vertex 38.0077 1.95668 -15.8106
    endloop
  endfacet
  facet normal 0.707516 -0.499712 0.499709
    outer loop
      vertex 38.153 2.08848 -15.8846
      vertex 38.153 13.4173 -4.5557
      vertex 38.0243 1.97566 -15.8152
    endloop
  endfacet
  facet normal 0.708675 -0.498903 0.498874
    outer loop
      vertex 38.0243 1.97566 -15.8152
      vertex 38.153 13.4173 -4.5557
      vertex 38.0077 1.95668 -15.8106
    endloop
  endfacet
  facet normal -0.527126 -0.600892 0.600889
    outer loop
      vertex 41.6462 2.25315 -15.9488
      vertex 41.6462 13.6462 -4.5557
      vertex 41.4173 13.847 -4.5557
    endloop
  endfacet
  facet normal -0.527106 -0.6009 0.600898
    outer loop
      vertex 41.6462 2.25315 -15.9488
      vertex 41.4173 13.847 -4.5557
      vertex 41.4173 2.40614 -15.9966
    endloop
  endfacet
  facet normal 0.982806 -0.130562 0.130563
    outer loop
      vertex 37.2773 12.3584 -3.5464
      vertex 37.2299 12.3647 -3.1833
      vertex 37.2299 0.364691 -15.1832
    endloop
  endfacet
  facet normal 0.982813 -0.130534 0.130534
    outer loop
      vertex 37.2773 0.602974 -15.3018
      vertex 37.2773 12.3584 -3.5464
      vertex 37.2299 0.364691 -15.1832
    endloop
  endfacet
  facet normal 0.982815 0.130528 -0.130528
    outer loop
      vertex 37.2773 11.397 -2.6984
      vertex 37.2773 0 -14.0954
      vertex 37.2299 11.6353 -2.817
    endloop
  endfacet
  facet normal 0.982815 0.130528 -0.130528
    outer loop
      vertex 37.2299 11.6353 -2.817
      vertex 37.2773 0 -14.0954
      vertex 37.2299 0 -14.4523
    endloop
  endfacet
  facet normal 0.726792 -0.485681 0.485682
    outer loop
      vertex 38.0077 1.95668 -15.8106
      vertex 38.0077 13.5287 -4.2386
      vertex 37.8252 13.2556 -4.2386
    endloop
  endfacet
  facet normal 0.726792 -0.485681 0.485682
    outer loop
      vertex 38.0077 1.95668 -15.8106
      vertex 37.8252 13.2556 -4.2386
      vertex 37.8252 1.74858 -15.7456
    endloop
  endfacet
  facet normal 0.820348 0.40437 -0.40437
    outer loop
      vertex 37.8252 10.2514 -2.2547
      vertex 37.8252 0 -12.5061
      vertex 37.7834 10.2991 -2.2918
    endloop
  endfacet
  facet normal 0.820128 0.404591 -0.404593
    outer loop
      vertex 37.7834 10.2991 -2.2918
      vertex 37.8252 0 -12.5061
      vertex 37.6799 10.4539 -2.3468
    endloop
  endfacet
  facet normal 0.820192 0.404528 -0.404528
    outer loop
      vertex 37.6799 10.4539 -2.3468
      vertex 37.8252 0 -12.5061
      vertex 37.6799 0 -12.8007
    endloop
  endfacet
  facet normal 0.139214 -0.70022 0.700222
    outer loop
      vertex 39.7252 14.0871 -4.8463
      vertex 39.4551 14.0334 -4.8463
      vertex 39.4551 2.73426 -16.1454
    endloop
  endfacet
  facet normal 0.139266 -0.700215 0.700217
    outer loop
      vertex 39.6353 2.7701 -16.1454
      vertex 39.7252 14.0871 -4.8463
      vertex 39.4551 2.73426 -16.1454
    endloop
  endfacet
  facet normal 0.139341 -0.700208 0.700209
    outer loop
      vertex 39.7252 2.77599 -16.1574
      vertex 39.7252 14.0871 -4.8463
      vertex 39.6353 2.7701 -16.1454
    endloop
  endfacet
  facet normal 0.901518 0.305995 -0.305995
    outer loop
      vertex 37.5504 10.6636 -2.4218
      vertex 37.5504 0 -13.0854
      vertex 37.4389 10.8897 -2.5242
    endloop
  endfacet
  facet normal 0.901467 0.306068 -0.306071
    outer loop
      vertex 37.4389 10.8897 -2.5242
      vertex 37.5504 0 -13.0854
      vertex 37.4389 0 -13.4138
    endloop
  endfacet
  facet normal 0.509443 -0.60847 0.608467
    outer loop
      vertex 38.7185 13.6701 -4.8463
      vertex 38.5827 13.847 -4.5557
      vertex 38.5827 2.40614 -15.9966
    endloop
  endfacet
  facet normal 0.508189 -0.608983 0.609002
    outer loop
      vertex 38.603 2.41968 -16
      vertex 38.7185 13.6701 -4.8463
      vertex 38.5827 2.40614 -15.9966
    endloop
  endfacet
  facet normal 0.509588 -0.608408 0.608407
    outer loop
      vertex 38.7185 2.47662 -16.0398
      vertex 38.7185 13.6701 -4.8463
      vertex 38.603 2.41968 -16
    endloop
  endfacet
  facet normal 0.901466 -0.30607 0.306071
    outer loop
      vertex 37.5504 1.33637 -15.5784
      vertex 37.5504 13.0146 -3.9002
      vertex 37.4389 12.6862 -3.9002
    endloop
  endfacet
  facet normal 0.901446 -0.306101 0.306101
    outer loop
      vertex 37.5504 1.33637 -15.5784
      vertex 37.4389 12.6862 -3.9002
      vertex 37.4389 1.11031 -15.4761
    endloop
  endfacet
  facet normal 0.962634 -0.191489 0.191491
    outer loop
      vertex 37.3474 0.859174 -15.3979
      vertex 37.3474 12.7108 -3.5464
      vertex 37.2773 12.3584 -3.5464
    endloop
  endfacet
  facet normal 0.962597 -0.191581 0.19158
    outer loop
      vertex 37.3012 0.723142 -15.3018
      vertex 37.3474 0.859174 -15.3979
      vertex 37.2773 12.3584 -3.5464
    endloop
  endfacet
  facet normal 0.962646 -0.191459 0.191459
    outer loop
      vertex 37.3012 0.723142 -15.3018
      vertex 37.2773 12.3584 -3.5464
      vertex 37.2773 0.602974 -15.3018
    endloop
  endfacet
  facet normal 0.931065 0.257989 -0.257992
    outer loop
      vertex 37.4389 10.8897 -2.5242
      vertex 37.4389 0 -13.4138
      vertex 37.4187 10.9308 -2.556
    endloop
  endfacet
  facet normal 0.930572 0.258874 -0.258883
    outer loop
      vertex 37.4187 10.9308 -2.556
      vertex 37.4389 0 -13.4138
      vertex 37.3474 11.1408 -2.6023
    endloop
  endfacet
  facet normal 0.93072 0.258612 -0.258612
    outer loop
      vertex 37.3474 11.1408 -2.6023
      vertex 37.4389 0 -13.4138
      vertex 37.3474 0 -13.7431
    endloop
  endfacet
  facet normal 0.841056 0.382508 -0.382508
    outer loop
      vertex 37.6799 10.4539 -2.3468
      vertex 37.6799 0 -12.8007
      vertex 37.5803 10.603 -2.4167
    endloop
  endfacet
  facet normal 0.84089 0.382688 -0.382693
    outer loop
      vertex 37.5803 10.603 -2.4167
      vertex 37.6799 0 -12.8007
      vertex 37.5504 10.6636 -2.4218
    endloop
  endfacet
  facet normal 0.841018 0.38255 -0.38255
    outer loop
      vertex 37.5504 10.6636 -2.4218
      vertex 37.6799 0 -12.8007
      vertex 37.5504 0 -13.0854
    endloop
  endfacet
  facet normal 0.962618 0.191529 -0.191529
    outer loop
      vertex 37.3474 11.1408 -2.6023
      vertex 37.3474 0 -13.7431
      vertex 37.3012 11.2769 -2.6984
    endloop
  endfacet
  facet normal 0.962614 0.191539 -0.191539
    outer loop
      vertex 37.3012 11.2769 -2.6984
      vertex 37.3474 0 -13.7431
      vertex 37.2773 0 -14.0954
    endloop
  endfacet
  facet normal 0.962606 0.191559 -0.191559
    outer loop
      vertex 37.2773 11.397 -2.6984
      vertex 37.3012 11.2769 -2.6984
      vertex 37.2773 0 -14.0954
    endloop
  endfacet
  facet normal 0.0481015 -0.706286 0.706291
    outer loop
      vertex 39.7564 2.77804 -16.1574
      vertex 39.759 13.8304 -5.1053
      vertex 39.7252 14.0871 -4.8463
    endloop
  endfacet
  facet normal 0.046112 -0.706352 0.706358
    outer loop
      vertex 39.7777 2.77943 -16.1574
      vertex 39.9949 13.8458 -5.1053
      vertex 39.759 13.8304 -5.1053
    endloop
  endfacet
  facet normal 0.0460953 -0.706352 0.706358
    outer loop
      vertex 39.7777 2.77943 -16.1574
      vertex 39.759 13.8304 -5.1053
      vertex 39.7564 2.77804 -16.1574
    endloop
  endfacet
  facet normal 0.627568 -0.550527 0.550525
    outer loop
      vertex 38.3538 2.25315 -15.9488
      vertex 38.3538 13.6462 -4.5557
      vertex 38.153 13.4173 -4.5557
    endloop
  endfacet
  facet normal 0.626746 -0.551008 0.550981
    outer loop
      vertex 38.2991 2.21663 -15.9231
      vertex 38.3538 2.25315 -15.9488
      vertex 38.153 13.4173 -4.5557
    endloop
  endfacet
  facet normal 0.627807 -0.550392 0.550388
    outer loop
      vertex 38.2991 2.21663 -15.9231
      vertex 38.153 13.4173 -4.5557
      vertex 38.153 2.08848 -15.8846
    endloop
  endfacet
  facet normal 0.980783 0.1951 0
    outer loop
      vertex 37.2299 -0.364691 -15.1832
      vertex 37.2773 -0.602974 -15.3018
      vertex 37.2299 -0.364691 -36.1451
    endloop
  endfacet
  facet normal 0.980775 0.195143 5.00866e-07
    outer loop
      vertex 37.2773 -0.602974 -15.3018
      vertex 37.2986 -0.709973 -36.1451
      vertex 37.2299 -0.364691 -36.1451
    endloop
  endfacet
  facet normal 0.981062 0.193694 8.22885e-06
    outer loop
      vertex 37.3012 -0.723142 -36.1451
      vertex 37.2986 -0.709973 -36.1451
      vertex 37.2773 -0.602974 -15.3018
    endloop
  endfacet
  facet normal 0.98079 0.195068 0
    outer loop
      vertex 37.3012 -0.723142 -15.3018
      vertex 37.3012 -0.723142 -36.1451
      vertex 37.2773 -0.602974 -15.3018
    endloop
  endfacet
  facet normal 0.897421 0.441175 0
    outer loop
      vertex 37.4187 -1.06922 -15.4443
      vertex 37.4389 -1.11031 -15.4761
      vertex 37.4187 -1.06922 -36.1451
    endloop
  endfacet
  facet normal 0.896843 0.44235 2.90015e-06
    outer loop
      vertex 37.4389 -1.11031 -15.4761
      vertex 37.5504 -1.33637 -15.5784
      vertex 37.4187 -1.06922 -36.1451
    endloop
  endfacet
  facet normal 0.896869 0.442296 2.02175e-06
    outer loop
      vertex 37.5504 -1.33637 -15.5784
      vertex 37.5803 -1.397 -15.5835
      vertex 37.4187 -1.06922 -36.1451
    endloop
  endfacet
  facet normal 0.896879 0.442276 1.62491e-06
    outer loop
      vertex 37.5803 -1.397 -15.5835
      vertex 37.5744 -1.38496 -36.1451
      vertex 37.4187 -1.06922 -36.1451
    endloop
  endfacet
  facet normal 0.897979 0.440039 0
    outer loop
      vertex 37.5803 -1.397 -15.5835
      vertex 37.5803 -1.397 -36.1451
      vertex 37.5744 -1.38496 -36.1451
    endloop
  endfacet
  facet normal 0.820192 -0.404528 0.404528
    outer loop
      vertex 37.8252 1.74858 -15.7456
      vertex 37.8252 13.2556 -4.2386
      vertex 37.6799 12.961 -4.2386
    endloop
  endfacet
  facet normal 0.820663 -0.40404 0.404059
    outer loop
      vertex 37.7834 1.70088 -15.7084
      vertex 37.8252 1.74858 -15.7456
      vertex 37.6799 12.961 -4.2386
    endloop
  endfacet
  facet normal 0.820039 -0.404682 0.404684
    outer loop
      vertex 37.7834 1.70088 -15.7084
      vertex 37.6799 12.961 -4.2386
      vertex 37.6799 1.54605 -15.6535
    endloop
  endfacet
  facet normal -0.509197 0.608569 -0.608574
    outer loop
      vertex 41.2815 9.52338 -1.9605
      vertex 41.397 9.58032 -2.0002
      vertex 41.2815 0 -11.4838
    endloop
  endfacet
  facet normal -0.510415 0.608068 -0.608053
    outer loop
      vertex 41.397 9.58032 -2.0002
      vertex 41.4173 9.59386 -2.0037
      vertex 41.2815 0 -11.4838
    endloop
  endfacet
  facet normal -0.509447 0.608465 -0.608469
    outer loop
      vertex 41.4173 9.59386 -2.0037
      vertex 41.4173 0 -11.5975
      vertex 41.2815 0 -11.4838
    endloop
  endfacet
  facet normal -0.820192 0.404528 -0.404528
    outer loop
      vertex 42.3201 10.4539 -2.3468
      vertex 42.3201 0 -12.8007
      vertex 42.1748 0 -12.5061
    endloop
  endfacet
  facet normal -0.820128 0.404591 -0.404593
    outer loop
      vertex 42.2166 10.2991 -2.2918
      vertex 42.3201 10.4539 -2.3468
      vertex 42.1748 0 -12.5061
    endloop
  endfacet
  facet normal -0.820348 0.40437 -0.40437
    outer loop
      vertex 42.1748 10.2514 -2.2547
      vertex 42.2166 10.2991 -2.2918
      vertex 42.1748 0 -12.5061
    endloop
  endfacet
  facet normal -0.995733 -0.0652537 0.0652543
    outer loop
      vertex 42.794 12 -3.1833
      vertex 42.7701 12.3647 -3.1833
      vertex 42.7701 0.364691 -15.1832
    endloop
  endfacet
  facet normal -0.995733 -0.0652553 0.0652558
    outer loop
      vertex 42.794 0 -15.1832
      vertex 42.794 12 -3.1833
      vertex 42.7701 0.364691 -15.1832
    endloop
  endfacet
  facet normal -0.897421 0.441175 0
    outer loop
      vertex 42.5813 -1.06922 -15.4443
      vertex 42.5813 -1.06922 -36.1451
      vertex 42.5611 -1.11031 -15.4761
    endloop
  endfacet
  facet normal -0.896843 0.44235 2.90015e-06
    outer loop
      vertex 42.5611 -1.11031 -15.4761
      vertex 42.5813 -1.06922 -36.1451
      vertex 42.4496 -1.33637 -15.5784
    endloop
  endfacet
  facet normal -0.896879 0.442276 1.62491e-06
    outer loop
      vertex 42.5813 -1.06922 -36.1451
      vertex 42.4256 -1.38496 -36.1451
      vertex 42.4197 -1.397 -15.5835
    endloop
  endfacet
  facet normal -0.897979 0.440039 0
    outer loop
      vertex 42.4197 -1.397 -15.5835
      vertex 42.4256 -1.38496 -36.1451
      vertex 42.4197 -1.397 -36.1451
    endloop
  endfacet
  facet normal -0.896869 0.442296 2.02175e-06
    outer loop
      vertex 42.4496 -1.33637 -15.5784
      vertex 42.5813 -1.06922 -36.1451
      vertex 42.4197 -1.397 -15.5835
    endloop
  endfacet
  facet normal -0.931048 -0.258021 0.258021
    outer loop
      vertex 42.5813 1.06922 -15.4443
      vertex 42.5611 12.6862 -3.9002
      vertex 42.5611 1.11031 -15.4761
    endloop
  endfacet
  facet normal -0.930643 -0.258747 0.258752
    outer loop
      vertex 42.5813 1.06922 -15.4443
      vertex 42.6526 0.859174 -15.3979
      vertex 42.5611 12.6862 -3.9002
    endloop
  endfacet
  facet normal -0.930683 -0.258677 0.25868
    outer loop
      vertex 42.6526 0.859174 -15.3979
      vertex 42.6526 12.7108 -3.5464
      vertex 42.5611 12.6862 -3.9002
    endloop
  endfacet
  facet normal -0.509443 -0.60847 0.608467
    outer loop
      vertex 41.4173 2.40614 -15.9966
      vertex 41.4173 13.847 -4.5557
      vertex 41.2815 13.6701 -4.8463
    endloop
  endfacet
  facet normal -0.508189 -0.608983 0.609002
    outer loop
      vertex 41.397 2.41968 -16
      vertex 41.4173 2.40614 -15.9966
      vertex 41.2815 13.6701 -4.8463
    endloop
  endfacet
  facet normal -0.509588 -0.608408 0.608407
    outer loop
      vertex 41.397 2.41968 -16
      vertex 41.2815 13.6701 -4.8463
      vertex 41.2815 2.47662 -16.0398
    endloop
  endfacet
  facet normal -0.427059 -0.639383 0.639382
    outer loop
      vertex 41.2815 2.47662 -16.0398
      vertex 41.2815 13.6701 -4.8463
      vertex 41.0692 2.58132 -16.0769
    endloop
  endfacet
  facet normal -0.427315 -0.639296 0.639298
    outer loop
      vertex 41.2815 13.6701 -4.8463
      vertex 41.0526 13.8231 -4.8463
      vertex 41.0526 2.58697 -16.0824
    endloop
  endfacet
  facet normal -0.429023 -0.638703 0.638747
    outer loop
      vertex 41.0692 2.58132 -16.0769
      vertex 41.2815 13.6701 -4.8463
      vertex 41.0526 2.58697 -16.0824
    endloop
  endfacet
  facet normal -0.627568 -0.550527 0.550525
    outer loop
      vertex 41.847 13.4173 -4.5557
      vertex 41.6462 13.6462 -4.5557
      vertex 41.6462 2.25315 -15.9488
    endloop
  endfacet
  facet normal -0.626746 -0.551008 0.550981
    outer loop
      vertex 41.7009 2.21663 -15.9231
      vertex 41.847 13.4173 -4.5557
      vertex 41.6462 2.25315 -15.9488
    endloop
  endfacet
  facet normal -0.627807 -0.550392 0.550388
    outer loop
      vertex 41.847 2.08848 -15.8846
      vertex 41.847 13.4173 -4.5557
      vertex 41.7009 2.21663 -15.9231
    endloop
  endfacet
  facet normal 0.0464105 -0.706345 0.706345
    outer loop
      vertex 39.7564 2.77804 -16.1574
      vertex 39.7252 14.0871 -4.8463
      vertex 39.7252 2.77599 -16.1574
    endloop
  endfacet
  facet normal -0.233412 -0.687575 0.687575
    outer loop
      vertex 40.7231 2.6988 -16.1204
      vertex 40.8056 13.9449 -4.8463
      vertex 40.5449 14.0334 -4.8463
    endloop
  endfacet
  facet normal -0.233289 -0.687595 0.687597
    outer loop
      vertex 40.7231 2.6988 -16.1204
      vertex 40.5449 14.0334 -4.8463
      vertex 40.5449 2.73426 -16.1454
    endloop
  endfacet
  facet normal -0.233283 -0.687597 0.687597
    outer loop
      vertex 40.8056 2.67081 -16.1204
      vertex 40.8056 13.9449 -4.8463
      vertex 40.7231 2.6988 -16.1204
    endloop
  endfacet
  facet normal -0.046112 -0.706352 0.706358
    outer loop
      vertex 40.2223 2.77943 -16.1574
      vertex 40.241 13.8304 -5.1053
      vertex 40.0051 13.8458 -5.1053
    endloop
  endfacet
  facet normal -0.0460953 -0.706352 0.706358
    outer loop
      vertex 40.2436 2.77804 -16.1574
      vertex 40.241 13.8304 -5.1053
      vertex 40.2223 2.77943 -16.1574
    endloop
  endfacet
  facet normal -0.0481015 -0.706286 0.706291
    outer loop
      vertex 40.2436 2.77804 -16.1574
      vertex 40.2748 14.0871 -4.8463
      vertex 40.241 13.8304 -5.1053
    endloop
  endfacet
  facet normal -0.139214 -0.70022 0.700222
    outer loop
      vertex 40.3647 2.7701 -16.1454
      vertex 40.5449 14.0334 -4.8463
      vertex 40.2748 14.0871 -4.8463
    endloop
  endfacet
  facet normal -0.139341 -0.700208 0.700209
    outer loop
      vertex 40.3647 2.7701 -16.1454
      vertex 40.2748 14.0871 -4.8463
      vertex 40.2748 2.77599 -16.1574
    endloop
  endfacet
  facet normal -0.139266 -0.700215 0.700217
    outer loop
      vertex 40.5449 2.73426 -16.1454
      vertex 40.5449 14.0334 -4.8463
      vertex 40.3647 2.7701 -16.1454
    endloop
  endfacet
  facet normal 0.946881 0.321585 0
    outer loop
      vertex 37.3012 -0.723142 -15.3018
      vertex 37.3474 -0.859174 -15.3979
      vertex 37.3012 -0.723142 -36.1451
    endloop
  endfacet
  facet normal 0.946931 0.321436 -1.09435e-06
    outer loop
      vertex 37.3474 -0.859174 -15.3979
      vertex 37.4187 -1.06922 -15.4443
      vertex 37.3012 -0.723142 -36.1451
    endloop
  endfacet
  facet normal 0.947258 0.320473 -1.9044e-05
    outer loop
      vertex 37.4187 -1.06922 -15.4443
      vertex 37.3055 -0.735852 -36.1451
      vertex 37.3012 -0.723142 -36.1451
    endloop
  endfacet
  facet normal 0.946898 0.321533 0
    outer loop
      vertex 37.4187 -1.06922 -15.4443
      vertex 37.4187 -1.06922 -36.1451
      vertex 37.3055 -0.735852 -36.1451
    endloop
  endfacet
  facet normal 0.527126 -0.600892 0.600889
    outer loop
      vertex 38.5827 13.847 -4.5557
      vertex 38.3538 13.6462 -4.5557
      vertex 38.3538 2.25315 -15.9488
    endloop
  endfacet
  facet normal 0.527106 -0.6009 0.600898
    outer loop
      vertex 38.5827 2.40614 -15.9966
      vertex 38.5827 13.847 -4.5557
      vertex 38.3538 2.25315 -15.9488
    endloop
  endfacet
  facet normal 0.995733 -0.0652537 0.0652543
    outer loop
      vertex 37.2299 0.364691 -15.1832
      vertex 37.2299 12.3647 -3.1833
      vertex 37.206 12 -3.1833
    endloop
  endfacet
  facet normal 0.995733 -0.0652553 0.0652558
    outer loop
      vertex 37.2299 0.364691 -15.1832
      vertex 37.206 12 -3.1833
      vertex 37.206 0 -15.1832
    endloop
  endfacet
  facet normal 0.930683 -0.258677 0.25868
    outer loop
      vertex 37.4389 12.6862 -3.9002
      vertex 37.3474 12.7108 -3.5464
      vertex 37.3474 0.859174 -15.3979
    endloop
  endfacet
  facet normal 0.931048 -0.258021 0.258021
    outer loop
      vertex 37.4389 1.11031 -15.4761
      vertex 37.4389 12.6862 -3.9002
      vertex 37.4187 1.06922 -15.4443
    endloop
  endfacet
  facet normal 0.930643 -0.258747 0.258752
    outer loop
      vertex 37.4187 1.06922 -15.4443
      vertex 37.4389 12.6862 -3.9002
      vertex 37.3474 0.859174 -15.3979
    endloop
  endfacet
  facet normal -0.831449 0.555601 0
    outer loop
      vertex 42.4197 -1.397 -15.5835
      vertex 42.4197 -1.397 -36.1451
      vertex 42.3201 -1.54605 -15.6535
    endloop
  endfacet
  facet normal -0.831456 0.555591 -1.7379e-06
    outer loop
      vertex 42.4197 -1.397 -36.1451
      vertex 42.2241 -1.68972 -36.1451
      vertex 42.2166 -1.70088 -15.7084
    endloop
  endfacet
  facet normal -0.829985 0.557786 0
    outer loop
      vertex 42.2166 -1.70088 -15.7084
      vertex 42.2241 -1.68972 -36.1451
      vertex 42.2166 -1.70088 -36.1451
    endloop
  endfacet
  facet normal -0.831356 0.55574 1.46544e-06
    outer loop
      vertex 42.3201 -1.54605 -15.6535
      vertex 42.4197 -1.397 -36.1451
      vertex 42.2166 -1.70088 -15.7084
    endloop
  endfacet
  facet normal -0.841018 0.38255 -0.38255
    outer loop
      vertex 42.4496 10.6636 -2.4218
      vertex 42.4496 0 -13.0854
      vertex 42.3201 0 -12.8007
    endloop
  endfacet
  facet normal -0.84089 0.382688 -0.382693
    outer loop
      vertex 42.4197 10.603 -2.4167
      vertex 42.4496 10.6636 -2.4218
      vertex 42.3201 0 -12.8007
    endloop
  endfacet
  facet normal -0.841056 0.382508 -0.382508
    outer loop
      vertex 42.3201 10.4539 -2.3468
      vertex 42.4197 10.603 -2.4167
      vertex 42.3201 0 -12.8007
    endloop
  endfacet
  facet normal -0.962634 -0.191489 0.191491
    outer loop
      vertex 42.7227 12.3584 -3.5464
      vertex 42.6526 12.7108 -3.5464
      vertex 42.6526 0.859174 -15.3979
    endloop
  endfacet
  facet normal -0.962597 -0.191581 0.19158
    outer loop
      vertex 42.6988 0.723142 -15.3018
      vertex 42.7227 12.3584 -3.5464
      vertex 42.6526 0.859174 -15.3979
    endloop
  endfacet
  facet normal -0.962646 -0.191459 0.191459
    outer loop
      vertex 42.7227 0.602974 -15.3018
      vertex 42.7227 12.3584 -3.5464
      vertex 42.6988 0.723142 -15.3018
    endloop
  endfacet
  facet normal -0.820192 -0.404528 0.404528
    outer loop
      vertex 42.3201 12.961 -4.2386
      vertex 42.1748 13.2556 -4.2386
      vertex 42.1748 1.74858 -15.7456
    endloop
  endfacet
  facet normal -0.820663 -0.40404 0.404059
    outer loop
      vertex 42.2166 1.70088 -15.7084
      vertex 42.3201 12.961 -4.2386
      vertex 42.1748 1.74858 -15.7456
    endloop
  endfacet
  facet normal -0.820039 -0.404682 0.404684
    outer loop
      vertex 42.3201 1.54605 -15.6535
      vertex 42.3201 12.961 -4.2386
      vertex 42.2166 1.70088 -15.7084
    endloop
  endfacet
  facet normal -0.726792 -0.485681 0.485682
    outer loop
      vertex 42.1748 13.2556 -4.2386
      vertex 41.9923 13.5287 -4.2386
      vertex 41.9923 1.95668 -15.8106
    endloop
  endfacet
  facet normal -0.726792 -0.485681 0.485682
    outer loop
      vertex 42.1748 1.74858 -15.7456
      vertex 42.1748 13.2556 -4.2386
      vertex 41.9923 1.95668 -15.8106
    endloop
  endfacet
  facet normal -0.707516 -0.499712 0.499709
    outer loop
      vertex 41.9757 1.97566 -15.8152
      vertex 41.847 13.4173 -4.5557
      vertex 41.847 2.08848 -15.8846
    endloop
  endfacet
  facet normal -0.708675 -0.498903 0.498874
    outer loop
      vertex 41.9757 1.97566 -15.8152
      vertex 41.9923 1.95668 -15.8106
      vertex 41.847 13.4173 -4.5557
    endloop
  endfacet
  facet normal -0.707477 -0.499738 0.499739
    outer loop
      vertex 41.9923 1.95668 -15.8106
      vertex 41.9923 13.5287 -4.2386
      vertex 41.847 13.4173 -4.5557
    endloop
  endfacet
  facet normal 0.233283 -0.687597 0.687597
    outer loop
      vertex 39.2769 2.6988 -16.1204
      vertex 39.1944 13.9449 -4.8463
      vertex 39.1944 2.67081 -16.1204
    endloop
  endfacet
  facet normal 0.233412 -0.687575 0.687575
    outer loop
      vertex 39.2769 2.6988 -16.1204
      vertex 39.4551 14.0334 -4.8463
      vertex 39.1944 13.9449 -4.8463
    endloop
  endfacet
  facet normal 0.233289 -0.687595 0.687597
    outer loop
      vertex 39.4551 2.73426 -16.1454
      vertex 39.4551 14.0334 -4.8463
      vertex 39.2769 2.6988 -16.1204
    endloop
  endfacet
  facet normal -0.329245 -0.667681 0.667683
    outer loop
      vertex 41.0526 2.58697 -16.0824
      vertex 41.0526 13.8231 -4.8463
      vertex 40.8056 13.9449 -4.8463
    endloop
  endfacet
  facet normal -0.329342 -0.667658 0.667658
    outer loop
      vertex 41.0526 2.58697 -16.0824
      vertex 40.8056 13.9449 -4.8463
      vertex 40.8056 2.67081 -16.1204
    endloop
  endfacet
  facet normal -0.0464105 -0.706345 0.706345
    outer loop
      vertex 40.2748 2.77599 -16.1574
      vertex 40.2748 14.0871 -4.8463
      vertex 40.2436 2.77804 -16.1574
    endloop
  endfacet
  facet normal 0.427315 -0.639296 0.639298
    outer loop
      vertex 38.9474 2.58697 -16.0824
      vertex 38.9474 13.8231 -4.8463
      vertex 38.7185 13.6701 -4.8463
    endloop
  endfacet
  facet normal 0.429023 -0.638703 0.638747
    outer loop
      vertex 38.9308 2.58132 -16.0769
      vertex 38.9474 2.58697 -16.0824
      vertex 38.7185 13.6701 -4.8463
    endloop
  endfacet
  facet normal 0.427059 -0.639383 0.639382
    outer loop
      vertex 38.9308 2.58132 -16.0769
      vertex 38.7185 13.6701 -4.8463
      vertex 38.7185 2.47662 -16.0398
    endloop
  endfacet
  facet normal -0.527105 0.600897 -0.600901
    outer loop
      vertex 41.4173 9.59386 -2.0037
      vertex 41.6462 9.74685 -2.0515
      vertex 41.4173 0 -11.5975
    endloop
  endfacet
  facet normal -0.527126 0.600889 -0.600892
    outer loop
      vertex 41.6462 9.74685 -2.0515
      vertex 41.6462 0 -11.7983
      vertex 41.4173 0 -11.5975
    endloop
  endfacet
  facet normal -0.962606 0.191559 -0.191559
    outer loop
      vertex 42.7227 11.397 -2.6984
      vertex 42.7227 0 -14.0954
      vertex 42.6988 11.2769 -2.6984
    endloop
  endfacet
  facet normal -0.962614 0.191539 -0.191539
    outer loop
      vertex 42.6988 11.2769 -2.6984
      vertex 42.7227 0 -14.0954
      vertex 42.6526 0 -13.7431
    endloop
  endfacet
  facet normal -0.962618 0.191529 -0.191529
    outer loop
      vertex 42.6526 11.1408 -2.6023
      vertex 42.6988 11.2769 -2.6984
      vertex 42.6526 0 -13.7431
    endloop
  endfacet
  facet normal -0.841112 -0.382445 0.382447
    outer loop
      vertex 42.4197 1.397 -15.5835
      vertex 42.3201 12.961 -4.2386
      vertex 42.3201 1.54605 -15.6535
    endloop
  endfacet
  facet normal -0.841003 -0.382564 0.382569
    outer loop
      vertex 42.4197 1.397 -15.5835
      vertex 42.4496 1.33637 -15.5784
      vertex 42.3201 12.961 -4.2386
    endloop
  endfacet
  facet normal -0.841105 -0.382454 0.382455
    outer loop
      vertex 42.4496 1.33637 -15.5784
      vertex 42.4496 13.0146 -3.9002
      vertex 42.3201 12.961 -4.2386
    endloop
  endfacet
  facet normal -0.99775 0.0670411 0
    outer loop
      vertex 42.794 0 -15.1832
      vertex 42.794 0 -36.1451
      vertex 42.7931 -0.0133944 -36.1451
    endloop
  endfacet
  facet normal -0.997864 0.0653319 1.09704e-06
    outer loop
      vertex 42.794 0 -15.1832
      vertex 42.7931 -0.0133944 -36.1451
      vertex 42.7701 -0.364691 -36.1451
    endloop
  endfacet
  facet normal -0.997859 0.0653947 0
    outer loop
      vertex 42.7701 -0.364691 -15.1832
      vertex 42.794 0 -15.1832
      vertex 42.7701 -0.364691 -36.1451
    endloop
  endfacet
  facet normal -0.322209 0.946668 0
    outer loop
      vertex 41.0692 -2.58132 -16.0769
      vertex 41.0692 -2.58132 -36.1451
      vertex 41.0526 -2.58697 -16.0824
    endloop
  endfacet
  facet normal -0.321422 0.946936 7.2719e-07
    outer loop
      vertex 41.0526 -2.58697 -16.0824
      vertex 41.0692 -2.58132 -36.1451
      vertex 40.8056 -2.67081 -16.1204
    endloop
  endfacet
  facet normal -0.321516 0.946904 -6.51914e-07
    outer loop
      vertex 40.8056 -2.67081 -16.1204
      vertex 41.0692 -2.58132 -36.1451
      vertex 40.7359 -2.69449 -36.1451
    endloop
  endfacet
  facet normal -0.321285 0.946982 -1.54598e-06
    outer loop
      vertex 40.8056 -2.67081 -16.1204
      vertex 40.7359 -2.69449 -36.1451
      vertex 40.7231 -2.6988 -16.1204
    endloop
  endfacet
  facet normal -0.319114 0.947716 0
    outer loop
      vertex 40.7231 -2.6988 -16.1204
      vertex 40.7359 -2.69449 -36.1451
      vertex 40.7231 -2.6988 -36.1451
    endloop
  endfacet
  facet normal 0.329245 -0.667681 0.667683
    outer loop
      vertex 39.1944 13.9449 -4.8463
      vertex 38.9474 13.8231 -4.8463
      vertex 38.9474 2.58697 -16.0824
    endloop
  endfacet
  facet normal 0.329342 -0.667658 0.667658
    outer loop
      vertex 39.1944 2.67081 -16.1204
      vertex 39.1944 13.9449 -4.8463
      vertex 38.9474 2.58697 -16.0824
    endloop
  endfacet
  facet normal 0.752088 0.659063 0
    outer loop
      vertex 37.7834 -1.70088 -15.7084
      vertex 37.8252 -1.74858 -15.7456
      vertex 37.7834 -1.70088 -36.1451
    endloop
  endfacet
  facet normal 0.751838 0.659348 1.18043e-06
    outer loop
      vertex 37.8252 -1.74858 -15.7456
      vertex 38.0077 -1.95668 -15.8106
      vertex 37.7834 -1.70088 -36.1451
    endloop
  endfacet
  facet normal 0.752722 0.658339 -2.12599e-05
    outer loop
      vertex 38.0077 -1.95668 -15.8106
      vertex 38.0243 -1.97566 -15.8152
      vertex 37.7834 -1.70088 -36.1451
    endloop
  endfacet
  facet normal 0.751878 0.659303 1.76291e-06
    outer loop
      vertex 38.0243 -1.97566 -15.8152
      vertex 38.0155 -1.96557 -36.1451
      vertex 37.7834 -1.70088 -36.1451
    endloop
  endfacet
  facet normal 0.75364 0.657288 0
    outer loop
      vertex 38.0243 -1.97566 -15.8152
      vertex 38.0243 -1.97566 -36.1451
      vertex 38.0155 -1.96557 -36.1451
    endloop
  endfacet
  facet normal 0.726791 0.48568 -0.485685
    outer loop
      vertex 38.0077 10.0433 -2.1897
      vertex 38.0077 0 -12.2329
      vertex 37.8252 10.2514 -2.2547
    endloop
  endfacet
  facet normal 0.726918 0.485588 -0.485588
    outer loop
      vertex 37.8252 10.2514 -2.2547
      vertex 38.0077 0 -12.2329
      vertex 37.8252 0 -12.5061
    endloop
  endfacet
  facet normal 0.841105 -0.382454 0.382455
    outer loop
      vertex 37.6799 12.961 -4.2386
      vertex 37.5504 13.0146 -3.9002
      vertex 37.5504 1.33637 -15.5784
    endloop
  endfacet
  facet normal 0.841112 -0.382445 0.382447
    outer loop
      vertex 37.6799 1.54605 -15.6535
      vertex 37.6799 12.961 -4.2386
      vertex 37.5803 1.397 -15.5835
    endloop
  endfacet
  facet normal 0.841003 -0.382564 0.382569
    outer loop
      vertex 37.5803 1.397 -15.5835
      vertex 37.6799 12.961 -4.2386
      vertex 37.5504 1.33637 -15.5784
    endloop
  endfacet
  facet normal -0.139228 0.700219 -0.700221
    outer loop
      vertex 40.3647 9.2299 -1.8548
      vertex 40.5449 9.26573 -1.8548
      vertex 40.2748 0 -11.0668
    endloop
  endfacet
  facet normal -0.139468 0.700199 -0.700193
    outer loop
      vertex 40.5449 9.26573 -1.8548
      vertex 40.5449 0 -11.1206
      vertex 40.2748 0 -11.0668
    endloop
  endfacet
  facet normal -0.139417 0.700201 -0.700201
    outer loop
      vertex 40.2748 9.224 -1.8428
      vertex 40.3647 9.2299 -1.8548
      vertex 40.2748 0 -11.0668
    endloop
  endfacet
  facet normal -0.62757 0.550522 -0.550529
    outer loop
      vertex 41.847 9.91152 -2.1158
      vertex 41.847 0 -12.0272
      vertex 41.6462 0 -11.7983
    endloop
  endfacet
  facet normal -0.627807 0.550391 -0.550389
    outer loop
      vertex 41.7009 9.78337 -2.0773
      vertex 41.847 9.91152 -2.1158
      vertex 41.6462 0 -11.7983
    endloop
  endfacet
  facet normal -0.627355 0.550646 -0.550649
    outer loop
      vertex 41.6462 9.74685 -2.0515
      vertex 41.7009 9.78337 -2.0773
      vertex 41.6462 0 -11.7983
    endloop
  endfacet
  facet normal -0.93072 0.258612 -0.258612
    outer loop
      vertex 42.6526 11.1408 -2.6023
      vertex 42.6526 0 -13.7431
      vertex 42.5611 0 -13.4138
    endloop
  endfacet
  facet normal -0.930572 0.258874 -0.258883
    outer loop
      vertex 42.5813 10.9308 -2.556
      vertex 42.6526 11.1408 -2.6023
      vertex 42.5611 0 -13.4138
    endloop
  endfacet
  facet normal -0.931065 0.257989 -0.257992
    outer loop
      vertex 42.5611 10.8897 -2.5242
      vertex 42.5813 10.9308 -2.556
      vertex 42.5611 0 -13.4138
    endloop
  endfacet
  facet normal -0.901467 0.306068 -0.306071
    outer loop
      vertex 42.5611 10.8897 -2.5242
      vertex 42.5611 0 -13.4138
      vertex 42.4496 0 -13.0854
    endloop
  endfacet
  facet normal -0.901518 0.305995 -0.305995
    outer loop
      vertex 42.4496 10.6636 -2.4218
      vertex 42.5611 10.8897 -2.5242
      vertex 42.4496 0 -13.0854
    endloop
  endfacet
  facet normal -0.982815 0.130528 -0.130528
    outer loop
      vertex 42.7701 11.6353 -2.817
      vertex 42.7701 0 -14.4523
      vertex 42.7227 0 -14.0954
    endloop
  endfacet
  facet normal -0.982815 0.130528 -0.130528
    outer loop
      vertex 42.7227 11.397 -2.6984
      vertex 42.7701 11.6353 -2.817
      vertex 42.7227 0 -14.0954
    endloop
  endfacet
  facet normal -0.995733 0.0652537 -0.0652537
    outer loop
      vertex 42.794 0 -14.817
      vertex 42.7701 11.6353 -2.817
      vertex 42.794 12 -2.817
    endloop
  endfacet
  facet normal -0.995733 0.0652537 -0.0652537
    outer loop
      vertex 42.7701 11.6353 -2.817
      vertex 42.794 0 -14.817
      vertex 42.7701 0 -14.4523
    endloop
  endfacet
  facet normal -0.901466 -0.30607 0.306071
    outer loop
      vertex 42.5611 12.6862 -3.9002
      vertex 42.4496 13.0146 -3.9002
      vertex 42.4496 1.33637 -15.5784
    endloop
  endfacet
  facet normal -0.901446 -0.306101 0.306101
    outer loop
      vertex 42.5611 1.11031 -15.4761
      vertex 42.5611 12.6862 -3.9002
      vertex 42.4496 1.33637 -15.5784
    endloop
  endfacet
  facet normal 0.442208 0.896913 0
    outer loop
      vertex 38.9308 -2.58132 -16.0769
      vertex 38.9308 -2.58132 -36.1451
      vertex 38.615 -2.42562 -36.1451
    endloop
  endfacet
  facet normal 0.443625 0.896212 -2.77328e-05
    outer loop
      vertex 38.9308 -2.58132 -16.0769
      vertex 38.615 -2.42562 -36.1451
      vertex 38.603 -2.41968 -36.1451
    endloop
  endfacet
  facet normal 0.442306 0.896864 -9.4207e-07
    outer loop
      vertex 38.7185 -2.47662 -16.0398
      vertex 38.9308 -2.58132 -16.0769
      vertex 38.603 -2.41968 -36.1451
    endloop
  endfacet
  facet normal 0.442174 0.896929 0
    outer loop
      vertex 38.603 -2.41968 -16
      vertex 38.7185 -2.47662 -16.0398
      vertex 38.603 -2.41968 -36.1451
    endloop
  endfacet
  facet normal -0.233282 0.687595 -0.687599
    outer loop
      vertex 40.7231 9.3012 -1.8799
      vertex 40.8056 9.32919 -1.8799
      vertex 40.5449 0 -11.1206
    endloop
  endfacet
  facet normal -0.233163 0.687614 -0.687621
    outer loop
      vertex 40.8056 9.32919 -1.8799
      vertex 40.8056 0 -11.209
      vertex 40.5449 0 -11.1206
    endloop
  endfacet
  facet normal -0.23369 0.68753 -0.687525
    outer loop
      vertex 40.5449 9.26573 -1.8548
      vertex 40.7231 9.3012 -1.8799
      vertex 40.5449 0 -11.1206
    endloop
  endfacet
  facet normal 1 0 0
    outer loop
      vertex 37.206 0 -14.817
      vertex 37.206 12 -3.1833
      vertex 37.206 12 -2.817
    endloop
  endfacet
  facet normal 1 -0 0
    outer loop
      vertex 37.206 0 -14.817
      vertex 37.206 0 -15.1832
      vertex 37.206 12 -3.1833
    endloop
  endfacet
  facet normal 1 -0 0
    outer loop
      vertex 37.206 -12 -3.1833
      vertex 37.206 0 -14.817
      vertex 37.206 -12 -2.817
    endloop
  endfacet
  facet normal 1 0 0
    outer loop
      vertex 37.206 0 -14.817
      vertex 37.206 -12 -3.1833
      vertex 37.206 0 -15.1832
    endloop
  endfacet
  facet normal 0.99775 0.0670411 0
    outer loop
      vertex 37.206 0 -15.1832
      vertex 37.2069 -0.0133944 -36.1451
      vertex 37.206 0 -36.1451
    endloop
  endfacet
  facet normal 0.997864 0.0653319 1.09704e-06
    outer loop
      vertex 37.2299 -0.364691 -36.1451
      vertex 37.2069 -0.0133944 -36.1451
      vertex 37.206 0 -15.1832
    endloop
  endfacet
  facet normal 0.997859 0.0653947 0
    outer loop
      vertex 37.2299 -0.364691 -15.1832
      vertex 37.2299 -0.364691 -36.1451
      vertex 37.206 0 -15.1832
    endloop
  endfacet
  facet normal 0.3291 0.667714 -0.667721
    outer loop
      vertex 39.1944 9.32919 -1.8799
      vertex 39.1944 0 -11.209
      vertex 38.9474 9.41303 -1.9178
    endloop
  endfacet
  facet normal 0.329246 0.66768 -0.667683
    outer loop
      vertex 38.9474 9.41303 -1.9178
      vertex 39.1944 0 -11.209
      vertex 38.9474 0 -11.3308
    endloop
  endfacet
  facet normal -0.726918 0.485588 -0.485588
    outer loop
      vertex 42.1748 10.2514 -2.2547
      vertex 42.1748 0 -12.5061
      vertex 41.9923 0 -12.2329
    endloop
  endfacet
  facet normal -0.726791 0.48568 -0.485685
    outer loop
      vertex 41.9923 10.0433 -2.1897
      vertex 42.1748 10.2514 -2.2547
      vertex 41.9923 0 -12.2329
    endloop
  endfacet
  facet normal -0.659191 0.751976 0
    outer loop
      vertex 41.9757 -1.97566 -15.8152
      vertex 41.9757 -1.97566 -36.1451
      vertex 41.847 -2.08848 -15.8846
    endloop
  endfacet
  facet normal -0.659414 0.75178 -2.51091e-06
    outer loop
      vertex 41.847 -2.08848 -15.8846
      vertex 41.9757 -1.97566 -36.1451
      vertex 41.7009 -2.21663 -15.9231
    endloop
  endfacet
  facet normal -0.659032 0.752115 6.69104e-06
    outer loop
      vertex 41.9757 -1.97566 -36.1451
      vertex 41.9656 -1.98451 -36.1451
      vertex 41.7009 -2.21663 -15.9231
    endloop
  endfacet
  facet normal -0.659321 0.751862 0
    outer loop
      vertex 41.7009 -2.21663 -15.9231
      vertex 41.9656 -1.98451 -36.1451
      vertex 41.7009 -2.21663 -36.1451
    endloop
  endfacet
  facet normal -0.980783 0.1951 0
    outer loop
      vertex 42.7701 -0.364691 -15.1832
      vertex 42.7701 -0.364691 -36.1451
      vertex 42.7227 -0.602974 -15.3018
    endloop
  endfacet
  facet normal -0.980775 0.195143 5.00866e-07
    outer loop
      vertex 42.7227 -0.602974 -15.3018
      vertex 42.7701 -0.364691 -36.1451
      vertex 42.7014 -0.709973 -36.1451
    endloop
  endfacet
  facet normal -0.981062 0.193694 8.22885e-06
    outer loop
      vertex 42.7227 -0.602974 -15.3018
      vertex 42.7014 -0.709973 -36.1451
      vertex 42.6988 -0.723142 -36.1451
    endloop
  endfacet
  facet normal -0.98079 0.195068 0
    outer loop
      vertex 42.6988 -0.723142 -15.3018
      vertex 42.7227 -0.602974 -15.3018
      vertex 42.6988 -0.723142 -36.1451
    endloop
  endfacet
  facet normal -1 0 0
    outer loop
      vertex 42.794 0 -14.817
      vertex 42.794 12 -3.1833
      vertex 42.794 0 -15.1832
    endloop
  endfacet
  facet normal -1 -0 0
    outer loop
      vertex 42.794 12 -3.1833
      vertex 42.794 0 -14.817
      vertex 42.794 12 -2.817
    endloop
  endfacet
  facet normal -1 0 0
    outer loop
      vertex 42.794 -12 -3.1833
      vertex 42.794 0 -14.817
      vertex 42.794 0 -15.1832
    endloop
  endfacet
  facet normal -1 0 0
    outer loop
      vertex 42.794 0 -14.817
      vertex 42.794 -12 -3.1833
      vertex 42.794 -12 -2.817
    endloop
  endfacet
  facet normal 0.659321 0.751862 0
    outer loop
      vertex 38.2991 -2.21663 -15.9231
      vertex 38.2991 -2.21663 -36.1451
      vertex 38.0344 -1.98451 -36.1451
    endloop
  endfacet
  facet normal 0.659032 0.752115 6.69104e-06
    outer loop
      vertex 38.2991 -2.21663 -15.9231
      vertex 38.0344 -1.98451 -36.1451
      vertex 38.0243 -1.97566 -36.1451
    endloop
  endfacet
  facet normal 0.659414 0.75178 -2.51091e-06
    outer loop
      vertex 38.153 -2.08848 -15.8846
      vertex 38.2991 -2.21663 -15.9231
      vertex 38.0243 -1.97566 -36.1451
    endloop
  endfacet
  facet normal 0.659191 0.751976 0
    outer loop
      vertex 38.0243 -1.97566 -15.8152
      vertex 38.153 -2.08848 -15.8846
      vertex 38.0243 -1.97566 -36.1451
    endloop
  endfacet
  facet normal 0.321285 0.946982 0
    outer loop
      vertex 39.2769 -2.6988 -16.1204
      vertex 39.2769 -2.6988 -36.1451
      vertex 39.1944 -2.67081 -16.1204
    endloop
  endfacet
  facet normal 0.319114 0.947716 -9.97202e-06
    outer loop
      vertex 39.2769 -2.6988 -36.1451
      vertex 39.2641 -2.69449 -36.1451
      vertex 39.1944 -2.67081 -16.1204
    endloop
  endfacet
  facet normal 0.321516 0.946904 -6.51914e-07
    outer loop
      vertex 39.1944 -2.67081 -16.1204
      vertex 39.2641 -2.69449 -36.1451
      vertex 38.9308 -2.58132 -36.1451
    endloop
  endfacet
  facet normal 0.321422 0.946936 7.2719e-07
    outer loop
      vertex 38.9474 -2.58697 -16.0824
      vertex 39.1944 -2.67081 -16.1204
      vertex 38.9308 -2.58132 -36.1451
    endloop
  endfacet
  facet normal 0.322209 0.946668 0
    outer loop
      vertex 38.9308 -2.58132 -16.0769
      vertex 38.9474 -2.58697 -16.0824
      vertex 38.9308 -2.58132 -36.1451
    endloop
  endfacet
  facet normal 0.995733 0.0652537 -0.0652537
    outer loop
      vertex 37.2299 0 -14.4523
      vertex 37.206 12 -2.817
      vertex 37.2299 11.6353 -2.817
    endloop
  endfacet
  facet normal 0.995733 0.0652537 -0.0652537
    outer loop
      vertex 37.206 12 -2.817
      vertex 37.2299 0 -14.4523
      vertex 37.206 0 -14.817
    endloop
  endfacet
  facet normal -0.442174 0.896929 0
    outer loop
      vertex 41.397 -2.41968 -16
      vertex 41.397 -2.41968 -36.1451
      vertex 41.2815 -2.47662 -16.0398
    endloop
  endfacet
  facet normal -0.442306 0.896864 -9.4207e-07
    outer loop
      vertex 41.2815 -2.47662 -16.0398
      vertex 41.397 -2.41968 -36.1451
      vertex 41.0692 -2.58132 -16.0769
    endloop
  endfacet
  facet normal -0.443625 0.896212 -2.77328e-05
    outer loop
      vertex 41.397 -2.41968 -36.1451
      vertex 41.385 -2.42562 -36.1451
      vertex 41.0692 -2.58132 -16.0769
    endloop
  endfacet
  facet normal -0.442208 0.896913 0
    outer loop
      vertex 41.0692 -2.58132 -16.0769
      vertex 41.385 -2.42562 -36.1451
      vertex 41.0692 -2.58132 -36.1451
    endloop
  endfacet
  facet normal 0.831449 0.555601 0
    outer loop
      vertex 37.5803 -1.397 -15.5835
      vertex 37.6799 -1.54605 -15.6535
      vertex 37.5803 -1.397 -36.1451
    endloop
  endfacet
  facet normal 0.831356 0.55574 1.46544e-06
    outer loop
      vertex 37.6799 -1.54605 -15.6535
      vertex 37.7834 -1.70088 -15.7084
      vertex 37.5803 -1.397 -36.1451
    endloop
  endfacet
  facet normal 0.831456 0.555591 -1.7379e-06
    outer loop
      vertex 37.7834 -1.70088 -15.7084
      vertex 37.7759 -1.68972 -36.1451
      vertex 37.5803 -1.397 -36.1451
    endloop
  endfacet
  facet normal 0.829985 0.557786 0
    outer loop
      vertex 37.7834 -1.70088 -15.7084
      vertex 37.7834 -1.70088 -36.1451
      vertex 37.7759 -1.68972 -36.1451
    endloop
  endfacet
  facet normal -0.3291 0.667714 -0.667721
    outer loop
      vertex 40.8056 9.32919 -1.8799
      vertex 41.0526 9.41303 -1.9178
      vertex 40.8056 0 -11.209
    endloop
  endfacet
  facet normal -0.329246 0.66768 -0.667683
    outer loop
      vertex 41.0526 9.41303 -1.9178
      vertex 41.0526 0 -11.3308
      vertex 40.8056 0 -11.209
    endloop
  endfacet
  facet normal -0.982813 -0.130534 0.130534
    outer loop
      vertex 42.7701 0.364691 -15.1832
      vertex 42.7227 12.3584 -3.5464
      vertex 42.7227 0.602974 -15.3018
    endloop
  endfacet
  facet normal -0.982806 -0.130562 0.130563
    outer loop
      vertex 42.7701 0.364691 -15.1832
      vertex 42.7701 12.3647 -3.1833
      vertex 42.7227 12.3584 -3.5464
    endloop
  endfacet
  facet normal -0.752088 0.659063 0
    outer loop
      vertex 42.2166 -1.70088 -15.7084
      vertex 42.2166 -1.70088 -36.1451
      vertex 42.1748 -1.74858 -15.7456
    endloop
  endfacet
  facet normal -0.751838 0.659348 1.18043e-06
    outer loop
      vertex 42.1748 -1.74858 -15.7456
      vertex 42.2166 -1.70088 -36.1451
      vertex 41.9923 -1.95668 -15.8106
    endloop
  endfacet
  facet normal -0.751878 0.659303 1.76291e-06
    outer loop
      vertex 42.2166 -1.70088 -36.1451
      vertex 41.9845 -1.96557 -36.1451
      vertex 41.9757 -1.97566 -15.8152
    endloop
  endfacet
  facet normal -0.75364 0.657288 0
    outer loop
      vertex 41.9757 -1.97566 -15.8152
      vertex 41.9845 -1.96557 -36.1451
      vertex 41.9757 -1.97566 -36.1451
    endloop
  endfacet
  facet normal -0.752722 0.658339 -2.12599e-05
    outer loop
      vertex 41.9923 -1.95668 -15.8106
      vertex 42.2166 -1.70088 -36.1451
      vertex 41.9757 -1.97566 -15.8152
    endloop
  endfacet
  facet normal -0.707478 0.499735 -0.49974
    outer loop
      vertex 41.9923 10.0433 -2.1897
      vertex 41.9923 0 -12.2329
      vertex 41.847 0 -12.0272
    endloop
  endfacet
  facet normal -0.708976 0.498694 -0.498655
    outer loop
      vertex 41.9757 10.0243 -2.1851
      vertex 41.9923 10.0433 -2.1897
      vertex 41.847 0 -12.0272
    endloop
  endfacet
  facet normal -0.707244 0.4999 -0.499906
    outer loop
      vertex 41.847 9.91152 -2.1158
      vertex 41.9757 10.0243 -2.1851
      vertex 41.847 0 -12.0272
    endloop
  endfacet
  facet normal -0.0461846 0.706353 -0.706352
    outer loop
      vertex 40.241 9.22179 -1.8428
      vertex 40.2748 9.224 -1.8428
      vertex 40.241 0 -11.0646
    endloop
  endfacet
  facet normal -0.045976 0.706359 -0.706359
    outer loop
      vertex 40.2748 9.224 -1.8428
      vertex 40.2748 0 -11.0668
      vertex 40.241 0 -11.0646
    endloop
  endfacet
  facet normal 0.23369 0.68753 -0.687525
    outer loop
      vertex 39.4551 9.26573 -1.8548
      vertex 39.4551 0 -11.1206
      vertex 39.2769 9.3012 -1.8799
    endloop
  endfacet
  facet normal 0.233282 0.687595 -0.687599
    outer loop
      vertex 39.2769 9.3012 -1.8799
      vertex 39.4551 0 -11.1206
      vertex 39.1944 9.32919 -1.8799
    endloop
  endfacet
  facet normal 0.233163 0.687614 -0.687621
    outer loop
      vertex 39.1944 9.32919 -1.8799
      vertex 39.4551 0 -11.1206
      vertex 39.1944 0 -11.209
    endloop
  endfacet
  facet normal 0 -0 1
    outer loop
      vertex 40.2436 -2.77804 -16.1574
      vertex 40.2748 -2.77599 -16.1574
      vertex 40.2223 -2.77943 -16.1574
    endloop
  endfacet
  facet normal -0.0653836 0.99786 -2.94788e-08
    outer loop
      vertex 40.2748 -2.77599 -16.1574
      vertex 40.3647 -2.7701 -36.1451
      vertex 40.2223 -2.77943 -16.1574
    endloop
  endfacet
  facet normal -0.0653771 0.997861 0
    outer loop
      vertex 40.3647 -2.7701 -16.1454
      vertex 40.3647 -2.7701 -36.1451
      vertex 40.2748 -2.77599 -16.1574
    endloop
  endfacet
  facet normal -0.0654017 0.997859 -1.59226e-07
    outer loop
      vertex 40.2223 -2.77943 -16.1574
      vertex 40.3647 -2.7701 -36.1451
      vertex 40 -2.794 -16.1574
    endloop
  endfacet
  facet normal -0.0654161 0.997858 -4.22212e-07
    outer loop
      vertex 40.3647 -2.7701 -36.1451
      vertex 40.0134 -2.79313 -36.1451
      vertex 40 -2.794 -16.1574
    endloop
  endfacet
  facet normal -0.064789 0.997899 0
    outer loop
      vertex 40 -2.794 -16.1574
      vertex 40.0134 -2.79313 -36.1451
      vertex 40 -2.794 -36.1451
    endloop
  endfacet
  facet normal 0.707244 0.4999 -0.499906
    outer loop
      vertex 38.153 9.91152 -2.1158
      vertex 38.153 0 -12.0272
      vertex 38.0243 10.0243 -2.1851
    endloop
  endfacet
  facet normal 0.708976 0.498694 -0.498655
    outer loop
      vertex 38.0243 10.0243 -2.1851
      vertex 38.153 0 -12.0272
      vertex 38.0077 10.0433 -2.1897
    endloop
  endfacet
  facet normal 0.707478 0.499735 -0.49974
    outer loop
      vertex 38.0077 10.0433 -2.1897
      vertex 38.153 0 -12.0272
      vertex 38.0077 0 -12.2329
    endloop
  endfacet
  facet normal 0.527105 0.600897 -0.600901
    outer loop
      vertex 38.5827 9.59386 -2.0037
      vertex 38.5827 0 -11.5975
      vertex 38.3538 9.74685 -2.0515
    endloop
  endfacet
  facet normal 0.527126 0.600889 -0.600892
    outer loop
      vertex 38.3538 9.74685 -2.0515
      vertex 38.5827 0 -11.5975
      vertex 38.3538 0 -11.7983
    endloop
  endfacet
  facet normal -0.0463083 0.706349 -0.706348
    outer loop
      vertex 40 9.20599 -1.8428
      vertex 40.241 9.22179 -1.8428
      vertex 40 0 -11.0488
    endloop
  endfacet
  facet normal -0.0463083 0.706349 -0.706348
    outer loop
      vertex 40.241 9.22179 -1.8428
      vertex 40.241 0 -11.0646
      vertex 40 0 -11.0488
    endloop
  endfacet
  facet normal 0.139417 0.700201 -0.700201
    outer loop
      vertex 39.7252 9.224 -1.8428
      vertex 39.7252 0 -11.0668
      vertex 39.6353 9.2299 -1.8548
    endloop
  endfacet
  facet normal 0.139228 0.700219 -0.700221
    outer loop
      vertex 39.6353 9.2299 -1.8548
      vertex 39.7252 0 -11.0668
      vertex 39.4551 9.26573 -1.8548
    endloop
  endfacet
  facet normal 0.139468 0.700199 -0.700193
    outer loop
      vertex 39.4551 9.26573 -1.8548
      vertex 39.7252 0 -11.0668
      vertex 39.4551 0 -11.1206
    endloop
  endfacet
  facet normal -0.947258 0.320473 -1.9044e-05
    outer loop
      vertex 42.6988 -0.723142 -36.1451
      vertex 42.6945 -0.735852 -36.1451
      vertex 42.5813 -1.06922 -15.4443
    endloop
  endfacet
  facet normal -0.946881 0.321585 0
    outer loop
      vertex 42.6988 -0.723142 -15.3018
      vertex 42.6988 -0.723142 -36.1451
      vertex 42.6526 -0.859174 -15.3979
    endloop
  endfacet
  facet normal -0.946898 0.321533 0
    outer loop
      vertex 42.5813 -1.06922 -15.4443
      vertex 42.6945 -0.735852 -36.1451
      vertex 42.5813 -1.06922 -36.1451
    endloop
  endfacet
  facet normal -0.946931 0.321436 -1.09435e-06
    outer loop
      vertex 42.6526 -0.859174 -15.3979
      vertex 42.6988 -0.723142 -36.1451
      vertex 42.5813 -1.06922 -15.4443
    endloop
  endfacet
  facet normal -0.195163 0.980771 0
    outer loop
      vertex 40.7231 -2.6988 -16.1204
      vertex 40.7231 -2.6988 -36.1451
      vertex 40.5449 -2.73426 -16.1454
    endloop
  endfacet
  facet normal -0.196116 0.980581 -8.82536e-06
    outer loop
      vertex 40.7231 -2.6988 -36.1451
      vertex 40.71 -2.70142 -36.1451
      vertex 40.5449 -2.73426 -16.1454
    endloop
  endfacet
  facet normal -0.195069 0.980789 1.58932e-07
    outer loop
      vertex 40.5449 -2.73426 -16.1454
      vertex 40.71 -2.70142 -36.1451
      vertex 40.3647 -2.7701 -16.1454
    endloop
  endfacet
  facet normal -0.195078 0.980788 0
    outer loop
      vertex 40.3647 -2.7701 -16.1454
      vertex 40.71 -2.70142 -36.1451
      vertex 40.3647 -2.7701 -36.1451
    endloop
  endfacet
  facet normal -0.429023 0.638724 -0.638726
    outer loop
      vertex 41.0526 9.41303 -1.9178
      vertex 41.0692 9.41868 -1.9233
      vertex 41.0526 0 -11.3308
    endloop
  endfacet
  facet normal -0.427304 0.639298 -0.639304
    outer loop
      vertex 41.0692 9.41868 -1.9233
      vertex 41.2815 9.52338 -1.9605
      vertex 41.0526 0 -11.3308
    endloop
  endfacet
  facet normal -0.427317 0.639294 -0.639299
    outer loop
      vertex 41.2815 9.52338 -1.9605
      vertex 41.2815 0 -11.4838
      vertex 41.0526 0 -11.3308
    endloop
  endfacet
  facet normal 0.627355 0.550646 -0.550649
    outer loop
      vertex 38.3538 9.74685 -2.0515
      vertex 38.3538 0 -11.7983
      vertex 38.2991 9.78337 -2.0773
    endloop
  endfacet
  facet normal 0.627807 0.550391 -0.550389
    outer loop
      vertex 38.2991 9.78337 -2.0773
      vertex 38.3538 0 -11.7983
      vertex 38.153 9.91152 -2.1158
    endloop
  endfacet
  facet normal 0.62757 0.550522 -0.550529
    outer loop
      vertex 38.153 9.91152 -2.1158
      vertex 38.3538 0 -11.7983
      vertex 38.153 0 -12.0272
    endloop
  endfacet
  facet normal 0.0654017 0.997859 -4.12549e-07
    outer loop
      vertex 40 -2.794 -16.1574
      vertex 39.9866 -2.79313 -36.1451
      vertex 39.7777 -2.77943 -16.1574
    endloop
  endfacet
  facet normal 0.0651197 0.997877 -3.37284e-06
    outer loop
      vertex 39.7777 -2.77943 -16.1574
      vertex 39.9866 -2.79313 -36.1451
      vertex 39.7564 -2.77804 -16.1574
    endloop
  endfacet
  facet normal 0.064789 0.997899 0
    outer loop
      vertex 40 -2.794 -16.1574
      vertex 40 -2.794 -36.1451
      vertex 39.9866 -2.79313 -36.1451
    endloop
  endfacet
  facet normal 0.0655638 0.997848 1.76331e-06
    outer loop
      vertex 39.7564 -2.77804 -16.1574
      vertex 39.9866 -2.79313 -36.1451
      vertex 39.7252 -2.77599 -16.1574
    endloop
  endfacet
  facet normal 0.0654161 0.997858 -1.76218e-07
    outer loop
      vertex 39.7252 -2.77599 -16.1574
      vertex 39.9866 -2.79313 -36.1451
      vertex 39.6353 -2.7701 -36.1451
    endloop
  endfacet
  facet normal 0.0653771 0.997861 0
    outer loop
      vertex 39.6353 -2.7701 -16.1454
      vertex 39.7252 -2.77599 -16.1574
      vertex 39.6353 -2.7701 -36.1451
    endloop
  endfacet
  facet normal 0.555598 0.831451 0
    outer loop
      vertex 38.603 -2.41968 -16
      vertex 38.603 -2.41968 -36.1451
      vertex 38.3103 -2.22409 -36.1451
    endloop
  endfacet
  facet normal 0.554357 0.832279 2.60648e-05
    outer loop
      vertex 38.603 -2.41968 -16
      vertex 38.3103 -2.22409 -36.1451
      vertex 38.2991 -2.21663 -36.1451
    endloop
  endfacet
  facet normal 0.554891 0.831923 1.44255e-05
    outer loop
      vertex 38.5827 -2.40614 -15.9966
      vertex 38.603 -2.41968 -16
      vertex 38.2991 -2.21663 -36.1451
    endloop
  endfacet
  facet normal 0.55568 0.831396 -1.64013e-06
    outer loop
      vertex 38.3538 -2.25315 -15.9488
      vertex 38.5827 -2.40614 -15.9966
      vertex 38.2991 -2.21663 -36.1451
    endloop
  endfacet
  facet normal 0.555261 0.831676 0
    outer loop
      vertex 38.2991 -2.21663 -15.9231
      vertex 38.3538 -2.25315 -15.9488
      vertex 38.2991 -2.21663 -36.1451
    endloop
  endfacet
  facet normal 0.0463083 0.706349 -0.706348
    outer loop
      vertex 40 9.20599 -1.8428
      vertex 40 0 -11.0488
      vertex 39.759 9.22179 -1.8428
    endloop
  endfacet
  facet normal 0.0463083 0.706349 -0.706348
    outer loop
      vertex 39.759 9.22179 -1.8428
      vertex 40 0 -11.0488
      vertex 39.759 0 -11.0646
    endloop
  endfacet
  facet normal 0.195069 0.980789 0
    outer loop
      vertex 39.6353 -2.7701 -16.1454
      vertex 39.6353 -2.7701 -36.1451
      vertex 39.4551 -2.73426 -16.1454
    endloop
  endfacet
  facet normal 0.195078 0.980788 8.29407e-08
    outer loop
      vertex 39.4551 -2.73426 -16.1454
      vertex 39.6353 -2.7701 -36.1451
      vertex 39.29 -2.70142 -36.1451
    endloop
  endfacet
  facet normal 0.196116 0.980581 -8.82536e-06
    outer loop
      vertex 39.4551 -2.73426 -16.1454
      vertex 39.29 -2.70142 -36.1451
      vertex 39.2769 -2.6988 -36.1451
    endloop
  endfacet
  facet normal 0.195163 0.980771 0
    outer loop
      vertex 39.2769 -2.6988 -16.1204
      vertex 39.4551 -2.73426 -16.1454
      vertex 39.2769 -2.6988 -36.1451
    endloop
  endfacet
  facet normal 0.429023 0.638724 -0.638726
    outer loop
      vertex 38.9474 9.41303 -1.9178
      vertex 38.9474 0 -11.3308
      vertex 38.9308 9.41868 -1.9233
    endloop
  endfacet
  facet normal 0.427304 0.639298 -0.639304
    outer loop
      vertex 38.9308 9.41868 -1.9233
      vertex 38.9474 0 -11.3308
      vertex 38.7185 9.52338 -1.9605
    endloop
  endfacet
  facet normal 0.427317 0.639294 -0.639299
    outer loop
      vertex 38.7185 9.52338 -1.9605
      vertex 38.9474 0 -11.3308
      vertex 38.7185 0 -11.4838
    endloop
  endfacet
  facet normal -0.555261 0.831676 0
    outer loop
      vertex 41.7009 -2.21663 -15.9231
      vertex 41.7009 -2.21663 -36.1451
      vertex 41.6462 -2.25315 -15.9488
    endloop
  endfacet
  facet normal -0.55568 0.831396 -1.64013e-06
    outer loop
      vertex 41.6462 -2.25315 -15.9488
      vertex 41.7009 -2.21663 -36.1451
      vertex 41.4173 -2.40614 -15.9966
    endloop
  endfacet
  facet normal -0.554891 0.831923 1.44255e-05
    outer loop
      vertex 41.4173 -2.40614 -15.9966
      vertex 41.7009 -2.21663 -36.1451
      vertex 41.397 -2.41968 -16
    endloop
  endfacet
  facet normal -0.554357 0.832279 2.60648e-05
    outer loop
      vertex 41.7009 -2.21663 -36.1451
      vertex 41.6897 -2.22409 -36.1451
      vertex 41.397 -2.41968 -16
    endloop
  endfacet
  facet normal -0.555598 0.831451 0
    outer loop
      vertex 41.397 -2.41968 -16
      vertex 41.6897 -2.22409 -36.1451
      vertex 41.397 -2.41968 -36.1451
    endloop
  endfacet
  facet normal 0.509197 0.608569 -0.608574
    outer loop
      vertex 38.7185 9.52338 -1.9605
      vertex 38.7185 0 -11.4838
      vertex 38.603 9.58032 -2.0002
    endloop
  endfacet
  facet normal 0.510415 0.608068 -0.608053
    outer loop
      vertex 38.603 9.58032 -2.0002
      vertex 38.7185 0 -11.4838
      vertex 38.5827 9.59386 -2.0037
    endloop
  endfacet
  facet normal 0.509447 0.608465 -0.608469
    outer loop
      vertex 38.5827 9.59386 -2.0037
      vertex 38.7185 0 -11.4838
      vertex 38.5827 0 -11.5975
    endloop
  endfacet
  facet normal 0.0461846 0.706353 -0.706352
    outer loop
      vertex 39.759 9.22179 -1.8428
      vertex 39.759 0 -11.0646
      vertex 39.7252 9.224 -1.8428
    endloop
  endfacet
  facet normal 0.045976 0.706359 -0.706359
    outer loop
      vertex 39.7252 9.224 -1.8428
      vertex 39.759 0 -11.0646
      vertex 39.7252 0 -11.0668
    endloop
  endfacet
  facet normal -0.442172 0.89693 0
    outer loop
      vertex 41.397 -14.4197 -3.1833
      vertex 41.0692 -14.5813 0
      vertex 41.397 -14.4197 0
    endloop
  endfacet
  facet normal -0.442172 0.89693 0
    outer loop
      vertex 41.0692 -14.5813 0
      vertex 41.397 -14.4197 -3.1833
      vertex 41.0692 -14.5813 -3.1833
    endloop
  endfacet
  facet normal -0.0654508 -0.997856 1.51384e-06
    outer loop
      vertex 40.241 -9.22179 -1.8428
      vertex 40.2694 -9.22365 0
      vertex 40.1857 -9.21816 0
    endloop
  endfacet
  facet normal -0.0653955 -0.997859 0
    outer loop
      vertex 40 -9.20599 -1.8428
      vertex 40.1857 -9.21816 0
      vertex 40 -9.20599 0
    endloop
  endfacet
  facet normal -0.0654197 -0.997858 2.44906e-06
    outer loop
      vertex 40.1857 -9.21816 0
      vertex 40 -9.20599 -1.8428
      vertex 40.241 -9.22179 -1.8428
    endloop
  endfacet
  facet normal -0.0652453 -0.997869 -1.66614e-06
    outer loop
      vertex 40.2748 -9.224 -1.8428
      vertex 40.2694 -9.22365 0
      vertex 40.241 -9.22179 -1.8428
    endloop
  endfacet
  facet normal -0.0649964 -0.997886 -9.33629e-07
    outer loop
      vertex 40.2694 -9.22365 0
      vertex 40.2748 -9.224 -1.8428
      vertex 40.2955 -9.22535 0
    endloop
  endfacet
  facet normal -0.0656098 -0.997845 5.98605e-06
    outer loop
      vertex 40.2748 -9.224 -1.8428
      vertex 40.3647 -9.2299 0
      vertex 40.2955 -9.22535 0
    endloop
  endfacet
  facet normal -0.0654876 -0.997853 -0
    outer loop
      vertex 40.3647 -9.2299 0
      vertex 40.2748 -9.224 -1.8428
      vertex 40.3647 -9.2299 -1.8548
    endloop
  endfacet
  facet normal 0.571362 0.651319 0.499329
    outer loop
      vertex 38.5827 -13.847 -4.5557
      vertex 38.3538 -13.6462 -4.5557
      vertex 38.2243 -13.7757 -4.2386
    endloop
  endfacet
  facet normal 0.99786 -0.065393 0
    outer loop
      vertex 37.206 -12 0
      vertex 37.2299 -11.6353 -2.817
      vertex 37.2299 -11.6353 0
    endloop
  endfacet
  facet normal 0.99786 -0.065393 0
    outer loop
      vertex 37.2299 -11.6353 -2.817
      vertex 37.206 -12 0
      vertex 37.206 -12 -2.817
    endloop
  endfacet
  facet normal 0.064836 0.98936 0.130243
    outer loop
      vertex 40 -14.794 -3.1833
      vertex 40 -14.7462 -3.5464
      vertex 39.6353 -14.7701 -3.1833
    endloop
  endfacet
  facet normal 0.824336 0.550913 0.130251
    outer loop
      vertex 37.7834 -13.7009 -3.1833
      vertex 37.6217 -13.3731 -3.5464
      vertex 37.5803 -13.397 -3.1833
    endloop
  endfacet
  facet normal -0.550913 0.824336 0.130251
    outer loop
      vertex 41.397 -14.4197 -3.1833
      vertex 41.7009 -14.2166 -3.1833
      vertex 41.3731 -14.3783 -3.5464
    endloop
  endfacet
  facet normal 0.65929 -0.751889 0
    outer loop
      vertex 38.2991 -9.78337 -2.0773
      vertex 38.2991 -9.78337 0
      vertex 38.23 -9.84396 0
    endloop
  endfacet
  facet normal 0.659415 -0.751779 7.37977e-06
    outer loop
      vertex 38.1202 -9.94027 0
      vertex 38.2991 -9.78337 -2.0773
      vertex 38.23 -9.84396 0
    endloop
  endfacet
  facet normal 0.659414 -0.75178 7.13314e-06
    outer loop
      vertex 38.2991 -9.78337 -2.0773
      vertex 38.1202 -9.94027 0
      vertex 38.153 -9.91152 -2.1158
    endloop
  endfacet
  facet normal 0.659026 -0.75212 -3.48806e-06
    outer loop
      vertex 38.0243 -10.0243 0
      vertex 38.153 -9.91152 -2.1158
      vertex 38.1202 -9.94027 0
    endloop
  endfacet
  facet normal 0.659059 -0.752091 0
    outer loop
      vertex 38.153 -9.91152 -2.1158
      vertex 38.0243 -10.0243 0
      vertex 38.0243 -10.0243 -2.1851
    endloop
  endfacet
  facet normal 0.889289 0.438405 0.130252
    outer loop
      vertex 37.5803 -13.397 -3.1833
      vertex 37.6217 -13.3731 -3.5464
      vertex 37.4187 -13.0692 -3.1833
    endloop
  endfacet
  facet normal -0.824336 0.550913 0.130251
    outer loop
      vertex 42.4197 -13.397 -3.1833
      vertex 42.3783 -13.3731 -3.5464
      vertex 42.2166 -13.7009 -3.1833
    endloop
  endfacet
  facet normal -0.195116 0.98078 0
    outer loop
      vertex 40.7231 -14.6988 -3.1833
      vertex 40.3647 -14.7701 0
      vertex 40.7231 -14.6988 0
    endloop
  endfacet
  facet normal -0.195116 0.98078 0
    outer loop
      vertex 40.3647 -14.7701 0
      vertex 40.7231 -14.6988 -3.1833
      vertex 40.3647 -14.7701 -3.1833
    endloop
  endfacet
  facet normal -0.193453 0.972421 0.130282
    outer loop
      vertex 40.7231 -14.6988 -3.1833
      vertex 40.7108 -14.6526 -3.5464
      vertex 40.3647 -14.7701 -3.1833
    endloop
  endfacet
  facet normal -0.98078 0.195116 0
    outer loop
      vertex 42.6988 -12.7231 -3.1833
      vertex 42.7701 -12.3647 0
      vertex 42.7701 -12.3647 -3.1833
    endloop
  endfacet
  facet normal -0.98078 0.195116 0
    outer loop
      vertex 42.7701 -12.3647 0
      vertex 42.6988 -12.7231 -3.1833
      vertex 42.6988 -12.7231 0
    endloop
  endfacet
  facet normal 0.938851 0.318737 0.130254
    outer loop
      vertex 37.4187 -13.0692 -3.1833
      vertex 37.3474 -12.7108 -3.5464
      vertex 37.3012 -12.7231 -3.1833
    endloop
  endfacet
  facet normal 0.195204 -0.980763 -5.15982e-06
    outer loop
      vertex 39.4551 -9.26573 -1.8548
      vertex 39.4967 -9.25746 0
      vertex 39.414 -9.27392 0
    endloop
  endfacet
  facet normal 0.195153 -0.980773 -6.32911e-06
    outer loop
      vertex 39.2769 -9.3012 0
      vertex 39.4551 -9.26573 -1.8548
      vertex 39.414 -9.27392 0
    endloop
  endfacet
  facet normal 0.195216 -0.98076 0
    outer loop
      vertex 39.4551 -9.26573 -1.8548
      vertex 39.2769 -9.3012 0
      vertex 39.2769 -9.3012 -1.8799
    endloop
  endfacet
  facet normal 0.195017 -0.9808 -8.04043e-07
    outer loop
      vertex 39.6353 -9.2299 -1.8548
      vertex 39.4967 -9.25746 0
      vertex 39.4551 -9.26573 -1.8548
    endloop
  endfacet
  facet normal 0.195027 -0.980798 0
    outer loop
      vertex 39.4967 -9.25746 0
      vertex 39.6353 -9.2299 -1.8548
      vertex 39.6353 -9.2299 0
    endloop
  endfacet
  facet normal -0.972421 0.193453 0.130282
    outer loop
      vertex 42.6988 -12.7231 -3.1833
      vertex 42.7701 -12.3647 -3.1833
      vertex 42.6526 -12.7108 -3.5464
    endloop
  endfacet
  facet normal -0.914806 0.310599 0.258184
    outer loop
      vertex 42.6526 -12.7108 -3.5464
      vertex 42.5611 -12.6862 -3.9002
      vertex 42.4496 -13.0146 -3.9002
    endloop
  endfacet
  facet normal 0.0648532 0.989356 0.13026
    outer loop
      vertex 40 -14.7462 -3.5464
      vertex 39.6415 -14.7227 -3.5464
      vertex 39.6353 -14.7701 -3.1833
    endloop
  endfacet
  facet normal -0.57129 0.651471 0.499213
    outer loop
      vertex 41.5287 -13.9923 -4.2386
      vertex 41.7757 -13.7757 -4.2386
      vertex 41.4173 -13.847 -4.5557
    endloop
  endfacet
  facet normal 0.98085 -0.194762 0
    outer loop
      vertex 37.2846 -11.3605 0
      vertex 37.3012 -11.2769 -2.6984
      vertex 37.3012 -11.2769 0
    endloop
  endfacet
  facet normal 0.980769 -0.195174 -1.32554e-05
    outer loop
      vertex 37.3012 -11.2769 -2.6984
      vertex 37.2846 -11.3605 0
      vertex 37.2773 -11.397 -2.6984
    endloop
  endfacet
  facet normal 0.980719 -0.195423 -9.74526e-06
    outer loop
      vertex 37.2773 -11.397 -2.6984
      vertex 37.2846 -11.3605 0
      vertex 37.2629 -11.4694 0
    endloop
  endfacet
  facet normal 0.980785 -0.195093 -5.25814e-07
    outer loop
      vertex 37.2299 -11.6353 0
      vertex 37.2773 -11.397 -2.6984
      vertex 37.2629 -11.4694 0
    endloop
  endfacet
  facet normal 0.980786 -0.195087 0
    outer loop
      vertex 37.2773 -11.397 -2.6984
      vertex 37.2299 -11.6353 0
      vertex 37.2299 -11.6353 -2.817
    endloop
  endfacet
  facet normal 0.442172 0.89693 -0
    outer loop
      vertex 38.9308 -14.5813 -3.1833
      vertex 38.603 -14.4197 0
      vertex 38.9308 -14.5813 0
    endloop
  endfacet
  facet normal 0.442172 0.89693 0
    outer loop
      vertex 38.603 -14.4197 0
      vertex 38.9308 -14.5813 -3.1833
      vertex 38.603 -14.4197 -3.1833
    endloop
  endfacet
  facet normal 0.896945 -0.442142 0
    outer loop
      vertex 37.5803 -10.603 -2.4167
      vertex 37.5803 -10.603 0
      vertex 37.5349 -10.6951 0
    endloop
  endfacet
  facet normal 0.897283 -0.441455 3.25405e-05
    outer loop
      vertex 37.5134 -10.7388 0
      vertex 37.5803 -10.603 -2.4167
      vertex 37.5349 -10.6951 0
    endloop
  endfacet
  facet normal 0.896784 -0.442469 -3.82739e-05
    outer loop
      vertex 37.5803 -10.603 -2.4167
      vertex 37.5134 -10.7388 0
      vertex 37.5504 -10.6636 -2.4218
    endloop
  endfacet
  facet normal 0.896838 -0.442359 -3.40293e-05
    outer loop
      vertex 37.4331 -10.9016 0
      vertex 37.5504 -10.6636 -2.4218
      vertex 37.5134 -10.7388 0
    endloop
  endfacet
  facet normal 0.896877 -0.442279 -2.4259e-05
    outer loop
      vertex 37.5504 -10.6636 -2.4218
      vertex 37.4331 -10.9016 0
      vertex 37.4389 -10.8897 -2.5242
    endloop
  endfacet
  facet normal 0.896871 -0.442292 -2.43362e-05
    outer loop
      vertex 37.4187 -10.9308 0
      vertex 37.4389 -10.8897 -2.5242
      vertex 37.4331 -10.9016 0
    endloop
  endfacet
  facet normal 0.897463 -0.441089 0
    outer loop
      vertex 37.4389 -10.8897 -2.5242
      vertex 37.4187 -10.9308 0
      vertex 37.4187 -10.9308 -2.556
    endloop
  endfacet
  facet normal 0.438548 0.88924 0.130104
    outer loop
      vertex 38.9308 -14.5813 -3.1833
      vertex 38.9491 -14.5372 -3.5464
      vertex 38.6269 -14.3783 -3.5464
    endloop
  endfacet
  facet normal -0.637042 0.726178 0.258542
    outer loop
      vertex 41.9419 -13.9419 -3.5464
      vertex 41.8748 -13.8748 -3.9002
      vertex 41.6141 -14.1035 -3.9002
    endloop
  endfacet
  facet normal -0.828896 0.408719 0.381943
    outer loop
      vertex 42.4496 -13.0146 -3.9002
      vertex 42.3201 -12.961 -4.2386
      vertex 42.2962 -13.3257 -3.9002
    endloop
  endfacet
  facet normal -0.751966 0.659202 0
    outer loop
      vertex 41.9757 -13.9757 -3.1833
      vertex 42.2166 -13.7009 0
      vertex 42.2166 -13.7009 -3.1833
    endloop
  endfacet
  facet normal -0.751966 0.659202 0
    outer loop
      vertex 42.2166 -13.7009 0
      vertex 41.9757 -13.9757 -3.1833
      vertex 41.9757 -13.9757 0
    endloop
  endfacet
  facet normal -0.824373 0.55087 0.130196
    outer loop
      vertex 42.2166 -13.7009 -3.1833
      vertex 42.3783 -13.3731 -3.5464
      vertex 42.1787 -13.6718 -3.5464
    endloop
  endfacet
  facet normal -0.946918 0.321476 0
    outer loop
      vertex 42.5813 -13.0692 -3.1833
      vertex 42.6988 -12.7231 0
      vertex 42.6988 -12.7231 -3.1833
    endloop
  endfacet
  facet normal -0.946918 0.321476 0
    outer loop
      vertex 42.6988 -12.7231 0
      vertex 42.5813 -13.0692 -3.1833
      vertex 42.5813 -13.0692 0
    endloop
  endfacet
  facet normal -0.99786 0.065393 0
    outer loop
      vertex 42.7701 -12.3647 -3.1833
      vertex 42.794 -12 -2.817
      vertex 42.794 -12 -3.1833
    endloop
  endfacet
  facet normal -0.99786 0.065393 0
    outer loop
      vertex 42.7701 -12.3647 0
      vertex 42.794 -12 -2.817
      vertex 42.7701 -12.3647 -3.1833
    endloop
  endfacet
  facet normal -0.99786 0.065393 0
    outer loop
      vertex 42.794 -12 -2.817
      vertex 42.7701 -12.3647 0
      vertex 42.794 -12 0
    endloop
  endfacet
  facet normal -0.831307 -0.555814 -4.5029e-06
    outer loop
      vertex 42.3475 -10.4949 0
      vertex 42.2166 -10.2991 -2.2918
      vertex 42.3201 -10.4539 -2.3468
    endloop
  endfacet
  facet normal -0.831487 -0.555544 2.88076e-05
    outer loop
      vertex 42.2166 -10.2991 -2.2918
      vertex 42.3475 -10.4949 0
      vertex 42.2716 -10.3813 0
    endloop
  endfacet
  facet normal -0.831535 -0.555472 -0
    outer loop
      vertex 42.4197 -10.603 0
      vertex 42.3201 -10.4539 -2.3468
      vertex 42.4197 -10.603 -2.4167
    endloop
  endfacet
  facet normal -0.831577 -0.55541 5.70361e-06
    outer loop
      vertex 42.3201 -10.4539 -2.3468
      vertex 42.4197 -10.603 0
      vertex 42.3475 -10.4949 0
    endloop
  endfacet
  facet normal -0.831116 -0.556099 0
    outer loop
      vertex 42.2716 -10.3813 0
      vertex 42.2166 -10.2991 0
      vertex 42.2166 -10.2991 -2.2918
    endloop
  endfacet
  facet normal -0.321476 0.946918 0
    outer loop
      vertex 41.0692 -14.5813 -3.1833
      vertex 40.7231 -14.6988 0
      vertex 41.0692 -14.5813 0
    endloop
  endfacet
  facet normal -0.321476 0.946918 0
    outer loop
      vertex 40.7231 -14.6988 0
      vertex 41.0692 -14.5813 -3.1833
      vertex 40.7231 -14.6988 -3.1833
    endloop
  endfacet
  facet normal -0.555647 0.831418 0
    outer loop
      vertex 41.7009 -14.2166 -3.1833
      vertex 41.397 -14.4197 0
      vertex 41.7009 -14.2166 0
    endloop
  endfacet
  facet normal -0.555647 0.831418 0
    outer loop
      vertex 41.397 -14.4197 0
      vertex 41.7009 -14.2166 -3.1833
      vertex 41.397 -14.4197 -3.1833
    endloop
  endfacet
  facet normal 0.31041 0.914821 0.258356
    outer loop
      vertex 39.2892 -14.6526 -3.5464
      vertex 38.9854 -14.4496 -3.9002
      vertex 38.9491 -14.5372 -3.5464
    endloop
  endfacet
  facet normal 0.0521812 0.792231 0.607986
    outer loop
      vertex 40 -14.1052 -4.8463
      vertex 39.7252 -14.0871 -4.8463
      vertex 39.6961 -14.3082 -4.5557
    endloop
  endfacet
  facet normal 0.803256 0.536711 0.258303
    outer loop
      vertex 37.8965 -13.6141 -3.9002
      vertex 37.7038 -13.3257 -3.9002
      vertex 37.6217 -13.3731 -3.5464
    endloop
  endfacet
  facet normal 0.88924 0.438548 0.130104
    outer loop
      vertex 37.6217 -13.3731 -3.5464
      vertex 37.4628 -13.0509 -3.5464
      vertex 37.4187 -13.0692 -3.1833
    endloop
  endfacet
  facet normal 0.914806 0.310599 0.258184
    outer loop
      vertex 37.5504 -13.0146 -3.9002
      vertex 37.4389 -12.6862 -3.9002
      vertex 37.3474 -12.7108 -3.5464
    endloop
  endfacet
  facet normal 0.752187 -0.658949 0
    outer loop
      vertex 38.0243 -10.0243 -2.1851
      vertex 38.0243 -10.0243 0
      vertex 37.9614 -10.0961 0
    endloop
  endfacet
  facet normal 0.753569 -0.657369 9.172e-05
    outer loop
      vertex 37.9491 -10.1102 0
      vertex 38.0243 -10.0243 -2.1851
      vertex 37.9614 -10.0961 0
    endloop
  endfacet
  facet normal 0.753061 -0.65795 5.13875e-05
    outer loop
      vertex 38.0243 -10.0243 -2.1851
      vertex 37.9491 -10.1102 0
      vertex 38.0077 -10.0433 -2.1897
    endloop
  endfacet
  facet normal 0.751759 -0.659438 -2.89108e-05
    outer loop
      vertex 37.8141 -10.2641 0
      vertex 38.0077 -10.0433 -2.1897
      vertex 37.9491 -10.1102 0
    endloop
  endfacet
  facet normal 0.75184 -0.659346 -1.25406e-05
    outer loop
      vertex 38.0077 -10.0433 -2.1897
      vertex 37.8141 -10.2641 0
      vertex 37.8252 -10.2514 -2.2547
    endloop
  endfacet
  facet normal 0.751778 -0.659417 -1.32418e-05
    outer loop
      vertex 37.7834 -10.2991 0
      vertex 37.8252 -10.2514 -2.2547
      vertex 37.8141 -10.2641 0
    endloop
  endfacet
  facet normal 0.752088 -0.659063 0
    outer loop
      vertex 37.8252 -10.2514 -2.2547
      vertex 37.7834 -10.2991 0
      vertex 37.7834 -10.2991 -2.2918
    endloop
  endfacet
  facet normal 0.636868 0.726428 0.258266
    outer loop
      vertex 38.3282 -14.1787 -3.5464
      vertex 38.3859 -14.1035 -3.9002
      vertex 38.0581 -13.9419 -3.5464
    endloop
  endfacet
  facet normal 0.745561 0.653587 0.130243
    outer loop
      vertex 38.0243 -13.9757 -3.1833
      vertex 38.0581 -13.9419 -3.5464
      vertex 37.7834 -13.7009 -3.1833
    endloop
  endfacet
  facet normal 0.751966 0.659202 0
    outer loop
      vertex 38.0243 -13.9757 0
      vertex 37.7834 -13.7009 -3.1833
      vertex 37.7834 -13.7009 0
    endloop
  endfacet
  facet normal 0.751966 0.659202 0
    outer loop
      vertex 37.7834 -13.7009 -3.1833
      vertex 38.0243 -13.9757 0
      vertex 38.0243 -13.9757 -3.1833
    endloop
  endfacet
  facet normal 0.653587 0.745561 0.130243
    outer loop
      vertex 38.2991 -14.2166 -3.1833
      vertex 38.0581 -13.9419 -3.5464
      vertex 38.0243 -13.9757 -3.1833
    endloop
  endfacet
  facet normal -0.442134 -0.896949 0
    outer loop
      vertex 41.147 -9.45703 0
      vertex 41.0692 -9.41868 0
      vertex 41.0692 -9.41868 -1.9233
    endloop
  endfacet
  facet normal -0.442389 -0.896823 1.28224e-05
    outer loop
      vertex 41.0692 -9.41868 -1.9233
      vertex 41.3093 -9.53709 0
      vertex 41.147 -9.45703 0
    endloop
  endfacet
  facet normal -0.442306 -0.896864 5.80358e-08
    outer loop
      vertex 41.3093 -9.53709 0
      vertex 41.0692 -9.41868 -1.9233
      vertex 41.2815 -9.52338 -1.9605
    endloop
  endfacet
  facet normal -0.442134 -0.896949 -2.98921e-06
    outer loop
      vertex 41.2815 -9.52338 -1.9605
      vertex 41.397 -9.58032 0
      vertex 41.3093 -9.53709 0
    endloop
  endfacet
  facet normal -0.442174 -0.896929 -0
    outer loop
      vertex 41.397 -9.58032 0
      vertex 41.2815 -9.52338 -1.9605
      vertex 41.397 -9.58032 -2.0002
    endloop
  endfacet
  facet normal 0.555647 0.831418 -0
    outer loop
      vertex 38.603 -14.4197 -3.1833
      vertex 38.2991 -14.2166 0
      vertex 38.603 -14.4197 0
    endloop
  endfacet
  facet normal 0.555647 0.831418 0
    outer loop
      vertex 38.2991 -14.2166 0
      vertex 38.603 -14.4197 -3.1833
      vertex 38.2991 -14.2166 -3.1833
    endloop
  endfacet
  facet normal 0.609299 0.694814 0.382085
    outer loop
      vertex 38.3859 -14.1035 -3.9002
      vertex 38.4713 -13.9923 -4.2386
      vertex 38.2243 -13.7757 -4.2386
    endloop
  endfacet
  facet normal -0.866413 0.427291 0.258362
    outer loop
      vertex 42.5372 -13.0509 -3.5464
      vertex 42.4496 -13.0146 -3.9002
      vertex 42.3783 -13.3731 -3.5464
    endloop
  endfacet
  facet normal -0.866456 0.42724 0.258302
    outer loop
      vertex 42.3783 -13.3731 -3.5464
      vertex 42.4496 -13.0146 -3.9002
      vertex 42.2962 -13.3257 -3.9002
    endloop
  endfacet
  facet normal -0.753057 -0.657955 8.55256e-05
    outer loop
      vertex 42.051 -10.1102 0
      vertex 41.9757 -10.0243 -2.1851
      vertex 41.9923 -10.0433 -2.1897
    endloop
  endfacet
  facet normal -0.750925 -0.660388 -8.35988e-05
    outer loop
      vertex 41.9757 -10.0243 -2.1851
      vertex 42.051 -10.1102 0
      vertex 42.0386 -10.0961 0
    endloop
  endfacet
  facet normal -0.751834 -0.659352 2.07462e-05
    outer loop
      vertex 42.186 -10.2641 0
      vertex 41.9923 -10.0433 -2.1897
      vertex 42.1748 -10.2514 -2.2547
    endloop
  endfacet
  facet normal -0.751759 -0.659438 5.42078e-06
    outer loop
      vertex 41.9923 -10.0433 -2.1897
      vertex 42.186 -10.2641 0
      vertex 42.051 -10.1102 0
    endloop
  endfacet
  facet normal -0.752088 -0.659063 -0
    outer loop
      vertex 42.2166 -10.2991 0
      vertex 42.1748 -10.2514 -2.2547
      vertex 42.2166 -10.2991 -2.2918
    endloop
  endfacet
  facet normal -0.752843 -0.6582 3.22451e-05
    outer loop
      vertex 42.1748 -10.2514 -2.2547
      vertex 42.2166 -10.2991 0
      vertex 42.186 -10.2641 0
    endloop
  endfacet
  facet normal -0.752187 -0.658949 0
    outer loop
      vertex 42.0386 -10.0961 0
      vertex 41.9757 -10.0243 0
      vertex 41.9757 -10.0243 -2.1851
    endloop
  endfacet
  facet normal -0.94691 -0.3215 6.23388e-06
    outer loop
      vertex 42.6663 -11.1811 0
      vertex 42.5813 -10.9308 -2.556
      vertex 42.6526 -11.1408 -2.6023
    endloop
  endfacet
  facet normal -0.946955 -0.321368 2.06735e-05
    outer loop
      vertex 42.5813 -10.9308 -2.556
      vertex 42.6663 -11.1811 0
      vertex 42.6157 -11.032 0
    endloop
  endfacet
  facet normal -0.94693 -0.321441 -0
    outer loop
      vertex 42.6988 -11.2769 0
      vertex 42.6526 -11.1408 -2.6023
      vertex 42.6988 -11.2769 -2.6984
    endloop
  endfacet
  facet normal -0.946989 -0.321265 1.02942e-05
    outer loop
      vertex 42.6526 -11.1408 -2.6023
      vertex 42.6988 -11.2769 0
      vertex 42.6663 -11.1811 0
    endloop
  endfacet
  facet normal -0.946796 -0.321836 0
    outer loop
      vertex 42.6157 -11.032 0
      vertex 42.5813 -10.9308 0
      vertex 42.5813 -10.9308 -2.556
    endloop
  endfacet
  facet normal -0.896782 -0.442472 -1.3408e-06
    outer loop
      vertex 42.4867 -10.7388 0
      vertex 42.4197 -10.603 -2.4167
      vertex 42.4496 -10.6636 -2.4218
    endloop
  endfacet
  facet normal -0.896469 -0.443106 -4.56682e-05
    outer loop
      vertex 42.4197 -10.603 -2.4167
      vertex 42.4867 -10.7388 0
      vertex 42.4651 -10.6951 0
    endloop
  endfacet
  facet normal -0.896871 -0.442292 1.11964e-05
    outer loop
      vertex 42.567 -10.9016 0
      vertex 42.4496 -10.6636 -2.4218
      vertex 42.5611 -10.8897 -2.5242
    endloop
  endfacet
  facet normal -0.896838 -0.442359 3.00258e-06
    outer loop
      vertex 42.4496 -10.6636 -2.4218
      vertex 42.567 -10.9016 0
      vertex 42.4867 -10.7388 0
    endloop
  endfacet
  facet normal -0.897463 -0.441089 -0
    outer loop
      vertex 42.5813 -10.9308 0
      vertex 42.5611 -10.8897 -2.5242
      vertex 42.5813 -10.9308 -2.556
    endloop
  endfacet
  facet normal -0.898088 -0.439817 2.57096e-05
    outer loop
      vertex 42.5611 -10.8897 -2.5242
      vertex 42.5813 -10.9308 0
      vertex 42.567 -10.9016 0
    endloop
  endfacet
  facet normal -0.896945 -0.442142 0
    outer loop
      vertex 42.4651 -10.6951 0
      vertex 42.4197 -10.603 0
      vertex 42.4197 -10.603 -2.4167
    endloop
  endfacet
  facet normal -0.351158 0.712118 0.607928
    outer loop
      vertex 41.1641 -14.0162 -4.5557
      vertex 41.0526 -13.8231 -4.8463
      vertex 40.8056 -13.9449 -4.8463
    endloop
  endfacet
  facet normal 0.427291 0.866413 0.258362
    outer loop
      vertex 38.9491 -14.5372 -3.5464
      vertex 38.9854 -14.4496 -3.9002
      vertex 38.6269 -14.3783 -3.5464
    endloop
  endfacet
  facet normal 0.19349 0.972418 0.130246
    outer loop
      vertex 39.6353 -14.7701 -3.1833
      vertex 39.6415 -14.7227 -3.5464
      vertex 39.2892 -14.6526 -3.5464
    endloop
  endfacet
  facet normal 0.938924 0.318588 0.130093
    outer loop
      vertex 37.4187 -13.0692 -3.1833
      vertex 37.4628 -13.0509 -3.5464
      vertex 37.3474 -12.7108 -3.5464
    endloop
  endfacet
  facet normal 0.972421 0.193453 0.130282
    outer loop
      vertex 37.3012 -12.7231 -3.1833
      vertex 37.3474 -12.7108 -3.5464
      vertex 37.2299 -12.3647 -3.1833
    endloop
  endfacet
  facet normal 0.94708 -0.320997 0
    outer loop
      vertex 37.4187 -10.9308 -2.556
      vertex 37.4187 -10.9308 0
      vertex 37.3844 -11.032 0
    endloop
  endfacet
  facet normal 0.946761 -0.321937 -4.15125e-05
    outer loop
      vertex 37.3337 -11.1811 0
      vertex 37.4187 -10.9308 -2.556
      vertex 37.3844 -11.032 0
    endloop
  endfacet
  facet normal 0.94691 -0.3215 6.23388e-06
    outer loop
      vertex 37.4187 -10.9308 -2.556
      vertex 37.3337 -11.1811 0
      vertex 37.3474 -11.1408 -2.6023
    endloop
  endfacet
  facet normal 0.946989 -0.321265 1.02942e-05
    outer loop
      vertex 37.3012 -11.2769 0
      vertex 37.3474 -11.1408 -2.6023
      vertex 37.3337 -11.1811 0
    endloop
  endfacet
  facet normal 0.94693 -0.321441 0
    outer loop
      vertex 37.3474 -11.1408 -2.6023
      vertex 37.3012 -11.2769 0
      vertex 37.3012 -11.2769 -2.6984
    endloop
  endfacet
  facet normal 0.831583 -0.5554 0
    outer loop
      vertex 37.7834 -10.2991 -2.2918
      vertex 37.7834 -10.2991 0
      vertex 37.7285 -10.3813 0
    endloop
  endfacet
  facet normal 0.831149 -0.55605 -3.37122e-05
    outer loop
      vertex 37.6525 -10.4949 0
      vertex 37.7834 -10.2991 -2.2918
      vertex 37.7285 -10.3813 0
    endloop
  endfacet
  facet normal 0.831307 -0.555814 -4.5029e-06
    outer loop
      vertex 37.7834 -10.2991 -2.2918
      vertex 37.6525 -10.4949 0
      vertex 37.6799 -10.4539 -2.3468
    endloop
  endfacet
  facet normal 0.831577 -0.55541 5.70361e-06
    outer loop
      vertex 37.5803 -10.603 0
      vertex 37.6799 -10.4539 -2.3468
      vertex 37.6525 -10.4949 0
    endloop
  endfacet
  facet normal 0.831535 -0.555472 0
    outer loop
      vertex 37.6799 -10.4539 -2.3468
      vertex 37.5803 -10.603 0
      vertex 37.5803 -10.603 -2.4167
    endloop
  endfacet
  facet normal 0.824373 0.55087 0.130196
    outer loop
      vertex 37.7834 -13.7009 -3.1833
      vertex 37.8213 -13.6718 -3.5464
      vertex 37.6217 -13.3731 -3.5464
    endloop
  endfacet
  facet normal 0.803242 0.53675 0.258265
    outer loop
      vertex 37.8213 -13.6718 -3.5464
      vertex 37.8965 -13.6141 -3.9002
      vertex 37.6217 -13.3731 -3.5464
    endloop
  endfacet
  facet normal 0.195116 0.98078 -0
    outer loop
      vertex 39.6353 -14.7701 -3.1833
      vertex 39.2769 -14.6988 0
      vertex 39.6353 -14.7701 0
    endloop
  endfacet
  facet normal 0.195116 0.98078 0
    outer loop
      vertex 39.2769 -14.6988 0
      vertex 39.6353 -14.7701 -3.1833
      vertex 39.2769 -14.6988 -3.1833
    endloop
  endfacet
  facet normal 0.972422 0.193436 0.130299
    outer loop
      vertex 37.3474 -12.7108 -3.5464
      vertex 37.2773 -12.3584 -3.5464
      vertex 37.2299 -12.3647 -3.1833
    endloop
  endfacet
  facet normal 0.550913 0.824336 0.130251
    outer loop
      vertex 38.603 -14.4197 -3.1833
      vertex 38.6269 -14.3783 -3.5464
      vertex 38.2991 -14.2166 -3.1833
    endloop
  endfacet
  facet normal 0.438405 0.889289 0.130252
    outer loop
      vertex 38.9308 -14.5813 -3.1833
      vertex 38.6269 -14.3783 -3.5464
      vertex 38.603 -14.4197 -3.1833
    endloop
  endfacet
  facet normal 0.065373 -0.997861 3.10162e-07
    outer loop
      vertex 39.759 -9.22179 -1.8428
      vertex 39.8144 -9.21816 0
      vertex 39.7306 -9.22365 0
    endloop
  endfacet
  facet normal 0.0652453 -0.997869 -1.66614e-06
    outer loop
      vertex 39.7252 -9.224 -1.8428
      vertex 39.7306 -9.22365 0
      vertex 39.7046 -9.22535 0
    endloop
  endfacet
  facet normal 0.0652453 -0.997869 -1.66614e-06
    outer loop
      vertex 39.7306 -9.22365 0
      vertex 39.7252 -9.224 -1.8428
      vertex 39.759 -9.22179 -1.8428
    endloop
  endfacet
  facet normal 0.0655155 -0.997852 1.36739e-06
    outer loop
      vertex 39.6353 -9.2299 0
      vertex 39.7252 -9.224 -1.8428
      vertex 39.7046 -9.22535 0
    endloop
  endfacet
  facet normal 0.0654876 -0.997853 0
    outer loop
      vertex 39.7252 -9.224 -1.8428
      vertex 39.6353 -9.2299 0
      vertex 39.6353 -9.2299 -1.8548
    endloop
  endfacet
  facet normal 0.0654197 -0.997858 -1.10095e-06
    outer loop
      vertex 40 -9.20599 -1.8428
      vertex 39.8144 -9.21816 0
      vertex 39.759 -9.22179 -1.8428
    endloop
  endfacet
  facet normal 0.0654306 -0.997857 0
    outer loop
      vertex 39.8144 -9.21816 0
      vertex 40 -9.20599 -1.8428
      vertex 40 -9.20599 0
    endloop
  endfacet
  facet normal 0.99786 0.065393 0
    outer loop
      vertex 37.2299 -12.3647 0
      vertex 37.206 -12 -2.817
      vertex 37.206 -12 0
    endloop
  endfacet
  facet normal 0.99786 0.065393 -0
    outer loop
      vertex 37.2299 -12.3647 -3.1833
      vertex 37.206 -12 -2.817
      vertex 37.2299 -12.3647 0
    endloop
  endfacet
  facet normal 0.99786 0.065393 0
    outer loop
      vertex 37.206 -12 -2.817
      vertex 37.2299 -12.3647 -3.1833
      vertex 37.206 -12 -3.1833
    endloop
  endfacet
  facet normal 0.065393 0.99786 -0
    outer loop
      vertex 40 -14.794 -3.1833
      vertex 39.6353 -14.7701 0
      vertex 40 -14.794 0
    endloop
  endfacet
  facet normal 0.065393 0.99786 0
    outer loop
      vertex 39.6353 -14.7701 0
      vertex 40 -14.794 -3.1833
      vertex 39.6353 -14.7701 -3.1833
    endloop
  endfacet
  facet normal 0.321476 0.946918 -0
    outer loop
      vertex 39.2769 -14.6988 -3.1833
      vertex 38.9308 -14.5813 0
      vertex 39.2769 -14.6988 0
    endloop
  endfacet
  facet normal 0.321476 0.946918 0
    outer loop
      vertex 38.9308 -14.5813 0
      vertex 39.2769 -14.6988 -3.1833
      vertex 38.9308 -14.5813 -3.1833
    endloop
  endfacet
  facet normal -0.889289 0.438405 0.130252
    outer loop
      vertex 42.4197 -13.397 -3.1833
      vertex 42.5813 -13.0692 -3.1833
      vertex 42.3783 -13.3731 -3.5464
    endloop
  endfacet
  facet normal -0.938851 0.318737 0.130254
    outer loop
      vertex 42.6988 -12.7231 -3.1833
      vertex 42.6526 -12.7108 -3.5464
      vertex 42.5813 -13.0692 -3.1833
    endloop
  endfacet
  facet normal -0.555449 -0.831551 0
    outer loop
      vertex 41.4713 -9.62995 0
      vertex 41.397 -9.58032 0
      vertex 41.397 -9.58032 -2.0002
    endloop
  endfacet
  facet normal -0.555572 -0.831468 6.61329e-06
    outer loop
      vertex 41.397 -9.58032 -2.0002
      vertex 41.4867 -9.64024 0
      vertex 41.4713 -9.62995 0
    endloop
  endfacet
  facet normal -0.554894 -0.831921 -3.73691e-05
    outer loop
      vertex 41.4867 -9.64024 0
      vertex 41.397 -9.58032 -2.0002
      vertex 41.4173 -9.59386 -2.0037
    endloop
  endfacet
  facet normal -0.555509 -0.831511 -6.56984e-06
    outer loop
      vertex 41.4173 -9.59386 -2.0037
      vertex 41.6599 -9.75595 0
      vertex 41.4867 -9.64024 0
    endloop
  endfacet
  facet normal -0.555677 -0.831398 2.29365e-05
    outer loop
      vertex 41.6599 -9.75595 0
      vertex 41.4173 -9.59386 -2.0037
      vertex 41.6462 -9.74685 -2.0515
    endloop
  endfacet
  facet normal -0.555916 -0.831238 2.52401e-05
    outer loop
      vertex 41.6462 -9.74685 -2.0515
      vertex 41.7009 -9.78337 0
      vertex 41.6599 -9.75595 0
    endloop
  endfacet
  facet normal -0.555261 -0.831676 -0
    outer loop
      vertex 41.7009 -9.78337 0
      vertex 41.6462 -9.74685 -2.0515
      vertex 41.7009 -9.78337 -2.0773
    endloop
  endfacet
  facet normal -0.659202 0.751966 0
    outer loop
      vertex 41.9757 -13.9757 -3.1833
      vertex 41.7009 -14.2166 0
      vertex 41.9757 -13.9757 0
    endloop
  endfacet
  facet normal -0.659202 0.751966 0
    outer loop
      vertex 41.7009 -14.2166 0
      vertex 41.9757 -13.9757 -3.1833
      vertex 41.7009 -14.2166 -3.1833
    endloop
  endfacet
  facet normal -0.831418 0.555647 0
    outer loop
      vertex 42.2166 -13.7009 -3.1833
      vertex 42.4197 -13.397 0
      vertex 42.4197 -13.397 -3.1833
    endloop
  endfacet
  facet normal -0.831418 0.555647 0
    outer loop
      vertex 42.4197 -13.397 0
      vertex 42.2166 -13.7009 -3.1833
      vertex 42.2166 -13.7009 0
    endloop
  endfacet
  facet normal -0.55087 0.824373 0.130196
    outer loop
      vertex 41.7009 -14.2166 -3.1833
      vertex 41.6718 -14.1787 -3.5464
      vertex 41.3731 -14.3783 -3.5464
    endloop
  endfacet
  facet normal -0.53675 0.803242 0.258265
    outer loop
      vertex 41.6718 -14.1787 -3.5464
      vertex 41.6141 -14.1035 -3.9002
      vertex 41.3731 -14.3783 -3.5464
    endloop
  endfacet
  facet normal -0.609299 0.694814 0.382085
    outer loop
      vertex 41.6141 -14.1035 -3.9002
      vertex 41.7757 -13.7757 -4.2386
      vertex 41.5287 -13.9923 -4.2386
    endloop
  endfacet
  facet normal -0.914821 0.31041 0.258356
    outer loop
      vertex 42.5372 -13.0509 -3.5464
      vertex 42.6526 -12.7108 -3.5464
      vertex 42.4496 -13.0146 -3.9002
    endloop
  endfacet
  facet normal 0.321398 -0.946944 -1.03366e-05
    outer loop
      vertex 39.1944 -9.32919 -1.8799
      vertex 39.2137 -9.32266 0
      vertex 39.133 -9.35005 0
    endloop
  endfacet
  facet normal 0.32141 -0.94694 -9.89361e-06
    outer loop
      vertex 38.9435 -9.41437 0
      vertex 39.1944 -9.32919 -1.8799
      vertex 39.133 -9.35005 0
    endloop
  endfacet
  facet normal 0.321423 -0.946936 -8.00164e-06
    outer loop
      vertex 39.1944 -9.32919 -1.8799
      vertex 38.9435 -9.41437 0
      vertex 38.9474 -9.41303 -1.9178
    endloop
  endfacet
  facet normal 0.321368 -0.946954 -8.12584e-06
    outer loop
      vertex 38.9308 -9.41868 0
      vertex 38.9474 -9.41303 -1.9178
      vertex 38.9435 -9.41437 0
    endloop
  endfacet
  facet normal 0.322209 -0.946668 0
    outer loop
      vertex 38.9474 -9.41303 -1.9178
      vertex 38.9308 -9.41868 0
      vertex 38.9308 -9.41868 -1.9233
    endloop
  endfacet
  facet normal 0.321285 -0.946982 -9.04902e-06
    outer loop
      vertex 39.2769 -9.3012 -1.8799
      vertex 39.2137 -9.32266 0
      vertex 39.1944 -9.32919 -1.8799
    endloop
  endfacet
  facet normal 0.321527 -0.946901 0
    outer loop
      vertex 39.2137 -9.32266 0
      vertex 39.2769 -9.3012 -1.8799
      vertex 39.2769 -9.3012 0
    endloop
  endfacet
  facet normal 0.768409 0.513427 0.382022
    outer loop
      vertex 37.8965 -13.6141 -3.9002
      vertex 37.8252 -13.2556 -4.2386
      vertex 37.7038 -13.3257 -3.9002
    endloop
  endfacet
  facet normal 0.98078 0.195116 0
    outer loop
      vertex 37.3012 -12.7231 0
      vertex 37.2299 -12.3647 -3.1833
      vertex 37.2299 -12.3647 0
    endloop
  endfacet
  facet normal 0.98078 0.195116 0
    outer loop
      vertex 37.2299 -12.3647 -3.1833
      vertex 37.3012 -12.7231 0
      vertex 37.3012 -12.7231 -3.1833
    endloop
  endfacet
  facet normal 0.745537 0.653622 0.130202
    outer loop
      vertex 38.0581 -13.9419 -3.5464
      vertex 37.8213 -13.6718 -3.5464
      vertex 37.7834 -13.7009 -3.1833
    endloop
  endfacet
  facet normal 0.726428 0.636868 0.258266
    outer loop
      vertex 38.0581 -13.9419 -3.5464
      vertex 37.8965 -13.6141 -3.9002
      vertex 37.8213 -13.6718 -3.5464
    endloop
  endfacet
  facet normal -0.441148 0.660158 0.60793
    outer loop
      vertex 41.1641 -14.0162 -4.5557
      vertex 41.4173 -13.847 -4.5557
      vertex 41.0526 -13.8231 -4.8463
    endloop
  endfacet
  facet normal 0.0518878 0.792397 0.607795
    outer loop
      vertex 40 -14.3281 -4.5557
      vertex 40 -14.1052 -4.8463
      vertex 39.6961 -14.3082 -4.5557
    endloop
  endfacet
  facet normal 0.768363 0.513461 0.382067
    outer loop
      vertex 37.8965 -13.6141 -3.9002
      vertex 38.0077 -13.5287 -4.2386
      vertex 37.8252 -13.2556 -4.2386
    endloop
  endfacet
  facet normal 0.513427 0.768409 0.382022
    outer loop
      vertex 38.6743 -14.2962 -3.9002
      vertex 38.7444 -14.1748 -4.2386
      vertex 38.3859 -14.1035 -3.9002
    endloop
  endfacet
  facet normal 0.831418 0.555647 0
    outer loop
      vertex 37.7834 -13.7009 0
      vertex 37.5803 -13.397 -3.1833
      vertex 37.5803 -13.397 0
    endloop
  endfacet
  facet normal 0.831418 0.555647 0
    outer loop
      vertex 37.5803 -13.397 -3.1833
      vertex 37.7834 -13.7009 0
      vertex 37.7834 -13.7009 -3.1833
    endloop
  endfacet
  facet normal 0.193453 0.972421 0.130282
    outer loop
      vertex 39.6353 -14.7701 -3.1833
      vertex 39.2892 -14.6526 -3.5464
      vertex 39.2769 -14.6988 -3.1833
    endloop
  endfacet
  facet normal 0.318737 0.938851 0.130254
    outer loop
      vertex 39.2769 -14.6988 -3.1833
      vertex 39.2892 -14.6526 -3.5464
      vertex 38.9308 -14.5813 -3.1833
    endloop
  endfacet
  facet normal -0.972422 0.193436 0.130299
    outer loop
      vertex 42.7701 -12.3647 -3.1833
      vertex 42.7227 -12.3584 -3.5464
      vertex 42.6526 -12.7108 -3.5464
    endloop
  endfacet
  facet normal -0.89693 0.442172 0
    outer loop
      vertex 42.4197 -13.397 -3.1833
      vertex 42.5813 -13.0692 0
      vertex 42.5813 -13.0692 -3.1833
    endloop
  endfacet
  facet normal -0.89693 0.442172 0
    outer loop
      vertex 42.5813 -13.0692 0
      vertex 42.4197 -13.397 -3.1833
      vertex 42.4197 -13.397 0
    endloop
  endfacet
  facet normal -0.99786 -0.065393 0
    outer loop
      vertex 42.794 -12 -2.817
      vertex 42.7701 -11.6353 0
      vertex 42.7701 -11.6353 -2.817
    endloop
  endfacet
  facet normal -0.99786 -0.065393 0
    outer loop
      vertex 42.7701 -11.6353 0
      vertex 42.794 -12 -2.817
      vertex 42.794 -12 0
    endloop
  endfacet
  facet normal -0.980626 -0.195891 0
    outer loop
      vertex 42.6988 -11.2769 -2.6984
      vertex 42.7155 -11.3605 0
      vertex 42.6988 -11.2769 0
    endloop
  endfacet
  facet normal -0.980769 -0.195174 2.30909e-05
    outer loop
      vertex 42.7155 -11.3605 0
      vertex 42.6988 -11.2769 -2.6984
      vertex 42.7227 -11.397 -2.6984
    endloop
  endfacet
  facet normal -0.980786 -0.195087 -0
    outer loop
      vertex 42.7701 -11.6353 0
      vertex 42.7227 -11.397 -2.6984
      vertex 42.7701 -11.6353 -2.817
    endloop
  endfacet
  facet normal -0.980785 -0.195093 -5.25814e-07
    outer loop
      vertex 42.7227 -11.397 -2.6984
      vertex 42.7701 -11.6353 0
      vertex 42.7371 -11.4694 0
    endloop
  endfacet
  facet normal -0.980891 -0.194557 1.44202e-05
    outer loop
      vertex 42.7227 -11.397 -2.6984
      vertex 42.7371 -11.4694 0
      vertex 42.7155 -11.3605 0
    endloop
  endfacet
  facet normal -0.278588 0.820397 0.499338
    outer loop
      vertex 40.961 -14.3201 -4.2386
      vertex 40.8909 -14.1509 -4.5557
      vertex 40.6026 -14.2488 -4.5557
    endloop
  endfacet
  facet normal -0.745537 0.653622 0.130202
    outer loop
      vertex 42.2166 -13.7009 -3.1833
      vertex 42.1787 -13.6718 -3.5464
      vertex 41.9419 -13.9419 -3.5464
    endloop
  endfacet
  facet normal -0.745561 0.653587 0.130243
    outer loop
      vertex 41.9757 -13.9757 -3.1833
      vertex 42.2166 -13.7009 -3.1833
      vertex 41.9419 -13.9419 -3.5464
    endloop
  endfacet
  facet normal -0.653587 0.745561 0.130243
    outer loop
      vertex 41.9757 -13.9757 -3.1833
      vertex 41.9419 -13.9419 -3.5464
      vertex 41.7009 -14.2166 -3.1833
    endloop
  endfacet
  facet normal -0.768363 0.513461 0.382067
    outer loop
      vertex 42.1035 -13.6141 -3.9002
      vertex 42.1748 -13.2556 -4.2386
      vertex 41.9923 -13.5287 -4.2386
    endloop
  endfacet
  facet normal -0.609468 0.694746 0.381937
    outer loop
      vertex 41.8748 -13.8748 -3.9002
      vertex 41.7757 -13.7757 -4.2386
      vertex 41.6141 -14.1035 -3.9002
    endloop
  endfacet
  facet normal 0.555966 -0.831205 0
    outer loop
      vertex 38.603 -9.58032 -2.0002
      vertex 38.603 -9.58032 0
      vertex 38.5288 -9.62995 0
    endloop
  endfacet
  facet normal 0.553087 -0.833124 -0.000154435
    outer loop
      vertex 38.5133 -9.64024 0
      vertex 38.603 -9.58032 -2.0002
      vertex 38.5288 -9.62995 0
    endloop
  endfacet
  facet normal 0.554894 -0.831921 -3.73691e-05
    outer loop
      vertex 38.603 -9.58032 -2.0002
      vertex 38.5133 -9.64024 0
      vertex 38.5827 -9.59386 -2.0037
    endloop
  endfacet
  facet normal 0.555731 -0.831362 4.54463e-06
    outer loop
      vertex 38.3402 -9.75595 0
      vertex 38.5827 -9.59386 -2.0037
      vertex 38.5133 -9.64024 0
    endloop
  endfacet
  facet normal 0.555681 -0.831396 -4.11244e-06
    outer loop
      vertex 38.5827 -9.59386 -2.0037
      vertex 38.3402 -9.75595 0
      vertex 38.3538 -9.74685 -2.0515
    endloop
  endfacet
  facet normal 0.55498 -0.831863 -1.08328e-05
    outer loop
      vertex 38.2991 -9.78337 0
      vertex 38.3538 -9.74685 -2.0515
      vertex 38.3402 -9.75595 0
    endloop
  endfacet
  facet normal 0.555261 -0.831676 0
    outer loop
      vertex 38.3538 -9.74685 -2.0515
      vertex 38.2991 -9.78337 0
      vertex 38.2991 -9.78337 -2.0773
    endloop
  endfacet
  facet normal 0.828827 0.408787 0.38202
    outer loop
      vertex 37.7038 -13.3257 -3.9002
      vertex 37.8252 -13.2556 -4.2386
      vertex 37.6799 -12.961 -4.2386
    endloop
  endfacet
  facet normal 0.866456 0.42724 0.258302
    outer loop
      vertex 37.6217 -13.3731 -3.5464
      vertex 37.7038 -13.3257 -3.9002
      vertex 37.5504 -13.0146 -3.9002
    endloop
  endfacet
  facet normal 0.659202 0.751966 -0
    outer loop
      vertex 38.2991 -14.2166 -3.1833
      vertex 38.0243 -13.9757 0
      vertex 38.2991 -14.2166 0
    endloop
  endfacet
  facet normal 0.659202 0.751966 0
    outer loop
      vertex 38.0243 -13.9757 0
      vertex 38.2991 -14.2166 -3.1833
      vertex 38.0243 -13.9757 -3.1833
    endloop
  endfacet
  facet normal -0.154858 0.778722 0.607956
    outer loop
      vertex 40.6026 -14.2488 -4.5557
      vertex 40.5449 -14.0334 -4.8463
      vertex 40.3039 -14.3082 -4.5557
    endloop
  endfacet
  facet normal 0.297124 0.875116 0.381954
    outer loop
      vertex 39.3138 -14.5611 -3.9002
      vertex 39.039 -14.3201 -4.2386
      vertex 38.9854 -14.4496 -3.9002
    endloop
  endfacet
  facet normal 0.653622 0.745537 0.130202
    outer loop
      vertex 38.2991 -14.2166 -3.1833
      vertex 38.3282 -14.1787 -3.5464
      vertex 38.0581 -13.9419 -3.5464
    endloop
  endfacet
  facet normal 0.481416 0.720417 0.499236
    outer loop
      vertex 38.7444 -14.1748 -4.2386
      vertex 38.8359 -14.0162 -4.5557
      vertex 38.5827 -13.847 -4.5557
    endloop
  endfacet
  facet normal 0.318588 0.938924 0.130093
    outer loop
      vertex 39.2892 -14.6526 -3.5464
      vertex 38.9491 -14.5372 -3.5464
      vertex 38.9308 -14.5813 -3.1833
    endloop
  endfacet
  facet normal 0.0465305 0.706441 0.70624
    outer loop
      vertex 40 -14.1052 -4.8463
      vertex 39.759 -13.8304 -5.1053
      vertex 39.7252 -14.0871 -4.8463
    endloop
  endfacet
  facet normal 0.278588 0.820397 0.499338
    outer loop
      vertex 39.3974 -14.2488 -4.5557
      vertex 39.1091 -14.1509 -4.5557
      vertex 39.039 -14.3201 -4.2386
    endloop
  endfacet
  facet normal -0.065393 0.99786 0
    outer loop
      vertex 40.3647 -14.7701 -3.1833
      vertex 40 -14.794 0
      vertex 40.3647 -14.7701 0
    endloop
  endfacet
  facet normal -0.065393 0.99786 0
    outer loop
      vertex 40 -14.794 0
      vertex 40.3647 -14.7701 -3.1833
      vertex 40 -14.794 -3.1833
    endloop
  endfacet
  facet normal -0.938924 0.318588 0.130093
    outer loop
      vertex 42.5813 -13.0692 -3.1833
      vertex 42.6526 -12.7108 -3.5464
      vertex 42.5372 -13.0509 -3.5464
    endloop
  endfacet
  facet normal -0.88924 0.438548 0.130104
    outer loop
      vertex 42.5813 -13.0692 -3.1833
      vertex 42.5372 -13.0509 -3.5464
      vertex 42.3783 -13.3731 -3.5464
    endloop
  endfacet
  facet normal -0.65929 -0.751889 0
    outer loop
      vertex 41.77 -9.84396 0
      vertex 41.7009 -9.78337 0
      vertex 41.7009 -9.78337 -2.0773
    endloop
  endfacet
  facet normal -0.659415 -0.751779 7.37977e-06
    outer loop
      vertex 41.7009 -9.78337 -2.0773
      vertex 41.8798 -9.94027 0
      vertex 41.77 -9.84396 0
    endloop
  endfacet
  facet normal -0.659414 -0.75178 7.13314e-06
    outer loop
      vertex 41.8798 -9.94027 0
      vertex 41.7009 -9.78337 -2.0773
      vertex 41.847 -9.91152 -2.1158
    endloop
  endfacet
  facet normal -0.659026 -0.75212 -3.48806e-06
    outer loop
      vertex 41.847 -9.91152 -2.1158
      vertex 41.9757 -10.0243 0
      vertex 41.8798 -9.94027 0
    endloop
  endfacet
  facet normal -0.659059 -0.752091 -0
    outer loop
      vertex 41.9757 -10.0243 0
      vertex 41.847 -9.91152 -2.1158
      vertex 41.9757 -10.0243 -2.1851
    endloop
  endfacet
  facet normal -0.0521812 0.792231 0.607986
    outer loop
      vertex 40.3039 -14.3082 -4.5557
      vertex 40.2748 -14.0871 -4.8463
      vertex 40 -14.1052 -4.8463
    endloop
  endfacet
  facet normal -0.726178 0.637042 0.258542
    outer loop
      vertex 41.9419 -13.9419 -3.5464
      vertex 42.1035 -13.6141 -3.9002
      vertex 41.8748 -13.8748 -3.9002
    endloop
  endfacet
  facet normal -0.297146 0.875116 0.381937
    outer loop
      vertex 40.6862 -14.5611 -3.9002
      vertex 40.961 -14.3201 -4.2386
      vertex 40.65 -14.4257 -4.2386
    endloop
  endfacet
  facet normal -0.636868 0.726428 0.258266
    outer loop
      vertex 41.6718 -14.1787 -3.5464
      vertex 41.9419 -13.9419 -3.5464
      vertex 41.6141 -14.1035 -3.9002
    endloop
  endfacet
  facet normal -0.653622 0.745537 0.130202
    outer loop
      vertex 41.7009 -14.2166 -3.1833
      vertex 41.9419 -13.9419 -3.5464
      vertex 41.6718 -14.1787 -3.5464
    endloop
  endfacet
  facet normal -0.803242 0.53675 0.258265
    outer loop
      vertex 42.1787 -13.6718 -3.5464
      vertex 42.3783 -13.3731 -3.5464
      vertex 42.1035 -13.6141 -3.9002
    endloop
  endfacet
  facet normal -0.694814 0.609299 0.382085
    outer loop
      vertex 42.1035 -13.6141 -3.9002
      vertex 41.9923 -13.5287 -4.2386
      vertex 41.7757 -13.7757 -4.2386
    endloop
  endfacet
  facet normal -0.726428 0.636868 0.258266
    outer loop
      vertex 42.1787 -13.6718 -3.5464
      vertex 42.1035 -13.6141 -3.9002
      vertex 41.9419 -13.9419 -3.5464
    endloop
  endfacet
  facet normal -0.694746 0.609468 0.381937
    outer loop
      vertex 41.8748 -13.8748 -3.9002
      vertex 42.1035 -13.6141 -3.9002
      vertex 41.7757 -13.7757 -4.2386
    endloop
  endfacet
  facet normal -0.4412 0.66007 0.607988
    outer loop
      vertex 41.4173 -13.847 -4.5557
      vertex 41.2815 -13.6701 -4.8463
      vertex 41.0526 -13.8231 -4.8463
    endloop
  endfacet
  facet normal 0.828896 0.408719 0.381943
    outer loop
      vertex 37.7038 -13.3257 -3.9002
      vertex 37.6799 -12.961 -4.2386
      vertex 37.5504 -13.0146 -3.9002
    endloop
  endfacet
  facet normal 0.513461 0.768363 0.382067
    outer loop
      vertex 38.7444 -14.1748 -4.2386
      vertex 38.4713 -13.9923 -4.2386
      vertex 38.3859 -14.1035 -3.9002
    endloop
  endfacet
  facet normal 0.57129 0.651471 0.499213
    outer loop
      vertex 38.4713 -13.9923 -4.2386
      vertex 38.5827 -13.847 -4.5557
      vertex 38.2243 -13.7757 -4.2386
    endloop
  endfacet
  facet normal 0.637042 0.726178 0.258542
    outer loop
      vertex 38.3859 -14.1035 -3.9002
      vertex 38.1252 -13.8748 -3.9002
      vertex 38.0581 -13.9419 -3.5464
    endloop
  endfacet
  facet normal 0.726178 0.637042 0.258542
    outer loop
      vertex 38.0581 -13.9419 -3.5464
      vertex 38.1252 -13.8748 -3.9002
      vertex 37.8965 -13.6141 -3.9002
    endloop
  endfacet
  facet normal 0.53675 0.803242 0.258265
    outer loop
      vertex 38.6269 -14.3783 -3.5464
      vertex 38.3859 -14.1035 -3.9002
      vertex 38.3282 -14.1787 -3.5464
    endloop
  endfacet
  facet normal 0.55087 0.824373 0.130196
    outer loop
      vertex 38.6269 -14.3783 -3.5464
      vertex 38.3282 -14.1787 -3.5464
      vertex 38.2991 -14.2166 -3.1833
    endloop
  endfacet
  facet normal 0.89693 0.442172 0
    outer loop
      vertex 37.5803 -13.397 0
      vertex 37.4187 -13.0692 -3.1833
      vertex 37.4187 -13.0692 0
    endloop
  endfacet
  facet normal 0.89693 0.442172 0
    outer loop
      vertex 37.4187 -13.0692 -3.1833
      vertex 37.5803 -13.397 0
      vertex 37.5803 -13.397 -3.1833
    endloop
  endfacet
  facet normal 0.946918 0.321476 0
    outer loop
      vertex 37.4187 -13.0692 0
      vertex 37.3012 -12.7231 -3.1833
      vertex 37.3012 -12.7231 0
    endloop
  endfacet
  facet normal 0.946918 0.321476 0
    outer loop
      vertex 37.3012 -12.7231 -3.1833
      vertex 37.4187 -13.0692 0
      vertex 37.4187 -13.0692 -3.1833
    endloop
  endfacet
  facet normal -0.0564455 0.864618 0.499248
    outer loop
      vertex 40.3278 -14.4898 -4.2386
      vertex 40 -14.3281 -4.5557
      vertex 40 -14.5112 -4.2386
    endloop
  endfacet
  facet normal 0.188528 0.94748 0.25834
    outer loop
      vertex 39.6415 -14.7227 -3.5464
      vertex 39.6539 -14.6287 -3.9002
      vertex 39.2892 -14.6526 -3.5464
    endloop
  endfacet
  facet normal -0.481416 0.720417 0.499236
    outer loop
      vertex 41.2556 -14.1748 -4.2386
      vertex 41.4173 -13.847 -4.5557
      vertex 41.1641 -14.0162 -4.5557
    endloop
  endfacet
  facet normal -0.064836 0.98936 0.130243
    outer loop
      vertex 40.3647 -14.7701 -3.1833
      vertex 40 -14.7462 -3.5464
      vertex 40 -14.794 -3.1833
    endloop
  endfacet
  facet normal -0.321398 -0.946944 6.75997e-06
    outer loop
      vertex 40.8056 -9.32919 -1.8799
      vertex 40.8671 -9.35005 0
      vertex 40.7864 -9.32266 0
    endloop
  endfacet
  facet normal -0.321071 -0.947055 0
    outer loop
      vertex 40.7231 -9.3012 -1.8799
      vertex 40.7864 -9.32266 0
      vertex 40.7231 -9.3012 0
    endloop
  endfacet
  facet normal -0.321285 -0.946982 8.04154e-06
    outer loop
      vertex 40.7864 -9.32266 0
      vertex 40.7231 -9.3012 -1.8799
      vertex 40.8056 -9.32919 -1.8799
    endloop
  endfacet
  facet normal -0.32141 -0.94694 7.20357e-06
    outer loop
      vertex 40.8056 -9.32919 -1.8799
      vertex 41.0566 -9.41437 0
      vertex 40.8671 -9.35005 0
    endloop
  endfacet
  facet normal -0.32142 -0.946937 8.75298e-06
    outer loop
      vertex 41.0566 -9.41437 0
      vertex 40.8056 -9.32919 -1.8799
      vertex 41.0526 -9.41303 -1.9178
    endloop
  endfacet
  facet normal -0.323652 -0.946176 1.39395e-05
    outer loop
      vertex 41.0526 -9.41303 -1.9178
      vertex 41.0692 -9.41868 0
      vertex 41.0566 -9.41437 0
    endloop
  endfacet
  facet normal -0.322209 -0.946668 -0
    outer loop
      vertex 41.0692 -9.41868 0
      vertex 41.0526 -9.41303 -1.9178
      vertex 41.0692 -9.41868 -1.9233
    endloop
  endfacet
  facet normal -0.194977 -0.980808 1.27728e-07
    outer loop
      vertex 40.5449 -9.26573 -1.8548
      vertex 40.5861 -9.27392 0
      vertex 40.5033 -9.25746 0
    endloop
  endfacet
  facet normal -0.195027 -0.980798 0
    outer loop
      vertex 40.3647 -9.2299 -1.8548
      vertex 40.5033 -9.25746 0
      vertex 40.3647 -9.2299 0
    endloop
  endfacet
  facet normal -0.195017 -0.9808 -8.04043e-07
    outer loop
      vertex 40.5033 -9.25746 0
      vertex 40.3647 -9.2299 -1.8548
      vertex 40.5449 -9.26573 -1.8548
    endloop
  endfacet
  facet normal -0.19529 -0.980746 7.35634e-06
    outer loop
      vertex 40.5449 -9.26573 -1.8548
      vertex 40.7231 -9.3012 0
      vertex 40.5861 -9.27392 0
    endloop
  endfacet
  facet normal -0.195216 -0.98076 -0
    outer loop
      vertex 40.7231 -9.3012 0
      vertex 40.5449 -9.26573 -1.8548
      vertex 40.7231 -9.3012 -1.8799
    endloop
  endfacet
  facet normal -0.318737 0.938851 0.130254
    outer loop
      vertex 40.7231 -14.6988 -3.1833
      vertex 41.0692 -14.5813 -3.1833
      vertex 40.7108 -14.6526 -3.5464
    endloop
  endfacet
  facet normal -0.438405 0.889289 0.130252
    outer loop
      vertex 41.397 -14.4197 -3.1833
      vertex 41.3731 -14.3783 -3.5464
      vertex 41.0692 -14.5813 -3.1833
    endloop
  endfacet
  facet normal -0.571362 0.651319 0.499329
    outer loop
      vertex 41.7757 -13.7757 -4.2386
      vertex 41.6462 -13.6462 -4.5557
      vertex 41.4173 -13.847 -4.5557
    endloop
  endfacet
  facet normal -0.768409 0.513427 0.382022
    outer loop
      vertex 42.2962 -13.3257 -3.9002
      vertex 42.1748 -13.2556 -4.2386
      vertex 42.1035 -13.6141 -3.9002
    endloop
  endfacet
  facet normal -0.803256 0.536711 0.258303
    outer loop
      vertex 42.3783 -13.3731 -3.5464
      vertex 42.2962 -13.3257 -3.9002
      vertex 42.1035 -13.6141 -3.9002
    endloop
  endfacet
  facet normal -0.255225 0.751833 0.607954
    outer loop
      vertex 40.6026 -14.2488 -4.5557
      vertex 40.8056 -13.9449 -4.8463
      vertex 40.5449 -14.0334 -4.8463
    endloop
  endfacet
  facet normal -0.481421 0.720417 0.499233
    outer loop
      vertex 41.5287 -13.9923 -4.2386
      vertex 41.4173 -13.847 -4.5557
      vertex 41.2556 -14.1748 -4.2386
    endloop
  endfacet
  facet normal -0.383265 0.77708 0.499254
    outer loop
      vertex 41.2556 -14.1748 -4.2386
      vertex 41.1641 -14.0162 -4.5557
      vertex 40.961 -14.3201 -4.2386
    endloop
  endfacet
  facet normal 0.866413 0.427291 0.258362
    outer loop
      vertex 37.6217 -13.3731 -3.5464
      vertex 37.5504 -13.0146 -3.9002
      vertex 37.4628 -13.0509 -3.5464
    endloop
  endfacet
  facet normal 0.914821 0.31041 0.258356
    outer loop
      vertex 37.4628 -13.0509 -3.5464
      vertex 37.5504 -13.0146 -3.9002
      vertex 37.3474 -12.7108 -3.5464
    endloop
  endfacet
  facet normal 0.481421 0.720417 0.499233
    outer loop
      vertex 38.7444 -14.1748 -4.2386
      vertex 38.5827 -13.847 -4.5557
      vertex 38.4713 -13.9923 -4.2386
    endloop
  endfacet
  facet normal 0.055058 0.706031 0.706037
    outer loop
      vertex 40 -14.1052 -4.8463
      vertex 40 -2.794 -16.1574
      vertex 39.9949 -13.8458 -5.1053
    endloop
  endfacet
  facet normal 0.0462955 0.706348 0.70635
    outer loop
      vertex 39.9949 -13.8458 -5.1053
      vertex 40 -2.794 -16.1574
      vertex 39.7777 -2.77943 -16.1574
    endloop
  endfacet
  facet normal 0.0461062 0.706263 0.706446
    outer loop
      vertex 40 -14.1052 -4.8463
      vertex 39.9949 -13.8458 -5.1053
      vertex 39.759 -13.8304 -5.1053
    endloop
  endfacet
  facet normal 0.4412 0.66007 0.607988
    outer loop
      vertex 38.9474 -13.8231 -4.8463
      vertex 38.7185 -13.6701 -4.8463
      vertex 38.5827 -13.847 -4.5557
    endloop
  endfacet
  facet normal 0.609468 0.694746 0.381937
    outer loop
      vertex 38.3859 -14.1035 -3.9002
      vertex 38.2243 -13.7757 -4.2386
      vertex 38.1252 -13.8748 -3.9002
    endloop
  endfacet
  facet normal 0.694746 0.609468 0.381937
    outer loop
      vertex 38.1252 -13.8748 -3.9002
      vertex 38.2243 -13.7757 -4.2386
      vertex 37.8965 -13.6141 -3.9002
    endloop
  endfacet
  facet normal 0.42724 0.866456 0.258302
    outer loop
      vertex 38.9854 -14.4496 -3.9002
      vertex 38.6743 -14.2962 -3.9002
      vertex 38.6269 -14.3783 -3.5464
    endloop
  endfacet
  facet normal 0.536711 0.803256 0.258303
    outer loop
      vertex 38.6269 -14.3783 -3.5464
      vertex 38.6743 -14.2962 -3.9002
      vertex 38.3859 -14.1035 -3.9002
    endloop
  endfacet
  facet normal -0.180181 0.9065 0.381827
    outer loop
      vertex 40.3461 -14.6287 -3.9002
      vertex 40.6862 -14.5611 -3.9002
      vertex 40.3278 -14.4898 -4.2386
    endloop
  endfacet
  facet normal -0.0648532 0.989356 0.13026
    outer loop
      vertex 40.3647 -14.7701 -3.1833
      vertex 40.3585 -14.7227 -3.5464
      vertex 40 -14.7462 -3.5464
    endloop
  endfacet
  facet normal -0.536711 0.803256 0.258303
    outer loop
      vertex 41.3731 -14.3783 -3.5464
      vertex 41.6141 -14.1035 -3.9002
      vertex 41.3257 -14.2962 -3.9002
    endloop
  endfacet
  facet normal 0.0631902 0.963987 0.258333
    outer loop
      vertex 40 -14.7462 -3.5464
      vertex 39.6539 -14.6287 -3.9002
      vertex 39.6415 -14.7227 -3.5464
    endloop
  endfacet
  facet normal -0.828827 0.408787 0.38202
    outer loop
      vertex 42.2962 -13.3257 -3.9002
      vertex 42.3201 -12.961 -4.2386
      vertex 42.1748 -13.2556 -4.2386
    endloop
  endfacet
  facet normal 0.351126 0.712158 0.607899
    outer loop
      vertex 39.1091 -14.1509 -4.5557
      vertex 39.1944 -13.9449 -4.8463
      vertex 38.8359 -14.0162 -4.5557
    endloop
  endfacet
  facet normal 0.383139 0.777086 0.499341
    outer loop
      vertex 39.039 -14.3201 -4.2386
      vertex 39.1091 -14.1509 -4.5557
      vertex 38.8359 -14.0162 -4.5557
    endloop
  endfacet
  facet normal -0.0462955 0.706348 0.70635
    outer loop
      vertex 40.0051 -13.8458 -5.1053
      vertex 40.2223 -2.77943 -16.1574
      vertex 40 -2.794 -16.1574
    endloop
  endfacet
  facet normal -0.0461062 0.706263 0.706446
    outer loop
      vertex 40.241 -13.8304 -5.1053
      vertex 40.0051 -13.8458 -5.1053
      vertex 40 -14.1052 -4.8463
    endloop
  endfacet
  facet normal -0.055058 0.706031 0.706037
    outer loop
      vertex 40.0051 -13.8458 -5.1053
      vertex 40 -2.794 -16.1574
      vertex 40 -14.1052 -4.8463
    endloop
  endfacet
  facet normal 0.651471 0.57129 0.499213
    outer loop
      vertex 38.2243 -13.7757 -4.2386
      vertex 38.153 -13.4173 -4.5557
      vertex 38.0077 -13.5287 -4.2386
    endloop
  endfacet
  facet normal 0.694814 0.609299 0.382085
    outer loop
      vertex 38.2243 -13.7757 -4.2386
      vertex 38.0077 -13.5287 -4.2386
      vertex 37.8965 -13.6141 -3.9002
    endloop
  endfacet
  facet normal 0.651319 0.571362 0.499329
    outer loop
      vertex 38.2243 -13.7757 -4.2386
      vertex 38.3538 -13.6462 -4.5557
      vertex 38.153 -13.4173 -4.5557
    endloop
  endfacet
  facet normal 0.408787 0.828827 0.38202
    outer loop
      vertex 39.039 -14.3201 -4.2386
      vertex 38.7444 -14.1748 -4.2386
      vertex 38.6743 -14.2962 -3.9002
    endloop
  endfacet
  facet normal 0.383265 0.77708 0.499254
    outer loop
      vertex 39.039 -14.3201 -4.2386
      vertex 38.8359 -14.0162 -4.5557
      vertex 38.7444 -14.1748 -4.2386
    endloop
  endfacet
  facet normal 0.188343 0.947567 0.258156
    outer loop
      vertex 39.6539 -14.6287 -3.9002
      vertex 39.3138 -14.5611 -3.9002
      vertex 39.2892 -14.6526 -3.5464
    endloop
  endfacet
  facet normal 0.351158 0.712118 0.607928
    outer loop
      vertex 39.1944 -13.9449 -4.8463
      vertex 38.9474 -13.8231 -4.8463
      vertex 38.8359 -14.0162 -4.5557
    endloop
  endfacet
  facet normal -0.180326 0.906414 0.381963
    outer loop
      vertex 40.6862 -14.5611 -3.9002
      vertex 40.65 -14.4257 -4.2386
      vertex 40.3278 -14.4898 -4.2386
    endloop
  endfacet
  facet normal -0.0518878 0.792397 0.607795
    outer loop
      vertex 40.3039 -14.3082 -4.5557
      vertex 40 -14.1052 -4.8463
      vertex 40 -14.3281 -4.5557
    endloop
  endfacet
  facet normal -0.513461 0.768363 0.382067
    outer loop
      vertex 41.6141 -14.1035 -3.9002
      vertex 41.5287 -13.9923 -4.2386
      vertex 41.2556 -14.1748 -4.2386
    endloop
  endfacet
  facet normal -0.427291 0.866413 0.258362
    outer loop
      vertex 41.0509 -14.5372 -3.5464
      vertex 41.3731 -14.3783 -3.5464
      vertex 41.0146 -14.4496 -3.9002
    endloop
  endfacet
  facet normal -0.19349 0.972418 0.130246
    outer loop
      vertex 40.3647 -14.7701 -3.1833
      vertex 40.7108 -14.6526 -3.5464
      vertex 40.3585 -14.7227 -3.5464
    endloop
  endfacet
  facet normal -0.42724 0.866456 0.258302
    outer loop
      vertex 41.3731 -14.3783 -3.5464
      vertex 41.3257 -14.2962 -3.9002
      vertex 41.0146 -14.4496 -3.9002
    endloop
  endfacet
  facet normal 0.442591 -0.896723 0
    outer loop
      vertex 38.9308 -9.41868 -1.9233
      vertex 38.9308 -9.41868 0
      vertex 38.8531 -9.45703 0
    endloop
  endfacet
  facet normal 0.44217 -0.896931 -2.11868e-05
    outer loop
      vertex 38.6907 -9.53709 0
      vertex 38.9308 -9.41868 -1.9233
      vertex 38.8531 -9.45703 0
    endloop
  endfacet
  facet normal 0.442306 -0.896864 5.80358e-08
    outer loop
      vertex 38.9308 -9.41868 -1.9233
      vertex 38.6907 -9.53709 0
      vertex 38.7185 -9.52338 -1.9605
    endloop
  endfacet
  facet normal 0.442134 -0.896949 -2.98921e-06
    outer loop
      vertex 38.603 -9.58032 0
      vertex 38.7185 -9.52338 -1.9605
      vertex 38.6907 -9.53709 0
    endloop
  endfacet
  facet normal 0.442174 -0.896929 0
    outer loop
      vertex 38.7185 -9.52338 -1.9605
      vertex 38.603 -9.58032 0
      vertex 38.603 -9.58032 -2.0002
    endloop
  endfacet
  facet normal 0.441148 0.660158 0.60793
    outer loop
      vertex 38.8359 -14.0162 -4.5557
      vertex 38.9474 -13.8231 -4.8463
      vertex 38.5827 -13.847 -4.5557
    endloop
  endfacet
  facet normal 0.154858 0.778722 0.607956
    outer loop
      vertex 39.6961 -14.3082 -4.5557
      vertex 39.4551 -14.0334 -4.8463
      vertex 39.3974 -14.2488 -4.5557
    endloop
  endfacet
  facet normal 0.310599 0.914806 0.258184
    outer loop
      vertex 39.2892 -14.6526 -3.5464
      vertex 39.3138 -14.5611 -3.9002
      vertex 38.9854 -14.4496 -3.9002
    endloop
  endfacet
  facet normal 0.408719 0.828896 0.381943
    outer loop
      vertex 38.9854 -14.4496 -3.9002
      vertex 39.039 -14.3201 -4.2386
      vertex 38.6743 -14.2962 -3.9002
    endloop
  endfacet
  facet normal 0.297146 0.875116 0.381937
    outer loop
      vertex 39.3138 -14.5611 -3.9002
      vertex 39.35 -14.4257 -4.2386
      vertex 39.039 -14.3201 -4.2386
    endloop
  endfacet
  facet normal 0.180181 0.9065 0.381827
    outer loop
      vertex 39.6539 -14.6287 -3.9002
      vertex 39.6722 -14.4898 -4.2386
      vertex 39.3138 -14.5611 -3.9002
    endloop
  endfacet
  facet normal 0.0604888 0.922255 0.381821
    outer loop
      vertex 40 -14.6514 -3.9002
      vertex 39.6722 -14.4898 -4.2386
      vertex 39.6539 -14.6287 -3.9002
    endloop
  endfacet
  facet normal 0.0564455 0.864618 0.499248
    outer loop
      vertex 40 -14.5112 -4.2386
      vertex 40 -14.3281 -4.5557
      vertex 39.6722 -14.4898 -4.2386
    endloop
  endfacet
  facet normal -0.255308 0.751843 0.607906
    outer loop
      vertex 40.8909 -14.1509 -4.5557
      vertex 40.8056 -13.9449 -4.8463
      vertex 40.6026 -14.2488 -4.5557
    endloop
  endfacet
  facet normal -0.278571 0.820412 0.499322
    outer loop
      vertex 40.65 -14.4257 -4.2386
      vertex 40.961 -14.3201 -4.2386
      vertex 40.6026 -14.2488 -4.5557
    endloop
  endfacet
  facet normal -0.408787 0.828827 0.38202
    outer loop
      vertex 41.3257 -14.2962 -3.9002
      vertex 41.2556 -14.1748 -4.2386
      vertex 40.961 -14.3201 -4.2386
    endloop
  endfacet
  facet normal -0.513427 0.768409 0.382022
    outer loop
      vertex 41.3257 -14.2962 -3.9002
      vertex 41.6141 -14.1035 -3.9002
      vertex 41.2556 -14.1748 -4.2386
    endloop
  endfacet
  facet normal 0.0566114 0.864534 0.499377
    outer loop
      vertex 40 -14.3281 -4.5557
      vertex 39.6961 -14.3082 -4.5557
      vertex 39.6722 -14.4898 -4.2386
    endloop
  endfacet
  facet normal -0.188528 0.94748 0.25834
    outer loop
      vertex 40.3585 -14.7227 -3.5464
      vertex 40.7108 -14.6526 -3.5464
      vertex 40.3461 -14.6287 -3.9002
    endloop
  endfacet
  facet normal -0.0566114 0.864534 0.499377
    outer loop
      vertex 40.3278 -14.4898 -4.2386
      vertex 40.3039 -14.3082 -4.5557
      vertex 40 -14.3281 -4.5557
    endloop
  endfacet
  facet normal -0.188343 0.947567 0.258156
    outer loop
      vertex 40.7108 -14.6526 -3.5464
      vertex 40.6862 -14.5611 -3.9002
      vertex 40.3461 -14.6287 -3.9002
    endloop
  endfacet
  facet normal -0.651471 0.57129 0.499213
    outer loop
      vertex 41.9923 -13.5287 -4.2386
      vertex 41.847 -13.4173 -4.5557
      vertex 41.7757 -13.7757 -4.2386
    endloop
  endfacet
  facet normal -0.651319 0.571362 0.499329
    outer loop
      vertex 41.7757 -13.7757 -4.2386
      vertex 41.847 -13.4173 -4.5557
      vertex 41.6462 -13.6462 -4.5557
    endloop
  endfacet
  facet normal 0.278571 0.820412 0.499322
    outer loop
      vertex 39.35 -14.4257 -4.2386
      vertex 39.3974 -14.2488 -4.5557
      vertex 39.039 -14.3201 -4.2386
    endloop
  endfacet
  facet normal 0.180326 0.906414 0.381963
    outer loop
      vertex 39.6722 -14.4898 -4.2386
      vertex 39.35 -14.4257 -4.2386
      vertex 39.3138 -14.5611 -3.9002
    endloop
  endfacet
  facet normal 0.255225 0.751833 0.607954
    outer loop
      vertex 39.3974 -14.2488 -4.5557
      vertex 39.4551 -14.0334 -4.8463
      vertex 39.1944 -13.9449 -4.8463
    endloop
  endfacet
  facet normal 0.255308 0.751843 0.607906
    outer loop
      vertex 39.3974 -14.2488 -4.5557
      vertex 39.1944 -13.9449 -4.8463
      vertex 39.1091 -14.1509 -4.5557
    endloop
  endfacet
  facet normal -0.168982 0.849746 0.499377
    outer loop
      vertex 40.3278 -14.4898 -4.2386
      vertex 40.6026 -14.2488 -4.5557
      vertex 40.3039 -14.3082 -4.5557
    endloop
  endfacet
  facet normal -0.169056 0.849761 0.499325
    outer loop
      vertex 40.65 -14.4257 -4.2386
      vertex 40.6026 -14.2488 -4.5557
      vertex 40.3278 -14.4898 -4.2386
    endloop
  endfacet
  facet normal -0.0465305 0.706441 0.70624
    outer loop
      vertex 40.2748 -14.0871 -4.8463
      vertex 40.241 -13.8304 -5.1053
      vertex 40 -14.1052 -4.8463
    endloop
  endfacet
  facet normal -0.351126 0.712158 0.607899
    outer loop
      vertex 40.8909 -14.1509 -4.5557
      vertex 41.1641 -14.0162 -4.5557
      vertex 40.8056 -13.9449 -4.8463
    endloop
  endfacet
  facet normal -0.383139 0.777086 0.499341
    outer loop
      vertex 40.961 -14.3201 -4.2386
      vertex 41.1641 -14.0162 -4.5557
      vertex 40.8909 -14.1509 -4.5557
    endloop
  endfacet
  facet normal -0.408719 0.828896 0.381943
    outer loop
      vertex 41.0146 -14.4496 -3.9002
      vertex 41.3257 -14.2962 -3.9002
      vertex 40.961 -14.3201 -4.2386
    endloop
  endfacet
  facet normal -0.31041 0.914821 0.258356
    outer loop
      vertex 41.0509 -14.5372 -3.5464
      vertex 41.0146 -14.4496 -3.9002
      vertex 40.7108 -14.6526 -3.5464
    endloop
  endfacet
  facet normal 0.15482 0.778712 0.607979
    outer loop
      vertex 39.6961 -14.3082 -4.5557
      vertex 39.7252 -14.0871 -4.8463
      vertex 39.4551 -14.0334 -4.8463
    endloop
  endfacet
  facet normal -0.0631902 0.963987 0.258333
    outer loop
      vertex 40.3585 -14.7227 -3.5464
      vertex 40.3461 -14.6287 -3.9002
      vertex 40 -14.7462 -3.5464
    endloop
  endfacet
  facet normal -0.0604888 0.922255 0.381821
    outer loop
      vertex 40.3461 -14.6287 -3.9002
      vertex 40.3278 -14.4898 -4.2386
      vertex 40 -14.6514 -3.9002
    endloop
  endfacet
  facet normal 0.169056 0.849761 0.499325
    outer loop
      vertex 39.6722 -14.4898 -4.2386
      vertex 39.3974 -14.2488 -4.5557
      vertex 39.35 -14.4257 -4.2386
    endloop
  endfacet
  facet normal 0.168982 0.849746 0.499377
    outer loop
      vertex 39.6722 -14.4898 -4.2386
      vertex 39.6961 -14.3082 -4.5557
      vertex 39.3974 -14.2488 -4.5557
    endloop
  endfacet
  facet normal -0.15482 0.778712 0.607979
    outer loop
      vertex 40.3039 -14.3082 -4.5557
      vertex 40.5449 -14.0334 -4.8463
      vertex 40.2748 -14.0871 -4.8463
    endloop
  endfacet
  facet normal -0.438548 0.88924 0.130104
    outer loop
      vertex 41.0692 -14.5813 -3.1833
      vertex 41.3731 -14.3783 -3.5464
      vertex 41.0509 -14.5372 -3.5464
    endloop
  endfacet
  facet normal -0.318588 0.938924 0.130093
    outer loop
      vertex 41.0692 -14.5813 -3.1833
      vertex 41.0509 -14.5372 -3.5464
      vertex 40.7108 -14.6526 -3.5464
    endloop
  endfacet
  facet normal -0.060203 0.922175 0.382059
    outer loop
      vertex 40.3278 -14.4898 -4.2386
      vertex 40 -14.5112 -4.2386
      vertex 40 -14.6514 -3.9002
    endloop
  endfacet
  facet normal 0.060203 0.922175 0.382059
    outer loop
      vertex 40 -14.6514 -3.9002
      vertex 40 -14.5112 -4.2386
      vertex 39.6722 -14.4898 -4.2386
    endloop
  endfacet
  facet normal -0.310599 0.914806 0.258184
    outer loop
      vertex 40.7108 -14.6526 -3.5464
      vertex 41.0146 -14.4496 -3.9002
      vertex 40.6862 -14.5611 -3.9002
    endloop
  endfacet
  facet normal -0.297124 0.875116 0.381954
    outer loop
      vertex 41.0146 -14.4496 -3.9002
      vertex 40.961 -14.3201 -4.2386
      vertex 40.6862 -14.5611 -3.9002
    endloop
  endfacet
  facet normal -0.0632264 0.963994 0.2583
    outer loop
      vertex 40.3461 -14.6287 -3.9002
      vertex 40 -14.6514 -3.9002
      vertex 40 -14.7462 -3.5464
    endloop
  endfacet
  facet normal 0.0632264 0.963994 0.2583
    outer loop
      vertex 40 -14.7462 -3.5464
      vertex 40 -14.6514 -3.9002
      vertex 39.6539 -14.6287 -3.9002
    endloop
  endfacet
  facet normal -0.995733 0.0652553 0.0652558
    outer loop
      vertex 42.794 -12 -3.1833
      vertex 42.794 0 -15.1832
      vertex 42.7701 -0.364691 -15.1832
    endloop
  endfacet
  facet normal -0.995733 0.0652537 0.0652543
    outer loop
      vertex 42.794 -12 -3.1833
      vertex 42.7701 -0.364691 -15.1832
      vertex 42.7701 -12.3647 -3.1833
    endloop
  endfacet
  facet normal -0.23369 -0.68753 -0.687525
    outer loop
      vertex 40.5449 0 -11.1206
      vertex 40.7231 -9.3012 -1.8799
      vertex 40.5449 -9.26573 -1.8548
    endloop
  endfacet
  facet normal -0.233282 -0.687595 -0.687599
    outer loop
      vertex 40.8056 -9.32919 -1.8799
      vertex 40.7231 -9.3012 -1.8799
      vertex 40.5449 0 -11.1206
    endloop
  endfacet
  facet normal -0.233163 -0.687614 -0.687621
    outer loop
      vertex 40.8056 0 -11.209
      vertex 40.8056 -9.32919 -1.8799
      vertex 40.5449 0 -11.1206
    endloop
  endfacet
  facet normal -0.527126 0.600892 0.600889
    outer loop
      vertex 41.6462 -13.6462 -4.5557
      vertex 41.6462 -2.25315 -15.9488
      vertex 41.4173 -13.847 -4.5557
    endloop
  endfacet
  facet normal -0.527106 0.6009 0.600898
    outer loop
      vertex 41.6462 -2.25315 -15.9488
      vertex 41.4173 -2.40614 -15.9966
      vertex 41.4173 -13.847 -4.5557
    endloop
  endfacet
  facet normal -0.931048 0.258021 0.258021
    outer loop
      vertex 42.5813 -1.06922 -15.4443
      vertex 42.5611 -1.11031 -15.4761
      vertex 42.5611 -12.6862 -3.9002
    endloop
  endfacet
  facet normal -0.930643 0.258747 0.258752
    outer loop
      vertex 42.6526 -0.859174 -15.3979
      vertex 42.5813 -1.06922 -15.4443
      vertex 42.5611 -12.6862 -3.9002
    endloop
  endfacet
  facet normal -0.930683 0.258677 0.25868
    outer loop
      vertex 42.6526 -12.7108 -3.5464
      vertex 42.6526 -0.859174 -15.3979
      vertex 42.5611 -12.6862 -3.9002
    endloop
  endfacet
  facet normal -0.841018 -0.38255 -0.38255
    outer loop
      vertex 42.4496 0 -13.0854
      vertex 42.4496 -10.6636 -2.4218
      vertex 42.3201 0 -12.8007
    endloop
  endfacet
  facet normal -0.841056 -0.382508 -0.382508
    outer loop
      vertex 42.3201 0 -12.8007
      vertex 42.4197 -10.603 -2.4167
      vertex 42.3201 -10.4539 -2.3468
    endloop
  endfacet
  facet normal -0.84089 -0.382688 -0.382693
    outer loop
      vertex 42.4496 -10.6636 -2.4218
      vertex 42.4197 -10.603 -2.4167
      vertex 42.3201 0 -12.8007
    endloop
  endfacet
  facet normal 0.962646 0.191459 0.191459
    outer loop
      vertex 37.3012 -0.723142 -15.3018
      vertex 37.2773 -0.602974 -15.3018
      vertex 37.2773 -12.3584 -3.5464
    endloop
  endfacet
  facet normal 0.962597 0.191581 0.19158
    outer loop
      vertex 37.3474 -0.859174 -15.3979
      vertex 37.3012 -0.723142 -15.3018
      vertex 37.2773 -12.3584 -3.5464
    endloop
  endfacet
  facet normal 0.962634 0.191489 0.191491
    outer loop
      vertex 37.3474 -12.7108 -3.5464
      vertex 37.3474 -0.859174 -15.3979
      vertex 37.2773 -12.3584 -3.5464
    endloop
  endfacet
  facet normal -0.62757 -0.550522 -0.550529
    outer loop
      vertex 41.847 0 -12.0272
      vertex 41.847 -9.91152 -2.1158
      vertex 41.6462 0 -11.7983
    endloop
  endfacet
  facet normal -0.627355 -0.550646 -0.550649
    outer loop
      vertex 41.6462 0 -11.7983
      vertex 41.7009 -9.78337 -2.0773
      vertex 41.6462 -9.74685 -2.0515
    endloop
  endfacet
  facet normal -0.627807 -0.550391 -0.550389
    outer loop
      vertex 41.847 -9.91152 -2.1158
      vertex 41.7009 -9.78337 -2.0773
      vertex 41.6462 0 -11.7983
    endloop
  endfacet
  facet normal 0.841056 -0.382508 -0.382508
    outer loop
      vertex 37.6799 0 -12.8007
      vertex 37.6799 -10.4539 -2.3468
      vertex 37.5803 -10.603 -2.4167
    endloop
  endfacet
  facet normal 0.84089 -0.382688 -0.382693
    outer loop
      vertex 37.6799 0 -12.8007
      vertex 37.5803 -10.603 -2.4167
      vertex 37.5504 -10.6636 -2.4218
    endloop
  endfacet
  facet normal 0.841018 -0.38255 -0.38255
    outer loop
      vertex 37.5504 0 -13.0854
      vertex 37.6799 0 -12.8007
      vertex 37.5504 -10.6636 -2.4218
    endloop
  endfacet
  facet normal -0.139417 -0.700201 -0.700201
    outer loop
      vertex 40.2748 0 -11.0668
      vertex 40.3647 -9.2299 -1.8548
      vertex 40.2748 -9.224 -1.8428
    endloop
  endfacet
  facet normal -0.139228 -0.700219 -0.700221
    outer loop
      vertex 40.5449 -9.26573 -1.8548
      vertex 40.3647 -9.2299 -1.8548
      vertex 40.2748 0 -11.0668
    endloop
  endfacet
  facet normal -0.139468 -0.700199 -0.700193
    outer loop
      vertex 40.5449 0 -11.1206
      vertex 40.5449 -9.26573 -1.8548
      vertex 40.2748 0 -11.0668
    endloop
  endfacet
  facet normal 0.527105 -0.600897 -0.600901
    outer loop
      vertex 38.5827 0 -11.5975
      vertex 38.5827 -9.59386 -2.0037
      vertex 38.3538 -9.74685 -2.0515
    endloop
  endfacet
  facet normal 0.527126 -0.600889 -0.600892
    outer loop
      vertex 38.3538 0 -11.7983
      vertex 38.5827 0 -11.5975
      vertex 38.3538 -9.74685 -2.0515
    endloop
  endfacet
  facet normal -0.982815 -0.130528 -0.130528
    outer loop
      vertex 42.7701 0 -14.4523
      vertex 42.7701 -11.6353 -2.817
      vertex 42.7227 0 -14.0954
    endloop
  endfacet
  facet normal -0.982815 -0.130528 -0.130528
    outer loop
      vertex 42.7227 0 -14.0954
      vertex 42.7701 -11.6353 -2.817
      vertex 42.7227 -11.397 -2.6984
    endloop
  endfacet
  facet normal -0.233283 0.687597 0.687597
    outer loop
      vertex 40.8056 -13.9449 -4.8463
      vertex 40.8056 -2.67081 -16.1204
      vertex 40.7231 -2.6988 -16.1204
    endloop
  endfacet
  facet normal -0.233412 0.687575 0.687575
    outer loop
      vertex 40.8056 -13.9449 -4.8463
      vertex 40.7231 -2.6988 -16.1204
      vertex 40.5449 -14.0334 -4.8463
    endloop
  endfacet
  facet normal -0.233289 0.687595 0.687597
    outer loop
      vertex 40.7231 -2.6988 -16.1204
      vertex 40.5449 -2.73426 -16.1454
      vertex 40.5449 -14.0334 -4.8463
    endloop
  endfacet
  facet normal 0.0463083 -0.706349 -0.706348
    outer loop
      vertex 40 0 -11.0488
      vertex 40 -9.20599 -1.8428
      vertex 39.759 -9.22179 -1.8428
    endloop
  endfacet
  facet normal 0.0463083 -0.706349 -0.706348
    outer loop
      vertex 39.759 0 -11.0646
      vertex 40 0 -11.0488
      vertex 39.759 -9.22179 -1.8428
    endloop
  endfacet
  facet normal -0.527105 -0.600897 -0.600901
    outer loop
      vertex 41.4173 0 -11.5975
      vertex 41.6462 -9.74685 -2.0515
      vertex 41.4173 -9.59386 -2.0037
    endloop
  endfacet
  facet normal -0.527126 -0.600889 -0.600892
    outer loop
      vertex 41.6462 0 -11.7983
      vertex 41.6462 -9.74685 -2.0515
      vertex 41.4173 0 -11.5975
    endloop
  endfacet
  facet normal -0.93072 -0.258612 -0.258612
    outer loop
      vertex 42.6526 0 -13.7431
      vertex 42.6526 -11.1408 -2.6023
      vertex 42.5611 0 -13.4138
    endloop
  endfacet
  facet normal -0.931065 -0.257989 -0.257992
    outer loop
      vertex 42.5611 0 -13.4138
      vertex 42.5813 -10.9308 -2.556
      vertex 42.5611 -10.8897 -2.5242
    endloop
  endfacet
  facet normal -0.930572 -0.258874 -0.258883
    outer loop
      vertex 42.6526 -11.1408 -2.6023
      vertex 42.5813 -10.9308 -2.556
      vertex 42.5611 0 -13.4138
    endloop
  endfacet
  facet normal -0.726918 -0.485588 -0.485588
    outer loop
      vertex 42.1748 0 -12.5061
      vertex 42.1748 -10.2514 -2.2547
      vertex 41.9923 0 -12.2329
    endloop
  endfacet
  facet normal -0.726791 -0.48568 -0.485685
    outer loop
      vertex 41.9923 0 -12.2329
      vertex 42.1748 -10.2514 -2.2547
      vertex 41.9923 -10.0433 -2.1897
    endloop
  endfacet
  facet normal 0.627807 0.550392 0.550388
    outer loop
      vertex 38.2991 -2.21663 -15.9231
      vertex 38.153 -2.08848 -15.8846
      vertex 38.153 -13.4173 -4.5557
    endloop
  endfacet
  facet normal 0.626746 0.551008 0.550981
    outer loop
      vertex 38.3538 -2.25315 -15.9488
      vertex 38.2991 -2.21663 -15.9231
      vertex 38.153 -13.4173 -4.5557
    endloop
  endfacet
  facet normal 0.627568 0.550527 0.550525
    outer loop
      vertex 38.3538 -13.6462 -4.5557
      vertex 38.3538 -2.25315 -15.9488
      vertex 38.153 -13.4173 -4.5557
    endloop
  endfacet
  facet normal -0.726792 0.485681 0.485682
    outer loop
      vertex 42.1748 -13.2556 -4.2386
      vertex 42.1748 -1.74858 -15.7456
      vertex 41.9923 -1.95668 -15.8106
    endloop
  endfacet
  facet normal -0.726792 0.485681 0.485682
    outer loop
      vertex 42.1748 -13.2556 -4.2386
      vertex 41.9923 -1.95668 -15.8106
      vertex 41.9923 -13.5287 -4.2386
    endloop
  endfacet
  facet normal -0.0460953 0.706352 0.706358
    outer loop
      vertex 40.241 -13.8304 -5.1053
      vertex 40.2436 -2.77804 -16.1574
      vertex 40.2223 -2.77943 -16.1574
    endloop
  endfacet
  facet normal -0.046112 0.706352 0.706358
    outer loop
      vertex 40.241 -13.8304 -5.1053
      vertex 40.2223 -2.77943 -16.1574
      vertex 40.0051 -13.8458 -5.1053
    endloop
  endfacet
  facet normal -0.0481015 0.706286 0.706291
    outer loop
      vertex 40.2748 -14.0871 -4.8463
      vertex 40.2436 -2.77804 -16.1574
      vertex 40.241 -13.8304 -5.1053
    endloop
  endfacet
  facet normal -0.0461846 -0.706353 -0.706352
    outer loop
      vertex 40.241 0 -11.0646
      vertex 40.2748 -9.224 -1.8428
      vertex 40.241 -9.22179 -1.8428
    endloop
  endfacet
  facet normal -0.045976 -0.706359 -0.706359
    outer loop
      vertex 40.2748 0 -11.0668
      vertex 40.2748 -9.224 -1.8428
      vertex 40.241 0 -11.0646
    endloop
  endfacet
  facet normal -0.509197 -0.608569 -0.608574
    outer loop
      vertex 41.2815 0 -11.4838
      vertex 41.397 -9.58032 -2.0002
      vertex 41.2815 -9.52338 -1.9605
    endloop
  endfacet
  facet normal -0.510415 -0.608068 -0.608053
    outer loop
      vertex 41.4173 -9.59386 -2.0037
      vertex 41.397 -9.58032 -2.0002
      vertex 41.2815 0 -11.4838
    endloop
  endfacet
  facet normal -0.509447 -0.608465 -0.608469
    outer loop
      vertex 41.4173 0 -11.5975
      vertex 41.4173 -9.59386 -2.0037
      vertex 41.2815 0 -11.4838
    endloop
  endfacet
  facet normal -0.3291 -0.667714 -0.667721
    outer loop
      vertex 40.8056 0 -11.209
      vertex 41.0526 -9.41303 -1.9178
      vertex 40.8056 -9.32919 -1.8799
    endloop
  endfacet
  facet normal -0.329246 -0.66768 -0.667683
    outer loop
      vertex 41.0526 0 -11.3308
      vertex 41.0526 -9.41303 -1.9178
      vertex 40.8056 0 -11.209
    endloop
  endfacet
  facet normal -0.429023 -0.638724 -0.638726
    outer loop
      vertex 41.0526 0 -11.3308
      vertex 41.0692 -9.41868 -1.9233
      vertex 41.0526 -9.41303 -1.9178
    endloop
  endfacet
  facet normal -0.427304 -0.639298 -0.639304
    outer loop
      vertex 41.2815 -9.52338 -1.9605
      vertex 41.0692 -9.41868 -1.9233
      vertex 41.0526 0 -11.3308
    endloop
  endfacet
  facet normal -0.427317 -0.639294 -0.639299
    outer loop
      vertex 41.2815 0 -11.4838
      vertex 41.2815 -9.52338 -1.9605
      vertex 41.0526 0 -11.3308
    endloop
  endfacet
  facet normal -0.901467 -0.306068 -0.306071
    outer loop
      vertex 42.5611 0 -13.4138
      vertex 42.5611 -10.8897 -2.5242
      vertex 42.4496 0 -13.0854
    endloop
  endfacet
  facet normal -0.901518 -0.305995 -0.305995
    outer loop
      vertex 42.4496 0 -13.0854
      vertex 42.5611 -10.8897 -2.5242
      vertex 42.4496 -10.6636 -2.4218
    endloop
  endfacet
  facet normal -0.962614 -0.191539 -0.191539
    outer loop
      vertex 42.7227 0 -14.0954
      vertex 42.6988 -11.2769 -2.6984
      vertex 42.6526 0 -13.7431
    endloop
  endfacet
  facet normal -0.962618 -0.191529 -0.191529
    outer loop
      vertex 42.6526 0 -13.7431
      vertex 42.6988 -11.2769 -2.6984
      vertex 42.6526 -11.1408 -2.6023
    endloop
  endfacet
  facet normal -0.962606 -0.191559 -0.191559
    outer loop
      vertex 42.7227 0 -14.0954
      vertex 42.7227 -11.397 -2.6984
      vertex 42.6988 -11.2769 -2.6984
    endloop
  endfacet
  facet normal -0.707478 -0.499735 -0.49974
    outer loop
      vertex 41.9923 0 -12.2329
      vertex 41.9923 -10.0433 -2.1897
      vertex 41.847 0 -12.0272
    endloop
  endfacet
  facet normal -0.707244 -0.4999 -0.499906
    outer loop
      vertex 41.847 0 -12.0272
      vertex 41.9757 -10.0243 -2.1851
      vertex 41.847 -9.91152 -2.1158
    endloop
  endfacet
  facet normal -0.708976 -0.498694 -0.498655
    outer loop
      vertex 41.9923 -10.0433 -2.1897
      vertex 41.9757 -10.0243 -2.1851
      vertex 41.847 0 -12.0272
    endloop
  endfacet
  facet normal -0.995733 -0.0652537 -0.0652537
    outer loop
      vertex 42.794 0 -14.817
      vertex 42.7701 -11.6353 -2.817
      vertex 42.7701 0 -14.4523
    endloop
  endfacet
  facet normal -0.995733 -0.0652537 -0.0652537
    outer loop
      vertex 42.7701 -11.6353 -2.817
      vertex 42.794 0 -14.817
      vertex 42.794 -12 -2.817
    endloop
  endfacet
  facet normal -0.982813 0.130534 0.130534
    outer loop
      vertex 42.7701 -0.364691 -15.1832
      vertex 42.7227 -0.602974 -15.3018
      vertex 42.7227 -12.3584 -3.5464
    endloop
  endfacet
  facet normal -0.982806 0.130562 0.130563
    outer loop
      vertex 42.7701 -12.3647 -3.1833
      vertex 42.7701 -0.364691 -15.1832
      vertex 42.7227 -12.3584 -3.5464
    endloop
  endfacet
  facet normal -0.841112 0.382445 0.382447
    outer loop
      vertex 42.4197 -1.397 -15.5835
      vertex 42.3201 -1.54605 -15.6535
      vertex 42.3201 -12.961 -4.2386
    endloop
  endfacet
  facet normal -0.841003 0.382564 0.382569
    outer loop
      vertex 42.4496 -1.33637 -15.5784
      vertex 42.4197 -1.397 -15.5835
      vertex 42.3201 -12.961 -4.2386
    endloop
  endfacet
  facet normal -0.841105 0.382454 0.382455
    outer loop
      vertex 42.4496 -13.0146 -3.9002
      vertex 42.4496 -1.33637 -15.5784
      vertex 42.3201 -12.961 -4.2386
    endloop
  endfacet
  facet normal -0.820039 0.404682 0.404684
    outer loop
      vertex 42.3201 -12.961 -4.2386
      vertex 42.3201 -1.54605 -15.6535
      vertex 42.2166 -1.70088 -15.7084
    endloop
  endfacet
  facet normal -0.820663 0.40404 0.404059
    outer loop
      vertex 42.3201 -12.961 -4.2386
      vertex 42.2166 -1.70088 -15.7084
      vertex 42.1748 -1.74858 -15.7456
    endloop
  endfacet
  facet normal -0.820192 0.404528 0.404528
    outer loop
      vertex 42.3201 -12.961 -4.2386
      vertex 42.1748 -1.74858 -15.7456
      vertex 42.1748 -13.2556 -4.2386
    endloop
  endfacet
  facet normal -0.509443 0.60847 0.608467
    outer loop
      vertex 41.4173 -13.847 -4.5557
      vertex 41.4173 -2.40614 -15.9966
      vertex 41.2815 -13.6701 -4.8463
    endloop
  endfacet
  facet normal -0.508189 0.608983 0.609002
    outer loop
      vertex 41.4173 -2.40614 -15.9966
      vertex 41.397 -2.41968 -16
      vertex 41.2815 -13.6701 -4.8463
    endloop
  endfacet
  facet normal -0.509588 0.608408 0.608407
    outer loop
      vertex 41.397 -2.41968 -16
      vertex 41.2815 -2.47662 -16.0398
      vertex 41.2815 -13.6701 -4.8463
    endloop
  endfacet
  facet normal -0.427316 0.639298 0.639296
    outer loop
      vertex 41.2815 -13.6701 -4.8463
      vertex 41.2815 -2.47662 -16.0398
      vertex 41.0526 -13.8231 -4.8463
    endloop
  endfacet
  facet normal -0.427058 0.639381 0.639386
    outer loop
      vertex 41.2815 -2.47662 -16.0398
      vertex 41.0692 -2.58132 -16.0769
      vertex 41.0526 -13.8231 -4.8463
    endloop
  endfacet
  facet normal -0.429023 0.638724 0.638726
    outer loop
      vertex 41.0692 -2.58132 -16.0769
      vertex 41.0526 -2.58697 -16.0824
      vertex 41.0526 -13.8231 -4.8463
    endloop
  endfacet
  facet normal -0.0464105 0.706345 0.706345
    outer loop
      vertex 40.2748 -14.0871 -4.8463
      vertex 40.2748 -2.77599 -16.1574
      vertex 40.2436 -2.77804 -16.1574
    endloop
  endfacet
  facet normal -0.0463083 -0.706349 -0.706348
    outer loop
      vertex 40 0 -11.0488
      vertex 40.241 -9.22179 -1.8428
      vertex 40 -9.20599 -1.8428
    endloop
  endfacet
  facet normal -0.0463083 -0.706349 -0.706348
    outer loop
      vertex 40.241 0 -11.0646
      vertex 40.241 -9.22179 -1.8428
      vertex 40 0 -11.0488
    endloop
  endfacet
  facet normal 0.139228 -0.700219 -0.700221
    outer loop
      vertex 39.7252 0 -11.0668
      vertex 39.6353 -9.2299 -1.8548
      vertex 39.4551 -9.26573 -1.8548
    endloop
  endfacet
  facet normal 0.139468 -0.700199 -0.700193
    outer loop
      vertex 39.4551 0 -11.1206
      vertex 39.7252 0 -11.0668
      vertex 39.4551 -9.26573 -1.8548
    endloop
  endfacet
  facet normal 0.139417 -0.700201 -0.700201
    outer loop
      vertex 39.7252 0 -11.0668
      vertex 39.7252 -9.224 -1.8428
      vertex 39.6353 -9.2299 -1.8548
    endloop
  endfacet
  facet normal 0.0461846 -0.706353 -0.706352
    outer loop
      vertex 39.759 0 -11.0646
      vertex 39.759 -9.22179 -1.8428
      vertex 39.7252 -9.224 -1.8428
    endloop
  endfacet
  facet normal 0.045976 -0.706359 -0.706359
    outer loop
      vertex 39.7252 0 -11.0668
      vertex 39.759 0 -11.0646
      vertex 39.7252 -9.224 -1.8428
    endloop
  endfacet
  facet normal -0.962646 0.191459 0.191459
    outer loop
      vertex 42.7227 -12.3584 -3.5464
      vertex 42.7227 -0.602974 -15.3018
      vertex 42.6988 -0.723142 -15.3018
    endloop
  endfacet
  facet normal -0.962597 0.191581 0.19158
    outer loop
      vertex 42.7227 -12.3584 -3.5464
      vertex 42.6988 -0.723142 -15.3018
      vertex 42.6526 -0.859174 -15.3979
    endloop
  endfacet
  facet normal -0.962634 0.191489 0.191491
    outer loop
      vertex 42.7227 -12.3584 -3.5464
      vertex 42.6526 -0.859174 -15.3979
      vertex 42.6526 -12.7108 -3.5464
    endloop
  endfacet
  facet normal -0.820192 -0.404528 -0.404528
    outer loop
      vertex 42.3201 0 -12.8007
      vertex 42.3201 -10.4539 -2.3468
      vertex 42.1748 0 -12.5061
    endloop
  endfacet
  facet normal -0.820348 -0.40437 -0.40437
    outer loop
      vertex 42.1748 0 -12.5061
      vertex 42.2166 -10.2991 -2.2918
      vertex 42.1748 -10.2514 -2.2547
    endloop
  endfacet
  facet normal -0.820128 -0.404591 -0.404593
    outer loop
      vertex 42.3201 -10.4539 -2.3468
      vertex 42.2166 -10.2991 -2.2918
      vertex 42.1748 0 -12.5061
    endloop
  endfacet
  facet normal 0.901446 0.306101 0.306101
    outer loop
      vertex 37.5504 -1.33637 -15.5784
      vertex 37.4389 -1.11031 -15.4761
      vertex 37.4389 -12.6862 -3.9002
    endloop
  endfacet
  facet normal 0.901466 0.30607 0.306071
    outer loop
      vertex 37.5504 -13.0146 -3.9002
      vertex 37.5504 -1.33637 -15.5784
      vertex 37.4389 -12.6862 -3.9002
    endloop
  endfacet
  facet normal -0.707516 0.499712 0.499709
    outer loop
      vertex 41.9757 -1.97566 -15.8152
      vertex 41.847 -2.08848 -15.8846
      vertex 41.847 -13.4173 -4.5557
    endloop
  endfacet
  facet normal -0.708675 0.498903 0.498874
    outer loop
      vertex 41.9923 -1.95668 -15.8106
      vertex 41.9757 -1.97566 -15.8152
      vertex 41.847 -13.4173 -4.5557
    endloop
  endfacet
  facet normal -0.707477 0.499738 0.499739
    outer loop
      vertex 41.9923 -13.5287 -4.2386
      vertex 41.9923 -1.95668 -15.8106
      vertex 41.847 -13.4173 -4.5557
    endloop
  endfacet
  facet normal -0.139214 0.70022 0.700222
    outer loop
      vertex 40.5449 -14.0334 -4.8463
      vertex 40.5449 -2.73426 -16.1454
      vertex 40.2748 -14.0871 -4.8463
    endloop
  endfacet
  facet normal -0.139266 0.700215 0.700217
    outer loop
      vertex 40.5449 -2.73426 -16.1454
      vertex 40.3647 -2.7701 -16.1454
      vertex 40.2748 -14.0871 -4.8463
    endloop
  endfacet
  facet normal -0.139341 0.700208 0.700209
    outer loop
      vertex 40.3647 -2.7701 -16.1454
      vertex 40.2748 -2.77599 -16.1574
      vertex 40.2748 -14.0871 -4.8463
    endloop
  endfacet
  facet normal 0.841112 0.382445 0.382447
    outer loop
      vertex 37.6799 -12.961 -4.2386
      vertex 37.6799 -1.54605 -15.6535
      vertex 37.5803 -1.397 -15.5835
    endloop
  endfacet
  facet normal 0.841003 0.382564 0.382569
    outer loop
      vertex 37.6799 -12.961 -4.2386
      vertex 37.5803 -1.397 -15.5835
      vertex 37.5504 -1.33637 -15.5784
    endloop
  endfacet
  facet normal 0.841105 0.382454 0.382455
    outer loop
      vertex 37.6799 -12.961 -4.2386
      vertex 37.5504 -1.33637 -15.5784
      vertex 37.5504 -13.0146 -3.9002
    endloop
  endfacet
  facet normal 0.509443 0.60847 0.608467
    outer loop
      vertex 38.7185 -13.6701 -4.8463
      vertex 38.5827 -2.40614 -15.9966
      vertex 38.5827 -13.847 -4.5557
    endloop
  endfacet
  facet normal 0.508189 0.608983 0.609002
    outer loop
      vertex 38.7185 -13.6701 -4.8463
      vertex 38.603 -2.41968 -16
      vertex 38.5827 -2.40614 -15.9966
    endloop
  endfacet
  facet normal 0.509588 0.608408 0.608407
    outer loop
      vertex 38.7185 -13.6701 -4.8463
      vertex 38.7185 -2.47662 -16.0398
      vertex 38.603 -2.41968 -16
    endloop
  endfacet
  facet normal 0.726791 -0.48568 -0.485685
    outer loop
      vertex 38.0077 0 -12.2329
      vertex 38.0077 -10.0433 -2.1897
      vertex 37.8252 -10.2514 -2.2547
    endloop
  endfacet
  facet normal 0.726918 -0.485588 -0.485588
    outer loop
      vertex 37.8252 0 -12.5061
      vertex 38.0077 0 -12.2329
      vertex 37.8252 -10.2514 -2.2547
    endloop
  endfacet
  facet normal 0.509197 -0.608569 -0.608574
    outer loop
      vertex 38.7185 0 -11.4838
      vertex 38.7185 -9.52338 -1.9605
      vertex 38.603 -9.58032 -2.0002
    endloop
  endfacet
  facet normal 0.510415 -0.608068 -0.608053
    outer loop
      vertex 38.7185 0 -11.4838
      vertex 38.603 -9.58032 -2.0002
      vertex 38.5827 -9.59386 -2.0037
    endloop
  endfacet
  facet normal 0.509447 -0.608465 -0.608469
    outer loop
      vertex 38.5827 0 -11.5975
      vertex 38.7185 0 -11.4838
      vertex 38.5827 -9.59386 -2.0037
    endloop
  endfacet
  facet normal 0.3291 -0.667714 -0.667721
    outer loop
      vertex 39.1944 0 -11.209
      vertex 39.1944 -9.32919 -1.8799
      vertex 38.9474 -9.41303 -1.9178
    endloop
  endfacet
  facet normal 0.329246 -0.66768 -0.667683
    outer loop
      vertex 38.9474 0 -11.3308
      vertex 39.1944 0 -11.209
      vertex 38.9474 -9.41303 -1.9178
    endloop
  endfacet
  facet normal 0.995733 -0.0652537 -0.0652537
    outer loop
      vertex 37.2299 -11.6353 -2.817
      vertex 37.206 0 -14.817
      vertex 37.2299 0 -14.4523
    endloop
  endfacet
  facet normal 0.995733 -0.0652537 -0.0652537
    outer loop
      vertex 37.206 0 -14.817
      vertex 37.2299 -11.6353 -2.817
      vertex 37.206 -12 -2.817
    endloop
  endfacet
  facet normal 0.0464105 0.706345 0.706345
    outer loop
      vertex 39.7564 -2.77804 -16.1574
      vertex 39.7252 -2.77599 -16.1574
      vertex 39.7252 -14.0871 -4.8463
    endloop
  endfacet
  facet normal 0.139214 0.70022 0.700222
    outer loop
      vertex 39.7252 -14.0871 -4.8463
      vertex 39.6353 -2.7701 -16.1454
      vertex 39.4551 -14.0334 -4.8463
    endloop
  endfacet
  facet normal 0.139341 0.700208 0.700209
    outer loop
      vertex 39.7252 -14.0871 -4.8463
      vertex 39.7252 -2.77599 -16.1574
      vertex 39.6353 -2.7701 -16.1454
    endloop
  endfacet
  facet normal 0.139266 0.700215 0.700217
    outer loop
      vertex 39.6353 -2.7701 -16.1454
      vertex 39.4551 -2.73426 -16.1454
      vertex 39.4551 -14.0334 -4.8463
    endloop
  endfacet
  facet normal 0.707516 0.499712 0.499709
    outer loop
      vertex 38.153 -13.4173 -4.5557
      vertex 38.153 -2.08848 -15.8846
      vertex 38.0243 -1.97566 -15.8152
    endloop
  endfacet
  facet normal 0.708675 0.498903 0.498874
    outer loop
      vertex 38.153 -13.4173 -4.5557
      vertex 38.0243 -1.97566 -15.8152
      vertex 38.0077 -1.95668 -15.8106
    endloop
  endfacet
  facet normal 0.707477 0.499738 0.499739
    outer loop
      vertex 38.153 -13.4173 -4.5557
      vertex 38.0077 -1.95668 -15.8106
      vertex 38.0077 -13.5287 -4.2386
    endloop
  endfacet
  facet normal 0.931048 0.258021 0.258021
    outer loop
      vertex 37.4389 -12.6862 -3.9002
      vertex 37.4389 -1.11031 -15.4761
      vertex 37.4187 -1.06922 -15.4443
    endloop
  endfacet
  facet normal 0.930643 0.258747 0.258752
    outer loop
      vertex 37.4389 -12.6862 -3.9002
      vertex 37.4187 -1.06922 -15.4443
      vertex 37.3474 -0.859174 -15.3979
    endloop
  endfacet
  facet normal 0.930683 0.258677 0.25868
    outer loop
      vertex 37.4389 -12.6862 -3.9002
      vertex 37.3474 -0.859174 -15.3979
      vertex 37.3474 -12.7108 -3.5464
    endloop
  endfacet
  facet normal 0.233282 -0.687595 -0.687599
    outer loop
      vertex 39.4551 0 -11.1206
      vertex 39.2769 -9.3012 -1.8799
      vertex 39.1944 -9.32919 -1.8799
    endloop
  endfacet
  facet normal 0.233163 -0.687614 -0.687621
    outer loop
      vertex 39.1944 0 -11.209
      vertex 39.4551 0 -11.1206
      vertex 39.1944 -9.32919 -1.8799
    endloop
  endfacet
  facet normal 0.23369 -0.68753 -0.687525
    outer loop
      vertex 39.4551 0 -11.1206
      vertex 39.4551 -9.26573 -1.8548
      vertex 39.2769 -9.3012 -1.8799
    endloop
  endfacet
  facet normal 0.820348 -0.40437 -0.40437
    outer loop
      vertex 37.8252 0 -12.5061
      vertex 37.8252 -10.2514 -2.2547
      vertex 37.7834 -10.2991 -2.2918
    endloop
  endfacet
  facet normal 0.820128 -0.404591 -0.404593
    outer loop
      vertex 37.8252 0 -12.5061
      vertex 37.7834 -10.2991 -2.2918
      vertex 37.6799 -10.4539 -2.3468
    endloop
  endfacet
  facet normal 0.820192 -0.404528 -0.404528
    outer loop
      vertex 37.6799 0 -12.8007
      vertex 37.8252 0 -12.5061
      vertex 37.6799 -10.4539 -2.3468
    endloop
  endfacet
  facet normal 0.427316 0.639298 0.639296
    outer loop
      vertex 38.9474 -13.8231 -4.8463
      vertex 38.7185 -2.47662 -16.0398
      vertex 38.7185 -13.6701 -4.8463
    endloop
  endfacet
  facet normal 0.427058 0.639381 0.639386
    outer loop
      vertex 38.9474 -13.8231 -4.8463
      vertex 38.9308 -2.58132 -16.0769
      vertex 38.7185 -2.47662 -16.0398
    endloop
  endfacet
  facet normal 0.429023 0.638724 0.638726
    outer loop
      vertex 38.9474 -13.8231 -4.8463
      vertex 38.9474 -2.58697 -16.0824
      vertex 38.9308 -2.58132 -16.0769
    endloop
  endfacet
  facet normal 0.995733 0.0652553 0.0652558
    outer loop
      vertex 37.2299 -0.364691 -15.1832
      vertex 37.206 0 -15.1832
      vertex 37.206 -12 -3.1833
    endloop
  endfacet
  facet normal 0.995733 0.0652537 0.0652543
    outer loop
      vertex 37.2299 -12.3647 -3.1833
      vertex 37.2299 -0.364691 -15.1832
      vertex 37.206 -12 -3.1833
    endloop
  endfacet
  facet normal -0.627807 0.550392 0.550388
    outer loop
      vertex 41.847 -13.4173 -4.5557
      vertex 41.847 -2.08848 -15.8846
      vertex 41.7009 -2.21663 -15.9231
    endloop
  endfacet
  facet normal -0.626746 0.551008 0.550981
    outer loop
      vertex 41.847 -13.4173 -4.5557
      vertex 41.7009 -2.21663 -15.9231
      vertex 41.6462 -2.25315 -15.9488
    endloop
  endfacet
  facet normal -0.627568 0.550527 0.550525
    outer loop
      vertex 41.847 -13.4173 -4.5557
      vertex 41.6462 -2.25315 -15.9488
      vertex 41.6462 -13.6462 -4.5557
    endloop
  endfacet
  facet normal -0.329245 0.667681 0.667683
    outer loop
      vertex 41.0526 -13.8231 -4.8463
      vertex 41.0526 -2.58697 -16.0824
      vertex 40.8056 -13.9449 -4.8463
    endloop
  endfacet
  facet normal -0.329342 0.667658 0.667658
    outer loop
      vertex 41.0526 -2.58697 -16.0824
      vertex 40.8056 -2.67081 -16.1204
      vertex 40.8056 -13.9449 -4.8463
    endloop
  endfacet
  facet normal 0.329245 0.667681 0.667683
    outer loop
      vertex 39.1944 -13.9449 -4.8463
      vertex 38.9474 -2.58697 -16.0824
      vertex 38.9474 -13.8231 -4.8463
    endloop
  endfacet
  facet normal 0.329342 0.667658 0.667658
    outer loop
      vertex 39.1944 -13.9449 -4.8463
      vertex 39.1944 -2.67081 -16.1204
      vertex 38.9474 -2.58697 -16.0824
    endloop
  endfacet
  facet normal 0.046112 0.706352 0.706358
    outer loop
      vertex 39.9949 -13.8458 -5.1053
      vertex 39.7777 -2.77943 -16.1574
      vertex 39.759 -13.8304 -5.1053
    endloop
  endfacet
  facet normal 0.0460953 0.706352 0.706358
    outer loop
      vertex 39.759 -13.8304 -5.1053
      vertex 39.7777 -2.77943 -16.1574
      vertex 39.7564 -2.77804 -16.1574
    endloop
  endfacet
  facet normal 0.0481015 0.706286 0.706291
    outer loop
      vertex 39.759 -13.8304 -5.1053
      vertex 39.7564 -2.77804 -16.1574
      vertex 39.7252 -14.0871 -4.8463
    endloop
  endfacet
  facet normal 0.233412 0.687575 0.687575
    outer loop
      vertex 39.4551 -14.0334 -4.8463
      vertex 39.2769 -2.6988 -16.1204
      vertex 39.1944 -13.9449 -4.8463
    endloop
  endfacet
  facet normal 0.233289 0.687595 0.687597
    outer loop
      vertex 39.4551 -14.0334 -4.8463
      vertex 39.4551 -2.73426 -16.1454
      vertex 39.2769 -2.6988 -16.1204
    endloop
  endfacet
  facet normal 0.233283 0.687597 0.687597
    outer loop
      vertex 39.2769 -2.6988 -16.1204
      vertex 39.1944 -2.67081 -16.1204
      vertex 39.1944 -13.9449 -4.8463
    endloop
  endfacet
  facet normal 0.627355 -0.550646 -0.550649
    outer loop
      vertex 38.3538 0 -11.7983
      vertex 38.3538 -9.74685 -2.0515
      vertex 38.2991 -9.78337 -2.0773
    endloop
  endfacet
  facet normal 0.627807 -0.550391 -0.550389
    outer loop
      vertex 38.3538 0 -11.7983
      vertex 38.2991 -9.78337 -2.0773
      vertex 38.153 -9.91152 -2.1158
    endloop
  endfacet
  facet normal 0.62757 -0.550522 -0.550529
    outer loop
      vertex 38.153 0 -12.0272
      vertex 38.3538 0 -11.7983
      vertex 38.153 -9.91152 -2.1158
    endloop
  endfacet
  facet normal 0.982813 0.130534 0.130534
    outer loop
      vertex 37.2773 -12.3584 -3.5464
      vertex 37.2773 -0.602974 -15.3018
      vertex 37.2299 -0.364691 -15.1832
    endloop
  endfacet
  facet normal 0.982806 0.130562 0.130563
    outer loop
      vertex 37.2773 -12.3584 -3.5464
      vertex 37.2299 -0.364691 -15.1832
      vertex 37.2299 -12.3647 -3.1833
    endloop
  endfacet
  facet normal 0.527126 0.600892 0.600889
    outer loop
      vertex 38.5827 -13.847 -4.5557
      vertex 38.3538 -2.25315 -15.9488
      vertex 38.3538 -13.6462 -4.5557
    endloop
  endfacet
  facet normal 0.527106 0.6009 0.600898
    outer loop
      vertex 38.5827 -13.847 -4.5557
      vertex 38.5827 -2.40614 -15.9966
      vertex 38.3538 -2.25315 -15.9488
    endloop
  endfacet
  facet normal 0.901518 -0.305995 -0.305995
    outer loop
      vertex 37.5504 0 -13.0854
      vertex 37.5504 -10.6636 -2.4218
      vertex 37.4389 -10.8897 -2.5242
    endloop
  endfacet
  facet normal 0.901467 -0.306068 -0.306071
    outer loop
      vertex 37.4389 0 -13.4138
      vertex 37.5504 0 -13.0854
      vertex 37.4389 -10.8897 -2.5242
    endloop
  endfacet
  facet normal 0.982815 -0.130528 -0.130528
    outer loop
      vertex 37.2773 0 -14.0954
      vertex 37.2773 -11.397 -2.6984
      vertex 37.2299 -11.6353 -2.817
    endloop
  endfacet
  facet normal 0.982815 -0.130528 -0.130528
    outer loop
      vertex 37.2299 0 -14.4523
      vertex 37.2773 0 -14.0954
      vertex 37.2299 -11.6353 -2.817
    endloop
  endfacet
  facet normal 0.707244 -0.4999 -0.499906
    outer loop
      vertex 38.153 0 -12.0272
      vertex 38.153 -9.91152 -2.1158
      vertex 38.0243 -10.0243 -2.1851
    endloop
  endfacet
  facet normal 0.708976 -0.498694 -0.498655
    outer loop
      vertex 38.153 0 -12.0272
      vertex 38.0243 -10.0243 -2.1851
      vertex 38.0077 -10.0433 -2.1897
    endloop
  endfacet
  facet normal 0.707478 -0.499735 -0.49974
    outer loop
      vertex 38.0077 0 -12.2329
      vertex 38.153 0 -12.0272
      vertex 38.0077 -10.0433 -2.1897
    endloop
  endfacet
  facet normal -0.901446 0.306101 0.306101
    outer loop
      vertex 42.5611 -12.6862 -3.9002
      vertex 42.5611 -1.11031 -15.4761
      vertex 42.4496 -1.33637 -15.5784
    endloop
  endfacet
  facet normal -0.901466 0.30607 0.306071
    outer loop
      vertex 42.5611 -12.6862 -3.9002
      vertex 42.4496 -1.33637 -15.5784
      vertex 42.4496 -13.0146 -3.9002
    endloop
  endfacet
  facet normal 0.962618 -0.191529 -0.191529
    outer loop
      vertex 37.3474 0 -13.7431
      vertex 37.3474 -11.1408 -2.6023
      vertex 37.3012 -11.2769 -2.6984
    endloop
  endfacet
  facet normal 0.962614 -0.191539 -0.191539
    outer loop
      vertex 37.3474 0 -13.7431
      vertex 37.3012 -11.2769 -2.6984
      vertex 37.2773 0 -14.0954
    endloop
  endfacet
  facet normal 0.962606 -0.191559 -0.191559
    outer loop
      vertex 37.2773 0 -14.0954
      vertex 37.3012 -11.2769 -2.6984
      vertex 37.2773 -11.397 -2.6984
    endloop
  endfacet
  facet normal 0.726792 0.485681 0.485682
    outer loop
      vertex 38.0077 -1.95668 -15.8106
      vertex 37.8252 -1.74858 -15.7456
      vertex 37.8252 -13.2556 -4.2386
    endloop
  endfacet
  facet normal 0.726792 0.485681 0.485682
    outer loop
      vertex 38.0077 -13.5287 -4.2386
      vertex 38.0077 -1.95668 -15.8106
      vertex 37.8252 -13.2556 -4.2386
    endloop
  endfacet
  facet normal 0.820039 0.404682 0.404684
    outer loop
      vertex 37.7834 -1.70088 -15.7084
      vertex 37.6799 -1.54605 -15.6535
      vertex 37.6799 -12.961 -4.2386
    endloop
  endfacet
  facet normal 0.820663 0.40404 0.404059
    outer loop
      vertex 37.8252 -1.74858 -15.7456
      vertex 37.7834 -1.70088 -15.7084
      vertex 37.6799 -12.961 -4.2386
    endloop
  endfacet
  facet normal 0.820192 0.404528 0.404528
    outer loop
      vertex 37.8252 -13.2556 -4.2386
      vertex 37.8252 -1.74858 -15.7456
      vertex 37.6799 -12.961 -4.2386
    endloop
  endfacet
  facet normal 0.429023 -0.638724 -0.638726
    outer loop
      vertex 38.9474 0 -11.3308
      vertex 38.9474 -9.41303 -1.9178
      vertex 38.9308 -9.41868 -1.9233
    endloop
  endfacet
  facet normal 0.427304 -0.639298 -0.639304
    outer loop
      vertex 38.9474 0 -11.3308
      vertex 38.9308 -9.41868 -1.9233
      vertex 38.7185 -9.52338 -1.9605
    endloop
  endfacet
  facet normal 0.427317 -0.639294 -0.639299
    outer loop
      vertex 38.7185 0 -11.4838
      vertex 38.9474 0 -11.3308
      vertex 38.7185 -9.52338 -1.9605
    endloop
  endfacet
  facet normal 0.931065 -0.257989 -0.257992
    outer loop
      vertex 37.4389 0 -13.4138
      vertex 37.4389 -10.8897 -2.5242
      vertex 37.4187 -10.9308 -2.556
    endloop
  endfacet
  facet normal 0.930572 -0.258874 -0.258883
    outer loop
      vertex 37.4389 0 -13.4138
      vertex 37.4187 -10.9308 -2.556
      vertex 37.3474 -11.1408 -2.6023
    endloop
  endfacet
  facet normal 0.93072 -0.258612 -0.258612
    outer loop
      vertex 37.3474 0 -13.7431
      vertex 37.4389 0 -13.4138
      vertex 37.3474 -11.1408 -2.6023
    endloop
  endfacet
  facet normal -0.321285 -0.946982 0
    outer loop
      vertex 40.8056 2.67081 -16.1204
      vertex 40.7231 2.6988 -16.1204
      vertex 40.7231 2.6988 -36.1451
    endloop
  endfacet
  facet normal -0.319114 -0.947716 -9.97202e-06
    outer loop
      vertex 40.7359 2.69449 -36.1451
      vertex 40.8056 2.67081 -16.1204
      vertex 40.7231 2.6988 -36.1451
    endloop
  endfacet
  facet normal -0.321516 -0.946904 -6.51914e-07
    outer loop
      vertex 41.0692 2.58132 -36.1451
      vertex 40.8056 2.67081 -16.1204
      vertex 40.7359 2.69449 -36.1451
    endloop
  endfacet
  facet normal -0.321422 -0.946936 7.2719e-07
    outer loop
      vertex 41.0692 2.58132 -36.1451
      vertex 41.0526 2.58697 -16.0824
      vertex 40.8056 2.67081 -16.1204
    endloop
  endfacet
  facet normal -0.322209 -0.946668 0
    outer loop
      vertex 41.0692 2.58132 -36.1451
      vertex 41.0692 2.58132 -16.0769
      vertex 41.0526 2.58697 -16.0824
    endloop
  endfacet
  facet normal -0.0654017 -0.997859 -4.12549e-07
    outer loop
      vertex 40.0134 2.79313 -36.1451
      vertex 40.2223 2.77943 -16.1574
      vertex 40 2.794 -16.1574
    endloop
  endfacet
  facet normal -0.0651197 -0.997877 -3.37284e-06
    outer loop
      vertex 40.2436 2.77804 -16.1574
      vertex 40.2223 2.77943 -16.1574
      vertex 40.0134 2.79313 -36.1451
    endloop
  endfacet
  facet normal -0.064789 -0.997899 0
    outer loop
      vertex 40.0134 2.79313 -36.1451
      vertex 40 2.794 -16.1574
      vertex 40 2.794 -36.1451
    endloop
  endfacet
  facet normal -0.0655638 -0.997848 1.76331e-06
    outer loop
      vertex 40.2748 2.77599 -16.1574
      vertex 40.2436 2.77804 -16.1574
      vertex 40.0134 2.79313 -36.1451
    endloop
  endfacet
  facet normal -0.0654161 -0.997858 -1.76218e-07
    outer loop
      vertex 40.3647 2.7701 -36.1451
      vertex 40.2748 2.77599 -16.1574
      vertex 40.0134 2.79313 -36.1451
    endloop
  endfacet
  facet normal -0.0653771 -0.997861 0
    outer loop
      vertex 40.3647 2.7701 -36.1451
      vertex 40.3647 2.7701 -16.1454
      vertex 40.2748 2.77599 -16.1574
    endloop
  endfacet
  facet normal 0.981062 -0.193694 0
    outer loop
      vertex 37.3012 0.723142 -36.1451
      vertex 37.3012 0.723142 -15.3018
      vertex 37.2986 0.709973 -36.1451
    endloop
  endfacet
  facet normal 0.98079 -0.195068 9.01535e-07
    outer loop
      vertex 37.2986 0.709973 -36.1451
      vertex 37.3012 0.723142 -15.3018
      vertex 37.2773 0.602974 -15.3018
    endloop
  endfacet
  facet normal 0.980783 -0.1951 0
    outer loop
      vertex 37.2773 0.602974 -15.3018
      vertex 37.2299 0.364691 -15.1832
      vertex 37.2299 0.364691 -36.1451
    endloop
  endfacet
  facet normal 0.980775 -0.195143 5.00866e-07
    outer loop
      vertex 37.2986 0.709973 -36.1451
      vertex 37.2773 0.602974 -15.3018
      vertex 37.2299 0.364691 -36.1451
    endloop
  endfacet
  facet normal -0.997864 -0.0653319 0
    outer loop
      vertex 42.7931 0.0133944 -36.1451
      vertex 42.7701 0.364691 -15.1832
      vertex 42.7701 0.364691 -36.1451
    endloop
  endfacet
  facet normal -0.99775 -0.0670411 0
    outer loop
      vertex 42.794 0 -36.1451
      vertex 42.794 0 -15.1832
      vertex 42.7931 0.0133944 -36.1451
    endloop
  endfacet
  facet normal -0.997859 -0.0653947 1.05675e-06
    outer loop
      vertex 42.7931 0.0133944 -36.1451
      vertex 42.794 0 -15.1832
      vertex 42.7701 0.364691 -15.1832
    endloop
  endfacet
  facet normal -0.981062 -0.193694 0
    outer loop
      vertex 42.7014 0.709973 -36.1451
      vertex 42.6988 0.723142 -15.3018
      vertex 42.6988 0.723142 -36.1451
    endloop
  endfacet
  facet normal -0.98079 -0.195068 9.01535e-07
    outer loop
      vertex 42.7014 0.709973 -36.1451
      vertex 42.7227 0.602974 -15.3018
      vertex 42.6988 0.723142 -15.3018
    endloop
  endfacet
  facet normal -0.980775 -0.195143 5.00866e-07
    outer loop
      vertex 42.7701 0.364691 -36.1451
      vertex 42.7227 0.602974 -15.3018
      vertex 42.7014 0.709973 -36.1451
    endloop
  endfacet
  facet normal -0.980783 -0.1951 0
    outer loop
      vertex 42.7701 0.364691 -36.1451
      vertex 42.7701 0.364691 -15.1832
      vertex 42.7227 0.602974 -15.3018
    endloop
  endfacet
  facet normal -0.829985 -0.557786 0
    outer loop
      vertex 42.2241 1.68972 -36.1451
      vertex 42.2166 1.70088 -15.7084
      vertex 42.2166 1.70088 -36.1451
    endloop
  endfacet
  facet normal -0.831456 -0.555591 -1.7379e-06
    outer loop
      vertex 42.2241 1.68972 -36.1451
      vertex 42.4197 1.397 -36.1451
      vertex 42.2166 1.70088 -15.7084
    endloop
  endfacet
  facet normal -0.831356 -0.55574 1.46544e-06
    outer loop
      vertex 42.4197 1.397 -36.1451
      vertex 42.3201 1.54605 -15.6535
      vertex 42.2166 1.70088 -15.7084
    endloop
  endfacet
  facet normal -0.831449 -0.555601 0
    outer loop
      vertex 42.4197 1.397 -36.1451
      vertex 42.4197 1.397 -15.5835
      vertex 42.3201 1.54605 -15.6535
    endloop
  endfacet
  facet normal -0.946898 -0.321533 0
    outer loop
      vertex 42.6945 0.735852 -36.1451
      vertex 42.5813 1.06922 -15.4443
      vertex 42.5813 1.06922 -36.1451
    endloop
  endfacet
  facet normal -0.947258 -0.320473 -1.9044e-05
    outer loop
      vertex 42.6945 0.735852 -36.1451
      vertex 42.6988 0.723142 -36.1451
      vertex 42.5813 1.06922 -15.4443
    endloop
  endfacet
  facet normal -0.946931 -0.321436 -1.09435e-06
    outer loop
      vertex 42.6988 0.723142 -36.1451
      vertex 42.6526 0.859174 -15.3979
      vertex 42.5813 1.06922 -15.4443
    endloop
  endfacet
  facet normal -0.946881 -0.321585 0
    outer loop
      vertex 42.6988 0.723142 -36.1451
      vertex 42.6988 0.723142 -15.3018
      vertex 42.6526 0.859174 -15.3979
    endloop
  endfacet
  facet normal -0.442208 -0.896913 0
    outer loop
      vertex 41.385 2.42562 -36.1451
      vertex 41.0692 2.58132 -16.0769
      vertex 41.0692 2.58132 -36.1451
    endloop
  endfacet
  facet normal -0.443625 -0.896212 -2.77328e-05
    outer loop
      vertex 41.385 2.42562 -36.1451
      vertex 41.397 2.41968 -36.1451
      vertex 41.0692 2.58132 -16.0769
    endloop
  endfacet
  facet normal -0.442306 -0.896864 -9.4207e-07
    outer loop
      vertex 41.397 2.41968 -36.1451
      vertex 41.2815 2.47662 -16.0398
      vertex 41.0692 2.58132 -16.0769
    endloop
  endfacet
  facet normal -0.442174 -0.896929 0
    outer loop
      vertex 41.397 2.41968 -36.1451
      vertex 41.397 2.41968 -16
      vertex 41.2815 2.47662 -16.0398
    endloop
  endfacet
  facet normal 0.946931 -0.321436 -1.09435e-06
    outer loop
      vertex 37.4187 1.06922 -15.4443
      vertex 37.3474 0.859174 -15.3979
      vertex 37.3012 0.723142 -36.1451
    endloop
  endfacet
  facet normal 0.946898 -0.321533 0
    outer loop
      vertex 37.4187 1.06922 -36.1451
      vertex 37.4187 1.06922 -15.4443
      vertex 37.3055 0.735852 -36.1451
    endloop
  endfacet
  facet normal 0.946881 -0.321585 0
    outer loop
      vertex 37.3474 0.859174 -15.3979
      vertex 37.3012 0.723142 -15.3018
      vertex 37.3012 0.723142 -36.1451
    endloop
  endfacet
  facet normal 0.947258 -0.320473 -1.9044e-05
    outer loop
      vertex 37.3055 0.735852 -36.1451
      vertex 37.4187 1.06922 -15.4443
      vertex 37.3012 0.723142 -36.1451
    endloop
  endfacet
  facet normal -0.555598 -0.831451 0
    outer loop
      vertex 41.6897 2.22409 -36.1451
      vertex 41.397 2.41968 -16
      vertex 41.397 2.41968 -36.1451
    endloop
  endfacet
  facet normal -0.554357 -0.832279 2.60648e-05
    outer loop
      vertex 41.6897 2.22409 -36.1451
      vertex 41.7009 2.21663 -36.1451
      vertex 41.397 2.41968 -16
    endloop
  endfacet
  facet normal -0.554891 -0.831923 1.44255e-05
    outer loop
      vertex 41.7009 2.21663 -36.1451
      vertex 41.4173 2.40614 -15.9966
      vertex 41.397 2.41968 -16
    endloop
  endfacet
  facet normal -0.55568 -0.831396 -1.64013e-06
    outer loop
      vertex 41.7009 2.21663 -36.1451
      vertex 41.6462 2.25315 -15.9488
      vertex 41.4173 2.40614 -15.9966
    endloop
  endfacet
  facet normal -0.555261 -0.831676 0
    outer loop
      vertex 41.7009 2.21663 -36.1451
      vertex 41.7009 2.21663 -15.9231
      vertex 41.6462 2.25315 -15.9488
    endloop
  endfacet
  facet normal 0.322209 -0.946668 0
    outer loop
      vertex 38.9474 2.58697 -16.0824
      vertex 38.9308 2.58132 -16.0769
      vertex 38.9308 2.58132 -36.1451
    endloop
  endfacet
  facet normal 0.321422 -0.946936 7.2719e-07
    outer loop
      vertex 39.1944 2.67081 -16.1204
      vertex 38.9474 2.58697 -16.0824
      vertex 38.9308 2.58132 -36.1451
    endloop
  endfacet
  facet normal 0.321516 -0.946904 -6.51914e-07
    outer loop
      vertex 39.2641 2.69449 -36.1451
      vertex 39.1944 2.67081 -16.1204
      vertex 38.9308 2.58132 -36.1451
    endloop
  endfacet
  facet normal 0.321285 -0.946982 -1.54598e-06
    outer loop
      vertex 39.2641 2.69449 -36.1451
      vertex 39.2769 2.6988 -16.1204
      vertex 39.1944 2.67081 -16.1204
    endloop
  endfacet
  facet normal 0.319114 -0.947716 0
    outer loop
      vertex 39.2769 2.6988 -36.1451
      vertex 39.2769 2.6988 -16.1204
      vertex 39.2641 2.69449 -36.1451
    endloop
  endfacet
  facet normal 0.442174 -0.896929 0
    outer loop
      vertex 38.7185 2.47662 -16.0398
      vertex 38.603 2.41968 -16
      vertex 38.603 2.41968 -36.1451
    endloop
  endfacet
  facet normal 0.442306 -0.896864 -9.4207e-07
    outer loop
      vertex 38.9308 2.58132 -16.0769
      vertex 38.7185 2.47662 -16.0398
      vertex 38.603 2.41968 -36.1451
    endloop
  endfacet
  facet normal 0.443625 -0.896212 -2.77328e-05
    outer loop
      vertex 38.615 2.42562 -36.1451
      vertex 38.9308 2.58132 -16.0769
      vertex 38.603 2.41968 -36.1451
    endloop
  endfacet
  facet normal 0.442208 -0.896913 0
    outer loop
      vertex 38.9308 2.58132 -36.1451
      vertex 38.9308 2.58132 -16.0769
      vertex 38.615 2.42562 -36.1451
    endloop
  endfacet
  facet normal 0.555261 -0.831676 0
    outer loop
      vertex 38.3538 2.25315 -15.9488
      vertex 38.2991 2.21663 -15.9231
      vertex 38.2991 2.21663 -36.1451
    endloop
  endfacet
  facet normal 0.55568 -0.831396 -1.64013e-06
    outer loop
      vertex 38.5827 2.40614 -15.9966
      vertex 38.3538 2.25315 -15.9488
      vertex 38.2991 2.21663 -36.1451
    endloop
  endfacet
  facet normal 0.554891 -0.831923 1.44255e-05
    outer loop
      vertex 38.603 2.41968 -16
      vertex 38.5827 2.40614 -15.9966
      vertex 38.2991 2.21663 -36.1451
    endloop
  endfacet
  facet normal 0.554357 -0.832279 2.60648e-05
    outer loop
      vertex 38.3103 2.22409 -36.1451
      vertex 38.603 2.41968 -16
      vertex 38.2991 2.21663 -36.1451
    endloop
  endfacet
  facet normal 0.555598 -0.831451 0
    outer loop
      vertex 38.603 2.41968 -36.1451
      vertex 38.603 2.41968 -16
      vertex 38.3103 2.22409 -36.1451
    endloop
  endfacet
  facet normal -0.75364 -0.657288 0
    outer loop
      vertex 41.9845 1.96557 -36.1451
      vertex 41.9757 1.97566 -15.8152
      vertex 41.9757 1.97566 -36.1451
    endloop
  endfacet
  facet normal -0.751878 -0.659303 1.76291e-06
    outer loop
      vertex 41.9845 1.96557 -36.1451
      vertex 42.2166 1.70088 -36.1451
      vertex 41.9757 1.97566 -15.8152
    endloop
  endfacet
  facet normal -0.752722 -0.658339 -2.12599e-05
    outer loop
      vertex 42.2166 1.70088 -36.1451
      vertex 41.9923 1.95668 -15.8106
      vertex 41.9757 1.97566 -15.8152
    endloop
  endfacet
  facet normal -0.751838 -0.659348 1.18043e-06
    outer loop
      vertex 42.2166 1.70088 -36.1451
      vertex 42.1748 1.74858 -15.7456
      vertex 41.9923 1.95668 -15.8106
    endloop
  endfacet
  facet normal -0.752088 -0.659063 0
    outer loop
      vertex 42.2166 1.70088 -36.1451
      vertex 42.2166 1.70088 -15.7084
      vertex 42.1748 1.74858 -15.7456
    endloop
  endfacet
  facet normal 0.897979 -0.440039 0
    outer loop
      vertex 37.5803 1.397 -36.1451
      vertex 37.5803 1.397 -15.5835
      vertex 37.5744 1.38496 -36.1451
    endloop
  endfacet
  facet normal 0.896869 -0.442296 2.02175e-06
    outer loop
      vertex 37.5803 1.397 -15.5835
      vertex 37.5504 1.33637 -15.5784
      vertex 37.4187 1.06922 -36.1451
    endloop
  endfacet
  facet normal 0.896843 -0.44235 2.90015e-06
    outer loop
      vertex 37.5504 1.33637 -15.5784
      vertex 37.4389 1.11031 -15.4761
      vertex 37.4187 1.06922 -36.1451
    endloop
  endfacet
  facet normal 0.897421 -0.441175 0
    outer loop
      vertex 37.4389 1.11031 -15.4761
      vertex 37.4187 1.06922 -15.4443
      vertex 37.4187 1.06922 -36.1451
    endloop
  endfacet
  facet normal 0.896879 -0.442276 1.62491e-06
    outer loop
      vertex 37.5744 1.38496 -36.1451
      vertex 37.5803 1.397 -15.5835
      vertex 37.4187 1.06922 -36.1451
    endloop
  endfacet
  facet normal -0.195069 -0.980789 0
    outer loop
      vertex 40.5449 2.73426 -16.1454
      vertex 40.3647 2.7701 -16.1454
      vertex 40.3647 2.7701 -36.1451
    endloop
  endfacet
  facet normal -0.195078 -0.980788 8.29407e-08
    outer loop
      vertex 40.71 2.70142 -36.1451
      vertex 40.5449 2.73426 -16.1454
      vertex 40.3647 2.7701 -36.1451
    endloop
  endfacet
  facet normal -0.196116 -0.980581 -8.82536e-06
    outer loop
      vertex 40.71 2.70142 -36.1451
      vertex 40.7231 2.6988 -36.1451
      vertex 40.5449 2.73426 -16.1454
    endloop
  endfacet
  facet normal -0.195163 -0.980771 0
    outer loop
      vertex 40.7231 2.6988 -36.1451
      vertex 40.7231 2.6988 -16.1204
      vertex 40.5449 2.73426 -16.1454
    endloop
  endfacet
  facet normal 0 0 1
    outer loop
      vertex 39.7777 2.77943 -16.1574
      vertex 39.7564 2.77804 -16.1574
      vertex 39.7252 2.77599 -16.1574
    endloop
  endfacet
  facet normal 0.0653836 -0.99786 -2.94788e-08
    outer loop
      vertex 39.7777 2.77943 -16.1574
      vertex 39.7252 2.77599 -16.1574
      vertex 39.6353 2.7701 -36.1451
    endloop
  endfacet
  facet normal 0.0653771 -0.997861 0
    outer loop
      vertex 39.7252 2.77599 -16.1574
      vertex 39.6353 2.7701 -16.1454
      vertex 39.6353 2.7701 -36.1451
    endloop
  endfacet
  facet normal 0.0654017 -0.997859 -1.59226e-07
    outer loop
      vertex 40 2.794 -16.1574
      vertex 39.7777 2.77943 -16.1574
      vertex 39.6353 2.7701 -36.1451
    endloop
  endfacet
  facet normal 0.0654161 -0.997858 -4.22212e-07
    outer loop
      vertex 39.9866 2.79313 -36.1451
      vertex 40 2.794 -16.1574
      vertex 39.6353 2.7701 -36.1451
    endloop
  endfacet
  facet normal 0.064789 -0.997899 0
    outer loop
      vertex 40 2.794 -36.1451
      vertex 40 2.794 -16.1574
      vertex 39.9866 2.79313 -36.1451
    endloop
  endfacet
  facet normal 0.195163 -0.980771 0
    outer loop
      vertex 39.4551 2.73426 -16.1454
      vertex 39.2769 2.6988 -16.1204
      vertex 39.2769 2.6988 -36.1451
    endloop
  endfacet
  facet normal 0.196116 -0.980581 -8.82536e-06
    outer loop
      vertex 39.29 2.70142 -36.1451
      vertex 39.4551 2.73426 -16.1454
      vertex 39.2769 2.6988 -36.1451
    endloop
  endfacet
  facet normal 0.195069 -0.980789 1.58932e-07
    outer loop
      vertex 39.6353 2.7701 -16.1454
      vertex 39.4551 2.73426 -16.1454
      vertex 39.29 2.70142 -36.1451
    endloop
  endfacet
  facet normal 0.195078 -0.980788 0
    outer loop
      vertex 39.6353 2.7701 -36.1451
      vertex 39.6353 2.7701 -16.1454
      vertex 39.29 2.70142 -36.1451
    endloop
  endfacet
  facet normal 0.997864 -0.0653319 0
    outer loop
      vertex 37.2299 0.364691 -36.1451
      vertex 37.2299 0.364691 -15.1832
      vertex 37.2069 0.0133944 -36.1451
    endloop
  endfacet
  facet normal 0.997859 -0.0653947 1.05675e-06
    outer loop
      vertex 37.2069 0.0133944 -36.1451
      vertex 37.2299 0.364691 -15.1832
      vertex 37.206 0 -15.1832
    endloop
  endfacet
  facet normal 0.99775 -0.0670411 0
    outer loop
      vertex 37.2069 0.0133944 -36.1451
      vertex 37.206 0 -15.1832
      vertex 37.206 0 -36.1451
    endloop
  endfacet
  facet normal -0.897979 -0.440039 0
    outer loop
      vertex 42.4256 1.38496 -36.1451
      vertex 42.4197 1.397 -15.5835
      vertex 42.4197 1.397 -36.1451
    endloop
  endfacet
  facet normal -0.896879 -0.442276 1.62491e-06
    outer loop
      vertex 42.4256 1.38496 -36.1451
      vertex 42.5813 1.06922 -36.1451
      vertex 42.4197 1.397 -15.5835
    endloop
  endfacet
  facet normal -0.896869 -0.442296 2.02175e-06
    outer loop
      vertex 42.5813 1.06922 -36.1451
      vertex 42.4496 1.33637 -15.5784
      vertex 42.4197 1.397 -15.5835
    endloop
  endfacet
  facet normal -0.896843 -0.44235 2.90015e-06
    outer loop
      vertex 42.5813 1.06922 -36.1451
      vertex 42.5611 1.11031 -15.4761
      vertex 42.4496 1.33637 -15.5784
    endloop
  endfacet
  facet normal -0.897421 -0.441175 0
    outer loop
      vertex 42.5813 1.06922 -36.1451
      vertex 42.5813 1.06922 -15.4443
      vertex 42.5611 1.11031 -15.4761
    endloop
  endfacet
  facet normal -0.659321 -0.751862 0
    outer loop
      vertex 41.9656 1.98451 -36.1451
      vertex 41.7009 2.21663 -15.9231
      vertex 41.7009 2.21663 -36.1451
    endloop
  endfacet
  facet normal -0.659032 -0.752115 6.69104e-06
    outer loop
      vertex 41.9656 1.98451 -36.1451
      vertex 41.9757 1.97566 -36.1451
      vertex 41.7009 2.21663 -15.9231
    endloop
  endfacet
  facet normal -0.659414 -0.75178 -2.51091e-06
    outer loop
      vertex 41.9757 1.97566 -36.1451
      vertex 41.847 2.08848 -15.8846
      vertex 41.7009 2.21663 -15.9231
    endloop
  endfacet
  facet normal -0.659191 -0.751976 0
    outer loop
      vertex 41.9757 1.97566 -36.1451
      vertex 41.9757 1.97566 -15.8152
      vertex 41.847 2.08848 -15.8846
    endloop
  endfacet
  facet normal 0.75364 -0.657288 0
    outer loop
      vertex 38.0243 1.97566 -36.1451
      vertex 38.0243 1.97566 -15.8152
      vertex 38.0155 1.96557 -36.1451
    endloop
  endfacet
  facet normal 0.752722 -0.658339 -2.12599e-05
    outer loop
      vertex 38.0243 1.97566 -15.8152
      vertex 38.0077 1.95668 -15.8106
      vertex 37.7834 1.70088 -36.1451
    endloop
  endfacet
  facet normal 0.751838 -0.659348 1.18043e-06
    outer loop
      vertex 38.0077 1.95668 -15.8106
      vertex 37.8252 1.74858 -15.7456
      vertex 37.7834 1.70088 -36.1451
    endloop
  endfacet
  facet normal 0.751878 -0.659303 1.76291e-06
    outer loop
      vertex 38.0155 1.96557 -36.1451
      vertex 38.0243 1.97566 -15.8152
      vertex 37.7834 1.70088 -36.1451
    endloop
  endfacet
  facet normal 0.752088 -0.659063 0
    outer loop
      vertex 37.8252 1.74858 -15.7456
      vertex 37.7834 1.70088 -15.7084
      vertex 37.7834 1.70088 -36.1451
    endloop
  endfacet
  facet normal 0.659191 -0.751976 0
    outer loop
      vertex 38.153 2.08848 -15.8846
      vertex 38.0243 1.97566 -15.8152
      vertex 38.0243 1.97566 -36.1451
    endloop
  endfacet
  facet normal 0.659414 -0.75178 -2.51091e-06
    outer loop
      vertex 38.2991 2.21663 -15.9231
      vertex 38.153 2.08848 -15.8846
      vertex 38.0243 1.97566 -36.1451
    endloop
  endfacet
  facet normal 0.659032 -0.752115 6.69104e-06
    outer loop
      vertex 38.0344 1.98451 -36.1451
      vertex 38.2991 2.21663 -15.9231
      vertex 38.0243 1.97566 -36.1451
    endloop
  endfacet
  facet normal 0.659321 -0.751862 0
    outer loop
      vertex 38.2991 2.21663 -36.1451
      vertex 38.2991 2.21663 -15.9231
      vertex 38.0344 1.98451 -36.1451
    endloop
  endfacet
  facet normal 0.829985 -0.557786 0
    outer loop
      vertex 37.7834 1.70088 -36.1451
      vertex 37.7834 1.70088 -15.7084
      vertex 37.7759 1.68972 -36.1451
    endloop
  endfacet
  facet normal 0.831356 -0.55574 1.46544e-06
    outer loop
      vertex 37.7834 1.70088 -15.7084
      vertex 37.6799 1.54605 -15.6535
      vertex 37.5803 1.397 -36.1451
    endloop
  endfacet
  facet normal 0.831456 -0.555591 -1.7379e-06
    outer loop
      vertex 37.7759 1.68972 -36.1451
      vertex 37.7834 1.70088 -15.7084
      vertex 37.5803 1.397 -36.1451
    endloop
  endfacet
  facet normal 0.831449 -0.555601 0
    outer loop
      vertex 37.6799 1.54605 -15.6535
      vertex 37.5803 1.397 -15.5835
      vertex 37.5803 1.397 -36.1451
    endloop
  endfacet
  facet normal 0 0 1
    outer loop
      vertex 42.794 12 0
      vertex 44.9893 12 0
      vertex 44.9466 12.6512 0
    endloop
  endfacet
  facet normal 0 0 1
    outer loop
      vertex 42.7701 12.3647 0
      vertex 44.9466 12.6512 0
      vertex 44.8193 13.2913 0
    endloop
  endfacet
  facet normal 0 0 1
    outer loop
      vertex 44.9893 12 0
      vertex 42.794 12 0
      vertex 44.9466 11.3488 0
    endloop
  endfacet
  facet normal 0 0 1
    outer loop
      vertex 42.6988 12.7231 0
      vertex 44.8193 13.2913 0
      vertex 44.6095 13.9093 0
    endloop
  endfacet
  facet normal -0 0 1
    outer loop
      vertex 42.7701 11.6353 0
      vertex 44.9466 11.3488 0
      vertex 42.794 12 0
    endloop
  endfacet
  facet normal 0 0 1
    outer loop
      vertex 42.5813 13.0692 0
      vertex 44.6095 13.9093 0
      vertex 44.3209 14.4946 0
    endloop
  endfacet
  facet normal -0 0 1
    outer loop
      vertex 42.7371 11.4694 0
      vertex 44.9466 11.3488 0
      vertex 42.7701 11.6353 0
    endloop
  endfacet
  facet normal 0 0 1
    outer loop
      vertex 42.4197 13.397 0
      vertex 44.3209 14.4946 0
      vertex 43.9583 15.0373 0
    endloop
  endfacet
  facet normal 0 0 1
    outer loop
      vertex 44.9466 11.3488 0
      vertex 42.7371 11.4694 0
      vertex 44.8193 10.7087 0
    endloop
  endfacet
  facet normal 0 0 1
    outer loop
      vertex 42.2166 13.7009 0
      vertex 43.9583 15.0373 0
      vertex 43.528 15.528 0
    endloop
  endfacet
  facet normal -0 0 1
    outer loop
      vertex 42.7155 11.3605 0
      vertex 44.8193 10.7087 0
      vertex 42.7371 11.4694 0
    endloop
  endfacet
  facet normal 0 0 1
    outer loop
      vertex 41.9757 13.9757 0
      vertex 43.528 15.528 0
      vertex 43.0373 15.9583 0
    endloop
  endfacet
  facet normal -0 0 1
    outer loop
      vertex 42.6988 11.2769 0
      vertex 44.8193 10.7087 0
      vertex 42.7155 11.3605 0
    endloop
  endfacet
  facet normal -0 0 1
    outer loop
      vertex 42.6663 11.1811 0
      vertex 44.8193 10.7087 0
      vertex 42.6988 11.2769 0
    endloop
  endfacet
  facet normal 0 0 1
    outer loop
      vertex 44.9466 12.6512 0
      vertex 42.7701 12.3647 0
      vertex 42.794 12 0
    endloop
  endfacet
  facet normal 0 0 1
    outer loop
      vertex 44.8193 13.2913 0
      vertex 42.6988 12.7231 0
      vertex 42.7701 12.3647 0
    endloop
  endfacet
  facet normal 0 0 1
    outer loop
      vertex 44.6095 13.9093 0
      vertex 42.5813 13.0692 0
      vertex 42.6988 12.7231 0
    endloop
  endfacet
  facet normal 0 0 1
    outer loop
      vertex 41.7009 14.2166 0
      vertex 43.0373 15.9583 0
      vertex 42.4946 16.3209 0
    endloop
  endfacet
  facet normal 0 0 1
    outer loop
      vertex 44.3209 14.4946 0
      vertex 42.4197 13.397 0
      vertex 42.5813 13.0692 0
    endloop
  endfacet
  facet normal 0 0 1
    outer loop
      vertex 43.9583 15.0373 0
      vertex 42.2166 13.7009 0
      vertex 42.4197 13.397 0
    endloop
  endfacet
  facet normal 0 0 1
    outer loop
      vertex 43.528 15.528 0
      vertex 41.9757 13.9757 0
      vertex 42.2166 13.7009 0
    endloop
  endfacet
  facet normal 0 0 1
    outer loop
      vertex 41.397 14.4197 0
      vertex 42.4946 16.3209 0
      vertex 41.9093 16.6095 0
    endloop
  endfacet
  facet normal 0 0 1
    outer loop
      vertex 43.0373 15.9583 0
      vertex 41.7009 14.2166 0
      vertex 41.9757 13.9757 0
    endloop
  endfacet
  facet normal 0 0 1
    outer loop
      vertex 42.4946 16.3209 0
      vertex 41.397 14.4197 0
      vertex 41.7009 14.2166 0
    endloop
  endfacet
  facet normal 0 0 1
    outer loop
      vertex 41.0692 14.5813 0
      vertex 41.9093 16.6095 0
      vertex 41.2913 16.8193 0
    endloop
  endfacet
  facet normal 0 0 1
    outer loop
      vertex 41.9093 16.6095 0
      vertex 41.0692 14.5813 0
      vertex 41.397 14.4197 0
    endloop
  endfacet
  facet normal 0 0 1
    outer loop
      vertex 41.2913 16.8193 0
      vertex 40.7231 14.6988 0
      vertex 41.0692 14.5813 0
    endloop
  endfacet
  facet normal 0 0 1
    outer loop
      vertex 40.6512 16.9466 0
      vertex 40.7231 14.6988 0
      vertex 41.2913 16.8193 0
    endloop
  endfacet
  facet normal 0 0 1
    outer loop
      vertex 40.6512 16.9466 0
      vertex 40.3647 14.7701 0
      vertex 40.7231 14.6988 0
    endloop
  endfacet
  facet normal 0 0 1
    outer loop
      vertex 40 16.9893 0
      vertex 40.3647 14.7701 0
      vertex 40.6512 16.9466 0
    endloop
  endfacet
  facet normal 0 0 1
    outer loop
      vertex 40 16.9893 0
      vertex 40 14.794 0
      vertex 40.3647 14.7701 0
    endloop
  endfacet
  facet normal 0 0 1
    outer loop
      vertex 40 16.9893 0
      vertex 39.6353 14.7701 0
      vertex 40 14.794 0
    endloop
  endfacet
  facet normal -0 0 1
    outer loop
      vertex 39.3488 16.9466 0
      vertex 39.6353 14.7701 0
      vertex 40 16.9893 0
    endloop
  endfacet
  facet normal 0 0 1
    outer loop
      vertex 39.3488 16.9466 0
      vertex 39.2769 14.6988 0
      vertex 39.6353 14.7701 0
    endloop
  endfacet
  facet normal -0 0 1
    outer loop
      vertex 38.7087 16.8193 0
      vertex 39.2769 14.6988 0
      vertex 39.3488 16.9466 0
    endloop
  endfacet
  facet normal 0 0 1
    outer loop
      vertex 39.2769 14.6988 0
      vertex 38.7087 16.8193 0
      vertex 38.9308 14.5813 0
    endloop
  endfacet
  facet normal -0 0 1
    outer loop
      vertex 38.0907 16.6095 0
      vertex 38.9308 14.5813 0
      vertex 38.7087 16.8193 0
    endloop
  endfacet
  facet normal 0 0 1
    outer loop
      vertex 38.9308 14.5813 0
      vertex 38.0907 16.6095 0
      vertex 38.603 14.4197 0
    endloop
  endfacet
  facet normal -0 0 1
    outer loop
      vertex 37.5054 16.3209 0
      vertex 38.603 14.4197 0
      vertex 38.0907 16.6095 0
    endloop
  endfacet
  facet normal 0 0 1
    outer loop
      vertex 38.603 14.4197 0
      vertex 37.5054 16.3209 0
      vertex 38.2991 14.2166 0
    endloop
  endfacet
  facet normal -0 0 1
    outer loop
      vertex 36.9627 15.9583 0
      vertex 38.2991 14.2166 0
      vertex 37.5054 16.3209 0
    endloop
  endfacet
  facet normal 0 0 1
    outer loop
      vertex 38.2991 14.2166 0
      vertex 36.9627 15.9583 0
      vertex 38.0243 13.9757 0
    endloop
  endfacet
  facet normal -0 0 1
    outer loop
      vertex 36.472 15.528 0
      vertex 38.0243 13.9757 0
      vertex 36.9627 15.9583 0
    endloop
  endfacet
  facet normal 0 0 1
    outer loop
      vertex 38.0243 13.9757 0
      vertex 36.472 15.528 0
      vertex 37.7834 13.7009 0
    endloop
  endfacet
  facet normal -0 0 1
    outer loop
      vertex 36.0417 15.0373 0
      vertex 37.7834 13.7009 0
      vertex 36.472 15.528 0
    endloop
  endfacet
  facet normal 0 0 1
    outer loop
      vertex 37.7834 13.7009 0
      vertex 36.0417 15.0373 0
      vertex 37.5803 13.397 0
    endloop
  endfacet
  facet normal 0 0 1
    outer loop
      vertex 37.5803 13.397 0
      vertex 35.6791 14.4946 0
      vertex 37.4187 13.0692 0
    endloop
  endfacet
  facet normal -0 0 1
    outer loop
      vertex 35.6791 14.4946 0
      vertex 37.5803 13.397 0
      vertex 36.0417 15.0373 0
    endloop
  endfacet
  facet normal 0 0 1
    outer loop
      vertex 44.8193 10.7087 0
      vertex 42.6663 11.1811 0
      vertex 44.6095 10.0907 0
    endloop
  endfacet
  facet normal -0 0 1
    outer loop
      vertex 42.6157 11.032 0
      vertex 44.6095 10.0907 0
      vertex 42.6663 11.1811 0
    endloop
  endfacet
  facet normal -0 0 1
    outer loop
      vertex 42.5813 10.9308 0
      vertex 44.6095 10.0907 0
      vertex 42.6157 11.032 0
    endloop
  endfacet
  facet normal -0 0 1
    outer loop
      vertex 42.567 10.9016 0
      vertex 44.6095 10.0907 0
      vertex 42.5813 10.9308 0
    endloop
  endfacet
  facet normal -0 0 1
    outer loop
      vertex 42.4867 10.7388 0
      vertex 44.6095 10.0907 0
      vertex 42.567 10.9016 0
    endloop
  endfacet
  facet normal 0 0 1
    outer loop
      vertex 44.6095 10.0907 0
      vertex 42.4867 10.7388 0
      vertex 44.3209 9.50535 0
    endloop
  endfacet
  facet normal -0 0 1
    outer loop
      vertex 42.4651 10.6951 0
      vertex 44.3209 9.50535 0
      vertex 42.4867 10.7388 0
    endloop
  endfacet
  facet normal -0 0 1
    outer loop
      vertex 42.4197 10.603 0
      vertex 44.3209 9.50535 0
      vertex 42.4651 10.6951 0
    endloop
  endfacet
  facet normal -0 0 1
    outer loop
      vertex 42.3475 10.4949 0
      vertex 44.3209 9.50535 0
      vertex 42.4197 10.603 0
    endloop
  endfacet
  facet normal 0 0 1
    outer loop
      vertex 44.3209 9.50535 0
      vertex 42.3475 10.4949 0
      vertex 43.9583 8.96271 0
    endloop
  endfacet
  facet normal -0 0 1
    outer loop
      vertex 42.2716 10.3813 0
      vertex 43.9583 8.96271 0
      vertex 42.3475 10.4949 0
    endloop
  endfacet
  facet normal -0 0 1
    outer loop
      vertex 42.2166 10.2991 0
      vertex 43.9583 8.96271 0
      vertex 42.2716 10.3813 0
    endloop
  endfacet
  facet normal -0 0 1
    outer loop
      vertex 42.186 10.2641 0
      vertex 43.9583 8.96271 0
      vertex 42.2166 10.2991 0
    endloop
  endfacet
  facet normal -0 0 1
    outer loop
      vertex 42.051 10.1102 0
      vertex 43.9583 8.96271 0
      vertex 42.186 10.2641 0
    endloop
  endfacet
  facet normal 0 0 1
    outer loop
      vertex 43.9583 8.96271 0
      vertex 42.051 10.1102 0
      vertex 43.528 8.47204 0
    endloop
  endfacet
  facet normal -0 0 1
    outer loop
      vertex 42.0386 10.0961 0
      vertex 43.528 8.47204 0
      vertex 42.051 10.1102 0
    endloop
  endfacet
  facet normal -0 0 1
    outer loop
      vertex 41.9757 10.0243 0
      vertex 43.528 8.47204 0
      vertex 42.0386 10.0961 0
    endloop
  endfacet
  facet normal -0 0 1
    outer loop
      vertex 41.8798 9.94027 0
      vertex 43.528 8.47204 0
      vertex 41.9757 10.0243 0
    endloop
  endfacet
  facet normal 0 0 1
    outer loop
      vertex 43.528 8.47204 0
      vertex 41.8798 9.94027 0
      vertex 43.0373 8.04173 0
    endloop
  endfacet
  facet normal -0 0 1
    outer loop
      vertex 41.77 9.84396 0
      vertex 43.0373 8.04173 0
      vertex 41.8798 9.94027 0
    endloop
  endfacet
  facet normal -0 0 1
    outer loop
      vertex 41.7009 9.78337 0
      vertex 43.0373 8.04173 0
      vertex 41.77 9.84396 0
    endloop
  endfacet
  facet normal -0 0 1
    outer loop
      vertex 41.6599 9.75595 0
      vertex 43.0373 8.04173 0
      vertex 41.7009 9.78337 0
    endloop
  endfacet
  facet normal -0 0 1
    outer loop
      vertex 41.4867 9.64024 0
      vertex 43.0373 8.04173 0
      vertex 41.6599 9.75595 0
    endloop
  endfacet
  facet normal 0 0 1
    outer loop
      vertex 43.0373 8.04173 0
      vertex 41.4867 9.64024 0
      vertex 42.4946 7.67914 0
    endloop
  endfacet
  facet normal -0 0 1
    outer loop
      vertex 41.4713 9.62995 0
      vertex 42.4946 7.67914 0
      vertex 41.4867 9.64024 0
    endloop
  endfacet
  facet normal -0 0 1
    outer loop
      vertex 41.397 9.58032 0
      vertex 42.4946 7.67914 0
      vertex 41.4713 9.62995 0
    endloop
  endfacet
  facet normal -0 0 1
    outer loop
      vertex 41.3093 9.53709 0
      vertex 42.4946 7.67914 0
      vertex 41.397 9.58032 0
    endloop
  endfacet
  facet normal 0 0 1
    outer loop
      vertex 42.4946 7.67914 0
      vertex 41.3093 9.53709 0
      vertex 41.9093 7.39049 0
    endloop
  endfacet
  facet normal -0 0 1
    outer loop
      vertex 41.147 9.45703 0
      vertex 41.9093 7.39049 0
      vertex 41.3093 9.53709 0
    endloop
  endfacet
  facet normal -0 0 1
    outer loop
      vertex 41.0692 9.41868 0
      vertex 41.9093 7.39049 0
      vertex 41.147 9.45703 0
    endloop
  endfacet
  facet normal -0 0 1
    outer loop
      vertex 41.0566 9.41437 0
      vertex 41.9093 7.39049 0
      vertex 41.0692 9.41868 0
    endloop
  endfacet
  facet normal -0 0 1
    outer loop
      vertex 40.8671 9.35005 0
      vertex 41.9093 7.39049 0
      vertex 41.0566 9.41437 0
    endloop
  endfacet
  facet normal 0 0 1
    outer loop
      vertex 41.9093 7.39049 0
      vertex 40.8671 9.35005 0
      vertex 41.2913 7.18071 0
    endloop
  endfacet
  facet normal -0 0 1
    outer loop
      vertex 40.7864 9.32266 0
      vertex 41.2913 7.18071 0
      vertex 40.8671 9.35005 0
    endloop
  endfacet
  facet normal -0 0 1
    outer loop
      vertex 40.7231 9.3012 0
      vertex 41.2913 7.18071 0
      vertex 40.7864 9.32266 0
    endloop
  endfacet
  facet normal -0 0 1
    outer loop
      vertex 40.5861 9.27392 0
      vertex 41.2913 7.18071 0
      vertex 40.7231 9.3012 0
    endloop
  endfacet
  facet normal 0 0 1
    outer loop
      vertex 41.2913 7.18071 0
      vertex 40.5861 9.27392 0
      vertex 40.6512 7.05339 0
    endloop
  endfacet
  facet normal -0 0 1
    outer loop
      vertex 40.5033 9.25746 0
      vertex 40.6512 7.05339 0
      vertex 40.5861 9.27392 0
    endloop
  endfacet
  facet normal -0 0 1
    outer loop
      vertex 40.3647 9.2299 0
      vertex 40.6512 7.05339 0
      vertex 40.5033 9.25746 0
    endloop
  endfacet
  facet normal -0 0 1
    outer loop
      vertex 40.2955 9.22535 0
      vertex 40.6512 7.05339 0
      vertex 40.3647 9.2299 0
    endloop
  endfacet
  facet normal -0 0 1
    outer loop
      vertex 40.2694 9.22365 0
      vertex 40.6512 7.05339 0
      vertex 40.2955 9.22535 0
    endloop
  endfacet
  facet normal -0 0 1
    outer loop
      vertex 40.1857 9.21816 0
      vertex 40.6512 7.05339 0
      vertex 40.2694 9.22365 0
    endloop
  endfacet
  facet normal 0 0 1
    outer loop
      vertex 40 7.0107 0
      vertex 40.1857 9.21816 0
      vertex 40 9.20599 0
    endloop
  endfacet
  facet normal 0 0 1
    outer loop
      vertex 40.1857 9.21816 0
      vertex 40 7.0107 0
      vertex 40.6512 7.05339 0
    endloop
  endfacet
  facet normal 0 0 1
    outer loop
      vertex 39.8144 9.21816 0
      vertex 40 7.0107 0
      vertex 40 9.20599 0
    endloop
  endfacet
  facet normal 0 0 1
    outer loop
      vertex 39.3488 7.05339 0
      vertex 39.8144 9.21816 0
      vertex 39.7306 9.22365 0
    endloop
  endfacet
  facet normal 0 0 1
    outer loop
      vertex 39.3488 7.05339 0
      vertex 39.7306 9.22365 0
      vertex 39.7046 9.22535 0
    endloop
  endfacet
  facet normal 0 0 1
    outer loop
      vertex 39.3488 7.05339 0
      vertex 39.7046 9.22535 0
      vertex 39.6353 9.2299 0
    endloop
  endfacet
  facet normal 0 0 1
    outer loop
      vertex 39.3488 7.05339 0
      vertex 39.6353 9.2299 0
      vertex 39.4967 9.25746 0
    endloop
  endfacet
  facet normal 0 0 1
    outer loop
      vertex 39.3488 7.05339 0
      vertex 39.4967 9.25746 0
      vertex 39.414 9.27392 0
    endloop
  endfacet
  facet normal 0 0 1
    outer loop
      vertex 39.8144 9.21816 0
      vertex 39.3488 7.05339 0
      vertex 40 7.0107 0
    endloop
  endfacet
  facet normal 0 0 1
    outer loop
      vertex 38.7087 7.18071 0
      vertex 39.414 9.27392 0
      vertex 39.2769 9.3012 0
    endloop
  endfacet
  facet normal 0 0 1
    outer loop
      vertex 38.7087 7.18071 0
      vertex 39.2769 9.3012 0
      vertex 39.2137 9.32266 0
    endloop
  endfacet
  facet normal 0 0 1
    outer loop
      vertex 38.7087 7.18071 0
      vertex 39.2137 9.32266 0
      vertex 39.133 9.35005 0
    endloop
  endfacet
  facet normal 0 0 1
    outer loop
      vertex 38.0907 7.39049 0
      vertex 39.133 9.35005 0
      vertex 38.9435 9.41437 0
    endloop
  endfacet
  facet normal 0 0 1
    outer loop
      vertex 38.0907 7.39049 0
      vertex 38.9435 9.41437 0
      vertex 38.9308 9.41868 0
    endloop
  endfacet
  facet normal 0 0 1
    outer loop
      vertex 38.0907 7.39049 0
      vertex 38.9308 9.41868 0
      vertex 38.8531 9.45703 0
    endloop
  endfacet
  facet normal 0 0 1
    outer loop
      vertex 39.414 9.27392 0
      vertex 38.7087 7.18071 0
      vertex 39.3488 7.05339 0
    endloop
  endfacet
  facet normal 0 0 1
    outer loop
      vertex 38.0907 7.39049 0
      vertex 38.8531 9.45703 0
      vertex 38.6907 9.53709 0
    endloop
  endfacet
  facet normal 0 0 1
    outer loop
      vertex 37.5054 7.67914 0
      vertex 38.6907 9.53709 0
      vertex 38.603 9.58032 0
    endloop
  endfacet
  facet normal 0 0 1
    outer loop
      vertex 37.5054 7.67914 0
      vertex 38.603 9.58032 0
      vertex 38.5288 9.62995 0
    endloop
  endfacet
  facet normal 0 0 1
    outer loop
      vertex 37.5054 7.67914 0
      vertex 38.5288 9.62995 0
      vertex 38.5133 9.64024 0
    endloop
  endfacet
  facet normal 0 0 1
    outer loop
      vertex 36.9627 8.04173 0
      vertex 38.5133 9.64024 0
      vertex 38.3402 9.75595 0
    endloop
  endfacet
  facet normal 0 0 1
    outer loop
      vertex 36.9627 8.04173 0
      vertex 38.3402 9.75595 0
      vertex 38.2991 9.78337 0
    endloop
  endfacet
  facet normal 0 0 1
    outer loop
      vertex 36.9627 8.04173 0
      vertex 38.2991 9.78337 0
      vertex 38.23 9.84396 0
    endloop
  endfacet
  facet normal 0 0 1
    outer loop
      vertex 36.9627 8.04173 0
      vertex 38.23 9.84396 0
      vertex 38.1202 9.94027 0
    endloop
  endfacet
  facet normal 0 0 1
    outer loop
      vertex 39.133 9.35005 0
      vertex 38.0907 7.39049 0
      vertex 38.7087 7.18071 0
    endloop
  endfacet
  facet normal 0 0 1
    outer loop
      vertex 36.472 8.47204 0
      vertex 38.1202 9.94027 0
      vertex 38.0243 10.0243 0
    endloop
  endfacet
  facet normal 0 0 1
    outer loop
      vertex 36.472 8.47204 0
      vertex 38.0243 10.0243 0
      vertex 37.9614 10.0961 0
    endloop
  endfacet
  facet normal 0 0 1
    outer loop
      vertex 36.472 8.47204 0
      vertex 37.9614 10.0961 0
      vertex 37.9491 10.1102 0
    endloop
  endfacet
  facet normal 0 0 1
    outer loop
      vertex 36.0417 8.96271 0
      vertex 37.9491 10.1102 0
      vertex 37.8141 10.2641 0
    endloop
  endfacet
  facet normal 0 0 1
    outer loop
      vertex 36.0417 8.96271 0
      vertex 37.8141 10.2641 0
      vertex 37.7834 10.2991 0
    endloop
  endfacet
  facet normal 0 0 1
    outer loop
      vertex 36.0417 8.96271 0
      vertex 37.7834 10.2991 0
      vertex 37.7285 10.3813 0
    endloop
  endfacet
  facet normal 0 0 1
    outer loop
      vertex 36.0417 8.96271 0
      vertex 37.7285 10.3813 0
      vertex 37.6525 10.4949 0
    endloop
  endfacet
  facet normal 0 0 1
    outer loop
      vertex 35.6791 9.50535 0
      vertex 37.6525 10.4949 0
      vertex 37.5803 10.603 0
    endloop
  endfacet
  facet normal 0 0 1
    outer loop
      vertex 35.6791 9.50535 0
      vertex 37.5803 10.603 0
      vertex 37.5349 10.6951 0
    endloop
  endfacet
  facet normal 0 0 1
    outer loop
      vertex 35.6791 9.50535 0
      vertex 37.5349 10.6951 0
      vertex 37.5134 10.7388 0
    endloop
  endfacet
  facet normal 0 0 1
    outer loop
      vertex 38.6907 9.53709 0
      vertex 37.5054 7.67914 0
      vertex 38.0907 7.39049 0
    endloop
  endfacet
  facet normal 0 0 1
    outer loop
      vertex 35.3905 10.0907 0
      vertex 37.5134 10.7388 0
      vertex 37.4331 10.9016 0
    endloop
  endfacet
  facet normal 0 0 1
    outer loop
      vertex 35.3905 10.0907 0
      vertex 37.4331 10.9016 0
      vertex 37.4187 10.9308 0
    endloop
  endfacet
  facet normal 0 0 1
    outer loop
      vertex 35.3905 10.0907 0
      vertex 37.4187 10.9308 0
      vertex 37.3844 11.032 0
    endloop
  endfacet
  facet normal 0 0 1
    outer loop
      vertex 35.3905 10.0907 0
      vertex 37.3844 11.032 0
      vertex 37.3337 11.1811 0
    endloop
  endfacet
  facet normal 0 0 1
    outer loop
      vertex 35.1807 10.7087 0
      vertex 37.3337 11.1811 0
      vertex 37.3012 11.2769 0
    endloop
  endfacet
  facet normal 0 0 1
    outer loop
      vertex 35.1807 10.7087 0
      vertex 37.3012 11.2769 0
      vertex 37.2846 11.3605 0
    endloop
  endfacet
  facet normal 0 0 1
    outer loop
      vertex 35.1807 10.7087 0
      vertex 37.2846 11.3605 0
      vertex 37.2629 11.4694 0
    endloop
  endfacet
  facet normal 0 0 1
    outer loop
      vertex 35.0534 11.3488 0
      vertex 37.2629 11.4694 0
      vertex 37.2299 11.6353 0
    endloop
  endfacet
  facet normal 0 0 1
    outer loop
      vertex 38.5133 9.64024 0
      vertex 36.9627 8.04173 0
      vertex 37.5054 7.67914 0
    endloop
  endfacet
  facet normal 0 0 1
    outer loop
      vertex 35.0534 11.3488 0
      vertex 37.2299 11.6353 0
      vertex 37.206 12 0
    endloop
  endfacet
  facet normal -0 0 1
    outer loop
      vertex 35.3905 13.9093 0
      vertex 37.4187 13.0692 0
      vertex 35.6791 14.4946 0
    endloop
  endfacet
  facet normal 0 0 1
    outer loop
      vertex 37.4187 13.0692 0
      vertex 35.3905 13.9093 0
      vertex 37.3012 12.7231 0
    endloop
  endfacet
  facet normal 0 0 1
    outer loop
      vertex 38.1202 9.94027 0
      vertex 36.472 8.47204 0
      vertex 36.9627 8.04173 0
    endloop
  endfacet
  facet normal -0 0 1
    outer loop
      vertex 35.1807 13.2913 0
      vertex 37.3012 12.7231 0
      vertex 35.3905 13.9093 0
    endloop
  endfacet
  facet normal 0 0 1
    outer loop
      vertex 37.9491 10.1102 0
      vertex 36.0417 8.96271 0
      vertex 36.472 8.47204 0
    endloop
  endfacet
  facet normal 0 0 1
    outer loop
      vertex 37.3012 12.7231 0
      vertex 35.1807 13.2913 0
      vertex 37.2299 12.3647 0
    endloop
  endfacet
  facet normal 0 0 1
    outer loop
      vertex 37.6525 10.4949 0
      vertex 35.6791 9.50535 0
      vertex 36.0417 8.96271 0
    endloop
  endfacet
  facet normal -0 0 1
    outer loop
      vertex 35.0534 12.6512 0
      vertex 37.2299 12.3647 0
      vertex 35.1807 13.2913 0
    endloop
  endfacet
  facet normal 0 0 1
    outer loop
      vertex 37.5134 10.7388 0
      vertex 35.3905 10.0907 0
      vertex 35.6791 9.50535 0
    endloop
  endfacet
  facet normal 0 0 1
    outer loop
      vertex 37.2299 12.3647 0
      vertex 35.0534 12.6512 0
      vertex 37.206 12 0
    endloop
  endfacet
  facet normal 0 0 1
    outer loop
      vertex 37.3337 11.1811 0
      vertex 35.1807 10.7087 0
      vertex 35.3905 10.0907 0
    endloop
  endfacet
  facet normal 0 0 1
    outer loop
      vertex 35.0107 12 0
      vertex 37.206 12 0
      vertex 35.0534 12.6512 0
    endloop
  endfacet
  facet normal 0 0 1
    outer loop
      vertex 37.2629 11.4694 0
      vertex 35.0534 11.3488 0
      vertex 35.1807 10.7087 0
    endloop
  endfacet
  facet normal 0 0 1
    outer loop
      vertex 37.206 12 0
      vertex 35.0107 12 0
      vertex 35.0534 11.3488 0
    endloop
  endfacet
  facet normal 0 0 1
    outer loop
      vertex 42.794 -12 0
      vertex 44.9893 -12 0
      vertex 44.9466 -11.3488 0
    endloop
  endfacet
  facet normal 0 0 1
    outer loop
      vertex 42.7371 -11.4694 0
      vertex 44.9466 -11.3488 0
      vertex 44.8193 -10.7087 0
    endloop
  endfacet
  facet normal 0 0 1
    outer loop
      vertex 44.9893 -12 0
      vertex 42.794 -12 0
      vertex 44.9466 -12.6512 0
    endloop
  endfacet
  facet normal 0 0 1
    outer loop
      vertex 42.6663 -11.1811 0
      vertex 44.8193 -10.7087 0
      vertex 44.6095 -10.0907 0
    endloop
  endfacet
  facet normal -0 0 1
    outer loop
      vertex 42.7701 -12.3647 0
      vertex 44.9466 -12.6512 0
      vertex 42.794 -12 0
    endloop
  endfacet
  facet normal 0 0 1
    outer loop
      vertex 42.4867 -10.7388 0
      vertex 44.6095 -10.0907 0
      vertex 44.3209 -9.50535 0
    endloop
  endfacet
  facet normal 0 0 1
    outer loop
      vertex 44.9466 -12.6512 0
      vertex 42.7701 -12.3647 0
      vertex 44.8193 -13.2913 0
    endloop
  endfacet
  facet normal 0 0 1
    outer loop
      vertex 42.3475 -10.4949 0
      vertex 44.3209 -9.50535 0
      vertex 43.9583 -8.96271 0
    endloop
  endfacet
  facet normal -0 0 1
    outer loop
      vertex 42.6988 -12.7231 0
      vertex 44.8193 -13.2913 0
      vertex 42.7701 -12.3647 0
    endloop
  endfacet
  facet normal 0 0 1
    outer loop
      vertex 42.051 -10.1102 0
      vertex 43.9583 -8.96271 0
      vertex 43.528 -8.47204 0
    endloop
  endfacet
  facet normal 0 0 1
    outer loop
      vertex 44.8193 -13.2913 0
      vertex 42.6988 -12.7231 0
      vertex 44.6095 -13.9093 0
    endloop
  endfacet
  facet normal 0 0 1
    outer loop
      vertex 41.8798 -9.94027 0
      vertex 43.528 -8.47204 0
      vertex 43.0373 -8.04173 0
    endloop
  endfacet
  facet normal -0 0 1
    outer loop
      vertex 42.5813 -13.0692 0
      vertex 44.6095 -13.9093 0
      vertex 42.6988 -12.7231 0
    endloop
  endfacet
  facet normal 0 0 1
    outer loop
      vertex 44.6095 -13.9093 0
      vertex 42.5813 -13.0692 0
      vertex 44.3209 -14.4946 0
    endloop
  endfacet
  facet normal 0 0 1
    outer loop
      vertex 44.9466 -11.3488 0
      vertex 42.7701 -11.6353 0
      vertex 42.794 -12 0
    endloop
  endfacet
  facet normal 0 0 1
    outer loop
      vertex 44.9466 -11.3488 0
      vertex 42.7371 -11.4694 0
      vertex 42.7701 -11.6353 0
    endloop
  endfacet
  facet normal 0 0 1
    outer loop
      vertex 44.8193 -10.7087 0
      vertex 42.7155 -11.3605 0
      vertex 42.7371 -11.4694 0
    endloop
  endfacet
  facet normal 0 0 1
    outer loop
      vertex 44.8193 -10.7087 0
      vertex 42.6988 -11.2769 0
      vertex 42.7155 -11.3605 0
    endloop
  endfacet
  facet normal 0 0 1
    outer loop
      vertex 44.8193 -10.7087 0
      vertex 42.6663 -11.1811 0
      vertex 42.6988 -11.2769 0
    endloop
  endfacet
  facet normal 0 0 1
    outer loop
      vertex 44.6095 -10.0907 0
      vertex 42.6157 -11.032 0
      vertex 42.6663 -11.1811 0
    endloop
  endfacet
  facet normal 0 0 1
    outer loop
      vertex 44.6095 -10.0907 0
      vertex 42.5813 -10.9308 0
      vertex 42.6157 -11.032 0
    endloop
  endfacet
  facet normal 0 0 1
    outer loop
      vertex 44.6095 -10.0907 0
      vertex 42.567 -10.9016 0
      vertex 42.5813 -10.9308 0
    endloop
  endfacet
  facet normal 0 0 1
    outer loop
      vertex 41.4867 -9.64024 0
      vertex 43.0373 -8.04173 0
      vertex 42.4946 -7.67914 0
    endloop
  endfacet
  facet normal 0 0 1
    outer loop
      vertex 44.6095 -10.0907 0
      vertex 42.4867 -10.7388 0
      vertex 42.567 -10.9016 0
    endloop
  endfacet
  facet normal 0 0 1
    outer loop
      vertex 44.3209 -9.50535 0
      vertex 42.4651 -10.6951 0
      vertex 42.4867 -10.7388 0
    endloop
  endfacet
  facet normal 0 0 1
    outer loop
      vertex 44.3209 -9.50535 0
      vertex 42.4197 -10.603 0
      vertex 42.4651 -10.6951 0
    endloop
  endfacet
  facet normal 0 0 1
    outer loop
      vertex 44.3209 -9.50535 0
      vertex 42.3475 -10.4949 0
      vertex 42.4197 -10.603 0
    endloop
  endfacet
  facet normal 0 0 1
    outer loop
      vertex 43.9583 -8.96271 0
      vertex 42.2716 -10.3813 0
      vertex 42.3475 -10.4949 0
    endloop
  endfacet
  facet normal 0 0 1
    outer loop
      vertex 43.9583 -8.96271 0
      vertex 42.2166 -10.2991 0
      vertex 42.2716 -10.3813 0
    endloop
  endfacet
  facet normal 0 0 1
    outer loop
      vertex 43.9583 -8.96271 0
      vertex 42.186 -10.2641 0
      vertex 42.2166 -10.2991 0
    endloop
  endfacet
  facet normal 0 0 1
    outer loop
      vertex 43.9583 -8.96271 0
      vertex 42.051 -10.1102 0
      vertex 42.186 -10.2641 0
    endloop
  endfacet
  facet normal 0 0 1
    outer loop
      vertex 43.528 -8.47204 0
      vertex 42.0386 -10.0961 0
      vertex 42.051 -10.1102 0
    endloop
  endfacet
  facet normal 0 0 1
    outer loop
      vertex 43.528 -8.47204 0
      vertex 41.9757 -10.0243 0
      vertex 42.0386 -10.0961 0
    endloop
  endfacet
  facet normal 0 0 1
    outer loop
      vertex 41.3093 -9.53709 0
      vertex 42.4946 -7.67914 0
      vertex 41.9093 -7.39049 0
    endloop
  endfacet
  facet normal 0 0 1
    outer loop
      vertex 43.528 -8.47204 0
      vertex 41.8798 -9.94027 0
      vertex 41.9757 -10.0243 0
    endloop
  endfacet
  facet normal 0 0 1
    outer loop
      vertex 43.0373 -8.04173 0
      vertex 41.77 -9.84396 0
      vertex 41.8798 -9.94027 0
    endloop
  endfacet
  facet normal 0 0 1
    outer loop
      vertex 43.0373 -8.04173 0
      vertex 41.7009 -9.78337 0
      vertex 41.77 -9.84396 0
    endloop
  endfacet
  facet normal 0 0 1
    outer loop
      vertex 43.0373 -8.04173 0
      vertex 41.6599 -9.75595 0
      vertex 41.7009 -9.78337 0
    endloop
  endfacet
  facet normal 0 0 1
    outer loop
      vertex 43.0373 -8.04173 0
      vertex 41.4867 -9.64024 0
      vertex 41.6599 -9.75595 0
    endloop
  endfacet
  facet normal 0 0 1
    outer loop
      vertex 42.4946 -7.67914 0
      vertex 41.4713 -9.62995 0
      vertex 41.4867 -9.64024 0
    endloop
  endfacet
  facet normal 0 0 1
    outer loop
      vertex 42.4946 -7.67914 0
      vertex 41.397 -9.58032 0
      vertex 41.4713 -9.62995 0
    endloop
  endfacet
  facet normal 0 0 1
    outer loop
      vertex 42.4946 -7.67914 0
      vertex 41.3093 -9.53709 0
      vertex 41.397 -9.58032 0
    endloop
  endfacet
  facet normal 0 0 1
    outer loop
      vertex 40.8671 -9.35005 0
      vertex 41.9093 -7.39049 0
      vertex 41.2913 -7.18071 0
    endloop
  endfacet
  facet normal 0 0 1
    outer loop
      vertex 41.9093 -7.39049 0
      vertex 41.147 -9.45703 0
      vertex 41.3093 -9.53709 0
    endloop
  endfacet
  facet normal 0 0 1
    outer loop
      vertex 41.9093 -7.39049 0
      vertex 41.0692 -9.41868 0
      vertex 41.147 -9.45703 0
    endloop
  endfacet
  facet normal 0 0 1
    outer loop
      vertex 41.9093 -7.39049 0
      vertex 41.0566 -9.41437 0
      vertex 41.0692 -9.41868 0
    endloop
  endfacet
  facet normal 0 0 1
    outer loop
      vertex 41.9093 -7.39049 0
      vertex 40.8671 -9.35005 0
      vertex 41.0566 -9.41437 0
    endloop
  endfacet
  facet normal 0 0 1
    outer loop
      vertex 41.2913 -7.18071 0
      vertex 40.7864 -9.32266 0
      vertex 40.8671 -9.35005 0
    endloop
  endfacet
  facet normal 0 0 1
    outer loop
      vertex 41.2913 -7.18071 0
      vertex 40.7231 -9.3012 0
      vertex 40.7864 -9.32266 0
    endloop
  endfacet
  facet normal 0 0 1
    outer loop
      vertex 40.5861 -9.27392 0
      vertex 41.2913 -7.18071 0
      vertex 40.6512 -7.05339 0
    endloop
  endfacet
  facet normal 0 0 1
    outer loop
      vertex 41.2913 -7.18071 0
      vertex 40.5861 -9.27392 0
      vertex 40.7231 -9.3012 0
    endloop
  endfacet
  facet normal 0 0 1
    outer loop
      vertex 40.6512 -7.05339 0
      vertex 40.5033 -9.25746 0
      vertex 40.5861 -9.27392 0
    endloop
  endfacet
  facet normal 0 0 1
    outer loop
      vertex 40.6512 -7.05339 0
      vertex 40.3647 -9.2299 0
      vertex 40.5033 -9.25746 0
    endloop
  endfacet
  facet normal 0 0 1
    outer loop
      vertex 40.6512 -7.05339 0
      vertex 40.2955 -9.22535 0
      vertex 40.3647 -9.2299 0
    endloop
  endfacet
  facet normal 0 0 1
    outer loop
      vertex 40.6512 -7.05339 0
      vertex 40.2694 -9.22365 0
      vertex 40.2955 -9.22535 0
    endloop
  endfacet
  facet normal 0 0 1
    outer loop
      vertex 40.6512 -7.05339 0
      vertex 40.1857 -9.21816 0
      vertex 40.2694 -9.22365 0
    endloop
  endfacet
  facet normal 0 0 1
    outer loop
      vertex 40 -7.0107 0
      vertex 40.1857 -9.21816 0
      vertex 40.6512 -7.05339 0
    endloop
  endfacet
  facet normal 0 0 1
    outer loop
      vertex 40 -7.0107 0
      vertex 40 -9.20599 0
      vertex 40.1857 -9.21816 0
    endloop
  endfacet
  facet normal 0 0 1
    outer loop
      vertex 40 -7.0107 0
      vertex 39.8144 -9.21816 0
      vertex 40 -9.20599 0
    endloop
  endfacet
  facet normal -0 0 1
    outer loop
      vertex 39.3488 -7.05339 0
      vertex 39.8144 -9.21816 0
      vertex 40 -7.0107 0
    endloop
  endfacet
  facet normal 0 0 1
    outer loop
      vertex 39.8144 -9.21816 0
      vertex 39.3488 -7.05339 0
      vertex 39.7306 -9.22365 0
    endloop
  endfacet
  facet normal 0 0 1
    outer loop
      vertex 39.7306 -9.22365 0
      vertex 39.3488 -7.05339 0
      vertex 39.7046 -9.22535 0
    endloop
  endfacet
  facet normal 0 0 1
    outer loop
      vertex 39.7046 -9.22535 0
      vertex 39.3488 -7.05339 0
      vertex 39.6353 -9.2299 0
    endloop
  endfacet
  facet normal 0 0 1
    outer loop
      vertex 39.6353 -9.2299 0
      vertex 39.3488 -7.05339 0
      vertex 39.4967 -9.25746 0
    endloop
  endfacet
  facet normal 0 0 1
    outer loop
      vertex 39.4967 -9.25746 0
      vertex 39.3488 -7.05339 0
      vertex 39.414 -9.27392 0
    endloop
  endfacet
  facet normal -0 0 1
    outer loop
      vertex 38.7087 -7.18071 0
      vertex 39.414 -9.27392 0
      vertex 39.3488 -7.05339 0
    endloop
  endfacet
  facet normal 0 0 1
    outer loop
      vertex 39.414 -9.27392 0
      vertex 38.7087 -7.18071 0
      vertex 39.2769 -9.3012 0
    endloop
  endfacet
  facet normal 0 0 1
    outer loop
      vertex 39.2769 -9.3012 0
      vertex 38.7087 -7.18071 0
      vertex 39.2137 -9.32266 0
    endloop
  endfacet
  facet normal 0 0 1
    outer loop
      vertex 39.2137 -9.32266 0
      vertex 38.7087 -7.18071 0
      vertex 39.133 -9.35005 0
    endloop
  endfacet
  facet normal -0 0 1
    outer loop
      vertex 38.0907 -7.39049 0
      vertex 39.133 -9.35005 0
      vertex 38.7087 -7.18071 0
    endloop
  endfacet
  facet normal 0 0 1
    outer loop
      vertex 39.133 -9.35005 0
      vertex 38.0907 -7.39049 0
      vertex 38.9435 -9.41437 0
    endloop
  endfacet
  facet normal 0 0 1
    outer loop
      vertex 38.9435 -9.41437 0
      vertex 38.0907 -7.39049 0
      vertex 38.9308 -9.41868 0
    endloop
  endfacet
  facet normal 0 0 1
    outer loop
      vertex 38.9308 -9.41868 0
      vertex 38.0907 -7.39049 0
      vertex 38.8531 -9.45703 0
    endloop
  endfacet
  facet normal 0 0 1
    outer loop
      vertex 38.8531 -9.45703 0
      vertex 38.0907 -7.39049 0
      vertex 38.6907 -9.53709 0
    endloop
  endfacet
  facet normal -0 0 1
    outer loop
      vertex 37.5054 -7.67914 0
      vertex 38.6907 -9.53709 0
      vertex 38.0907 -7.39049 0
    endloop
  endfacet
  facet normal 0 0 1
    outer loop
      vertex 38.6907 -9.53709 0
      vertex 37.5054 -7.67914 0
      vertex 38.603 -9.58032 0
    endloop
  endfacet
  facet normal 0 0 1
    outer loop
      vertex 38.603 -9.58032 0
      vertex 37.5054 -7.67914 0
      vertex 38.5288 -9.62995 0
    endloop
  endfacet
  facet normal 0 0 1
    outer loop
      vertex 38.5288 -9.62995 0
      vertex 37.5054 -7.67914 0
      vertex 38.5133 -9.64024 0
    endloop
  endfacet
  facet normal -0 0 1
    outer loop
      vertex 36.9627 -8.04173 0
      vertex 38.5133 -9.64024 0
      vertex 37.5054 -7.67914 0
    endloop
  endfacet
  facet normal 0 0 1
    outer loop
      vertex 38.5133 -9.64024 0
      vertex 36.9627 -8.04173 0
      vertex 38.3402 -9.75595 0
    endloop
  endfacet
  facet normal 0 0 1
    outer loop
      vertex 38.3402 -9.75595 0
      vertex 36.9627 -8.04173 0
      vertex 38.2991 -9.78337 0
    endloop
  endfacet
  facet normal 0 0 1
    outer loop
      vertex 38.2991 -9.78337 0
      vertex 36.9627 -8.04173 0
      vertex 38.23 -9.84396 0
    endloop
  endfacet
  facet normal 0 0 1
    outer loop
      vertex 38.23 -9.84396 0
      vertex 36.9627 -8.04173 0
      vertex 38.1202 -9.94027 0
    endloop
  endfacet
  facet normal -0 0 1
    outer loop
      vertex 36.472 -8.47204 0
      vertex 38.1202 -9.94027 0
      vertex 36.9627 -8.04173 0
    endloop
  endfacet
  facet normal 0 0 1
    outer loop
      vertex 38.1202 -9.94027 0
      vertex 36.472 -8.47204 0
      vertex 38.0243 -10.0243 0
    endloop
  endfacet
  facet normal 0 0 1
    outer loop
      vertex 38.0243 -10.0243 0
      vertex 36.472 -8.47204 0
      vertex 37.9614 -10.0961 0
    endloop
  endfacet
  facet normal 0 0 1
    outer loop
      vertex 37.9614 -10.0961 0
      vertex 36.472 -8.47204 0
      vertex 37.9491 -10.1102 0
    endloop
  endfacet
  facet normal -0 0 1
    outer loop
      vertex 36.0417 -8.96271 0
      vertex 37.9491 -10.1102 0
      vertex 36.472 -8.47204 0
    endloop
  endfacet
  facet normal 0 0 1
    outer loop
      vertex 37.9491 -10.1102 0
      vertex 36.0417 -8.96271 0
      vertex 37.8141 -10.2641 0
    endloop
  endfacet
  facet normal 0 0 1
    outer loop
      vertex 37.8141 -10.2641 0
      vertex 36.0417 -8.96271 0
      vertex 37.7834 -10.2991 0
    endloop
  endfacet
  facet normal 0 0 1
    outer loop
      vertex 37.7834 -10.2991 0
      vertex 36.0417 -8.96271 0
      vertex 37.7285 -10.3813 0
    endloop
  endfacet
  facet normal 0 0 1
    outer loop
      vertex 37.7285 -10.3813 0
      vertex 36.0417 -8.96271 0
      vertex 37.6525 -10.4949 0
    endloop
  endfacet
  facet normal -0 0 1
    outer loop
      vertex 35.6791 -9.50535 0
      vertex 37.6525 -10.4949 0
      vertex 36.0417 -8.96271 0
    endloop
  endfacet
  facet normal 0 0 1
    outer loop
      vertex 37.6525 -10.4949 0
      vertex 35.6791 -9.50535 0
      vertex 37.5803 -10.603 0
    endloop
  endfacet
  facet normal 0 0 1
    outer loop
      vertex 37.5803 -10.603 0
      vertex 35.6791 -9.50535 0
      vertex 37.5349 -10.6951 0
    endloop
  endfacet
  facet normal 0 0 1
    outer loop
      vertex 37.5349 -10.6951 0
      vertex 35.6791 -9.50535 0
      vertex 37.5134 -10.7388 0
    endloop
  endfacet
  facet normal -0 0 1
    outer loop
      vertex 35.3905 -10.0907 0
      vertex 37.5134 -10.7388 0
      vertex 35.6791 -9.50535 0
    endloop
  endfacet
  facet normal 0 0 1
    outer loop
      vertex 37.5134 -10.7388 0
      vertex 35.3905 -10.0907 0
      vertex 37.4331 -10.9016 0
    endloop
  endfacet
  facet normal 0 0 1
    outer loop
      vertex 37.4331 -10.9016 0
      vertex 35.3905 -10.0907 0
      vertex 37.4187 -10.9308 0
    endloop
  endfacet
  facet normal 0 0 1
    outer loop
      vertex 37.4187 -10.9308 0
      vertex 35.3905 -10.0907 0
      vertex 37.3844 -11.032 0
    endloop
  endfacet
  facet normal -0 0 1
    outer loop
      vertex 35.1807 -10.7087 0
      vertex 37.3337 -11.1811 0
      vertex 35.3905 -10.0907 0
    endloop
  endfacet
  facet normal 0 0 1
    outer loop
      vertex 37.3844 -11.032 0
      vertex 35.3905 -10.0907 0
      vertex 37.3337 -11.1811 0
    endloop
  endfacet
  facet normal -0 0 1
    outer loop
      vertex 42.4197 -13.397 0
      vertex 44.3209 -14.4946 0
      vertex 42.5813 -13.0692 0
    endloop
  endfacet
  facet normal 0 0 1
    outer loop
      vertex 44.3209 -14.4946 0
      vertex 42.4197 -13.397 0
      vertex 43.9583 -15.0373 0
    endloop
  endfacet
  facet normal -0 0 1
    outer loop
      vertex 42.2166 -13.7009 0
      vertex 43.9583 -15.0373 0
      vertex 42.4197 -13.397 0
    endloop
  endfacet
  facet normal 0 0 1
    outer loop
      vertex 43.9583 -15.0373 0
      vertex 42.2166 -13.7009 0
      vertex 43.528 -15.528 0
    endloop
  endfacet
  facet normal -0 0 1
    outer loop
      vertex 41.9757 -13.9757 0
      vertex 43.528 -15.528 0
      vertex 42.2166 -13.7009 0
    endloop
  endfacet
  facet normal 0 0 1
    outer loop
      vertex 43.528 -15.528 0
      vertex 41.9757 -13.9757 0
      vertex 43.0373 -15.9583 0
    endloop
  endfacet
  facet normal -0 0 1
    outer loop
      vertex 41.7009 -14.2166 0
      vertex 43.0373 -15.9583 0
      vertex 41.9757 -13.9757 0
    endloop
  endfacet
  facet normal 0 0 1
    outer loop
      vertex 43.0373 -15.9583 0
      vertex 41.7009 -14.2166 0
      vertex 42.4946 -16.3209 0
    endloop
  endfacet
  facet normal -0 0 1
    outer loop
      vertex 41.397 -14.4197 0
      vertex 42.4946 -16.3209 0
      vertex 41.7009 -14.2166 0
    endloop
  endfacet
  facet normal 0 0 1
    outer loop
      vertex 42.4946 -16.3209 0
      vertex 41.397 -14.4197 0
      vertex 41.9093 -16.6095 0
    endloop
  endfacet
  facet normal -0 0 1
    outer loop
      vertex 41.0692 -14.5813 0
      vertex 41.9093 -16.6095 0
      vertex 41.397 -14.4197 0
    endloop
  endfacet
  facet normal 0 0 1
    outer loop
      vertex 41.9093 -16.6095 0
      vertex 41.0692 -14.5813 0
      vertex 41.2913 -16.8193 0
    endloop
  endfacet
  facet normal -0 0 1
    outer loop
      vertex 40.7231 -14.6988 0
      vertex 41.2913 -16.8193 0
      vertex 41.0692 -14.5813 0
    endloop
  endfacet
  facet normal 0 0 1
    outer loop
      vertex 40.7231 -14.6988 0
      vertex 40.6512 -16.9466 0
      vertex 41.2913 -16.8193 0
    endloop
  endfacet
  facet normal -0 0 1
    outer loop
      vertex 40.3647 -14.7701 0
      vertex 40.6512 -16.9466 0
      vertex 40.7231 -14.6988 0
    endloop
  endfacet
  facet normal -0 0 1
    outer loop
      vertex 40 -14.794 0
      vertex 40.6512 -16.9466 0
      vertex 40.3647 -14.7701 0
    endloop
  endfacet
  facet normal 0 0 1
    outer loop
      vertex 40 -14.794 0
      vertex 40 -16.9893 0
      vertex 40.6512 -16.9466 0
    endloop
  endfacet
  facet normal 0 0 1
    outer loop
      vertex 39.6353 -14.7701 0
      vertex 40 -16.9893 0
      vertex 40 -14.794 0
    endloop
  endfacet
  facet normal 0 0 1
    outer loop
      vertex 39.6353 -14.7701 0
      vertex 39.3488 -16.9466 0
      vertex 40 -16.9893 0
    endloop
  endfacet
  facet normal 0 0 1
    outer loop
      vertex 39.2769 -14.6988 0
      vertex 39.3488 -16.9466 0
      vertex 39.6353 -14.7701 0
    endloop
  endfacet
  facet normal 0 0 1
    outer loop
      vertex 38.7087 -16.8193 0
      vertex 39.2769 -14.6988 0
      vertex 38.9308 -14.5813 0
    endloop
  endfacet
  facet normal 0 0 1
    outer loop
      vertex 39.2769 -14.6988 0
      vertex 38.7087 -16.8193 0
      vertex 39.3488 -16.9466 0
    endloop
  endfacet
  facet normal 0 0 1
    outer loop
      vertex 38.0907 -16.6095 0
      vertex 38.9308 -14.5813 0
      vertex 38.603 -14.4197 0
    endloop
  endfacet
  facet normal 0 0 1
    outer loop
      vertex 37.5054 -16.3209 0
      vertex 38.603 -14.4197 0
      vertex 38.2991 -14.2166 0
    endloop
  endfacet
  facet normal 0 0 1
    outer loop
      vertex 38.9308 -14.5813 0
      vertex 38.0907 -16.6095 0
      vertex 38.7087 -16.8193 0
    endloop
  endfacet
  facet normal 0 0 1
    outer loop
      vertex 36.9627 -15.9583 0
      vertex 38.2991 -14.2166 0
      vertex 38.0243 -13.9757 0
    endloop
  endfacet
  facet normal 0 0 1
    outer loop
      vertex 36.472 -15.528 0
      vertex 38.0243 -13.9757 0
      vertex 37.7834 -13.7009 0
    endloop
  endfacet
  facet normal 0 0 1
    outer loop
      vertex 36.0417 -15.0373 0
      vertex 37.7834 -13.7009 0
      vertex 37.5803 -13.397 0
    endloop
  endfacet
  facet normal 0 0 1
    outer loop
      vertex 38.603 -14.4197 0
      vertex 37.5054 -16.3209 0
      vertex 38.0907 -16.6095 0
    endloop
  endfacet
  facet normal 0 0 1
    outer loop
      vertex 35.6791 -14.4946 0
      vertex 37.5803 -13.397 0
      vertex 37.4187 -13.0692 0
    endloop
  endfacet
  facet normal 0 0 1
    outer loop
      vertex 35.3905 -13.9093 0
      vertex 37.4187 -13.0692 0
      vertex 37.3012 -12.7231 0
    endloop
  endfacet
  facet normal 0 0 1
    outer loop
      vertex 35.1807 -13.2913 0
      vertex 37.3012 -12.7231 0
      vertex 37.2299 -12.3647 0
    endloop
  endfacet
  facet normal 0 0 1
    outer loop
      vertex 38.2991 -14.2166 0
      vertex 36.9627 -15.9583 0
      vertex 37.5054 -16.3209 0
    endloop
  endfacet
  facet normal 0 0 1
    outer loop
      vertex 35.0534 -12.6512 0
      vertex 37.2299 -12.3647 0
      vertex 37.206 -12 0
    endloop
  endfacet
  facet normal 0 0 1
    outer loop
      vertex 37.3337 -11.1811 0
      vertex 35.1807 -10.7087 0
      vertex 37.3012 -11.2769 0
    endloop
  endfacet
  facet normal 0 0 1
    outer loop
      vertex 37.3012 -11.2769 0
      vertex 35.1807 -10.7087 0
      vertex 37.2846 -11.3605 0
    endloop
  endfacet
  facet normal 0 0 1
    outer loop
      vertex 38.0243 -13.9757 0
      vertex 36.472 -15.528 0
      vertex 36.9627 -15.9583 0
    endloop
  endfacet
  facet normal 0 0 1
    outer loop
      vertex 37.2846 -11.3605 0
      vertex 35.1807 -10.7087 0
      vertex 37.2629 -11.4694 0
    endloop
  endfacet
  facet normal 0 0 1
    outer loop
      vertex 37.7834 -13.7009 0
      vertex 36.0417 -15.0373 0
      vertex 36.472 -15.528 0
    endloop
  endfacet
  facet normal -0 0 1
    outer loop
      vertex 35.0534 -11.3488 0
      vertex 37.2629 -11.4694 0
      vertex 35.1807 -10.7087 0
    endloop
  endfacet
  facet normal 0 0 1
    outer loop
      vertex 37.5803 -13.397 0
      vertex 35.6791 -14.4946 0
      vertex 36.0417 -15.0373 0
    endloop
  endfacet
  facet normal 0 0 1
    outer loop
      vertex 37.2629 -11.4694 0
      vertex 35.0534 -11.3488 0
      vertex 37.2299 -11.6353 0
    endloop
  endfacet
  facet normal 0 0 1
    outer loop
      vertex 37.4187 -13.0692 0
      vertex 35.3905 -13.9093 0
      vertex 35.6791 -14.4946 0
    endloop
  endfacet
  facet normal 0 0 1
    outer loop
      vertex 37.2299 -11.6353 0
      vertex 35.0534 -11.3488 0
      vertex 37.206 -12 0
    endloop
  endfacet
  facet normal 0 0 1
    outer loop
      vertex 37.3012 -12.7231 0
      vertex 35.1807 -13.2913 0
      vertex 35.3905 -13.9093 0
    endloop
  endfacet
  facet normal 0 0 1
    outer loop
      vertex 35.0107 -12 0
      vertex 37.206 -12 0
      vertex 35.0534 -11.3488 0
    endloop
  endfacet
  facet normal 0 0 1
    outer loop
      vertex 37.2299 -12.3647 0
      vertex 35.0534 -12.6512 0
      vertex 35.1807 -13.2913 0
    endloop
  endfacet
  facet normal 0 0 1
    outer loop
      vertex 37.206 -12 0
      vertex 35.0107 -12 0
      vertex 35.0534 -12.6512 0
    endloop
  endfacet
endsolid OpenSCAD_Model
